Title,Author,Date,Summary,Processed_text,Summary_lower,Summary_clean,Tokens,Tokens_no_stop,Lemma
Gravity Seems Holographic. What Does That Mean for Reality?,Charlie Wood,"September 25, 2026",The biggest breakthrough in modern theoretical physics is the discovery that gravity can collapse the dimensions of space. Physicists don’t yet understand the implications.,biggest breakthrough modern theoretical physic discovery gravity collapse dimension space physicist yet understand implication,the biggest breakthrough in modern theoretical physics is the discovery that gravity can collapse the dimensions of space. physicists don’t yet understand the implications.,the biggest breakthrough in modern theoretical physics is the discovery that gravity can collapse the dimensions of space physicists don t yet understand the implications,"['the', 'biggest', 'breakthrough', 'in', 'modern', 'theoretical', 'physics', 'is', 'the', 'discovery', 'that', 'gravity', 'can', 'collapse', 'the', 'dimensions', 'of', 'space', 'physicists', 'don', 't', 'yet', 'understand', 'the', 'implications']","['biggest', 'breakthrough', 'modern', 'theoretical', 'physics', 'discovery', 'gravity', 'collapse', 'dimensions', 'space', 'physicists', 'yet', 'understand', 'implications']","['biggest', 'breakthrough', 'modern', 'theoretical', 'physic', 'discovery', 'gravity', 'collapse', 'dimension', 'space', 'physicist', 'yet', 'understand', 'implication']"
"Biology Might Not Be Quantum, but Its Math Is Quantumlike",Elise Cutts,"September 23, 2026",Scientists have a history of trying — and failing — to link biology and quantum mechanics. The real connection between them may be in the math.,scientist history trying failing link biology quantum mechanic real connection may math,scientists have a history of trying — and failing — to link biology and quantum mechanics. the real connection between them may be in the math.,scientists have a history of trying and failing to link biology and quantum mechanics the real connection between them may be in the math,"['scientists', 'have', 'a', 'history', 'of', 'trying', 'and', 'failing', 'to', 'link', 'biology', 'and', 'quantum', 'mechanics', 'the', 'real', 'connection', 'between', 'them', 'may', 'be', 'in', 'the', 'math']","['scientists', 'history', 'trying', 'failing', 'link', 'biology', 'quantum', 'mechanics', 'real', 'connection', 'may', 'math']","['scientist', 'history', 'trying', 'failing', 'link', 'biology', 'quantum', 'mechanic', 'real', 'connection', 'may', 'math']"
Where Does the Quantum World End and Ours Begin?,Steven Strogatz,"September 17, 2026",Jonathan Halliwell explains how quantum decoherence is key to understanding how we transition from a world with a wave-like nature of matter and energy to the classical macroscopic world that we’re used to.,jonathan halliwell explains quantum decoherence key understanding transition world wave like nature matter energy classical macroscopic world used,jonathan halliwell explains how quantum decoherence is key to understanding how we transition from a world with a wave-like nature of matter and energy to the classical macroscopic world that we’re used to.,jonathan halliwell explains how quantum decoherence is key to understanding how we transition from a world with a wave like nature of matter and energy to the classical macroscopic world that we re used to,"['jonathan', 'halliwell', 'explains', 'how', 'quantum', 'decoherence', 'is', 'key', 'to', 'understanding', 'how', 'we', 'transition', 'from', 'a', 'world', 'with', 'a', 'wave', 'like', 'nature', 'of', 'matter', 'and', 'energy', 'to', 'the', 'classical', 'macroscopic', 'world', 'that', 'we', 're', 'used', 'to']","['jonathan', 'halliwell', 'explains', 'quantum', 'decoherence', 'key', 'understanding', 'transition', 'world', 'wave', 'like', 'nature', 'matter', 'energy', 'classical', 'macroscopic', 'world', 'used']","['jonathan', 'halliwell', 'explains', 'quantum', 'decoherence', 'key', 'understanding', 'transition', 'world', 'wave', 'like', 'nature', 'matter', 'energy', 'classical', 'macroscopic', 'world', 'used']"
Black Holes or Black Hole Stars? Astronomers Spar Over Webb Telescope’s ‘Little Red Dots.’,Charlie Wood,"September 14, 2026",The James Webb Space Telescope spots mysterious “little red dots” everywhere. A bold new theory suggests they’re suns dozens of times larger than our entire solar system.,james webb space telescope spot mysterious little red dot everywhere bold new theory suggests sun dozen time larger entire solar system,the james webb space telescope spots mysterious “little red dots” everywhere. a bold new theory suggests they’re suns dozens of times larger than our entire solar system.,the james webb space telescope spots mysterious little red dots everywhere a bold new theory suggests they re suns dozens of times larger than our entire solar system,"['the', 'james', 'webb', 'space', 'telescope', 'spots', 'mysterious', 'little', 'red', 'dots', 'everywhere', 'a', 'bold', 'new', 'theory', 'suggests', 'they', 're', 'suns', 'dozens', 'of', 'times', 'larger', 'than', 'our', 'entire', 'solar', 'system']","['james', 'webb', 'space', 'telescope', 'spots', 'mysterious', 'little', 'red', 'dots', 'everywhere', 'bold', 'new', 'theory', 'suggests', 'suns', 'dozens', 'times', 'larger', 'entire', 'solar', 'system']","['james', 'webb', 'space', 'telescope', 'spot', 'mysterious', 'little', 'red', 'dot', 'everywhere', 'bold', 'new', 'theory', 'suggests', 'sun', 'dozen', 'time', 'larger', 'entire', 'solar', 'system']"
"In Hilbert Space, All Things Are Quantumly Possible",Charlie Wood,"August 26, 2026","To explore quantum phenomena, we must leave the familiar world and enter the abstract realm of Hilbert space.",explore quantum phenomenon must leave familiar world enter abstract realm hilbert space,"to explore quantum phenomena, we must leave the familiar world and enter the abstract realm of hilbert space.",to explore quantum phenomena we must leave the familiar world and enter the abstract realm of hilbert space,"['to', 'explore', 'quantum', 'phenomena', 'we', 'must', 'leave', 'the', 'familiar', 'world', 'and', 'enter', 'the', 'abstract', 'realm', 'of', 'hilbert', 'space']","['explore', 'quantum', 'phenomena', 'must', 'leave', 'familiar', 'world', 'enter', 'abstract', 'realm', 'hilbert', 'space']","['explore', 'quantum', 'phenomenon', 'must', 'leave', 'familiar', 'world', 'enter', 'abstract', 'realm', 'hilbert', 'space']"
"Building a Quantum Computer, One Fragile Qubit at a Time",Ben Brubaker,"August 19, 2026","No one yet knows which technology will power the quantum computers of the future, but the race to create them has already produced some of science’s most intricate machinery.",no one yet know technology power quantum computer future race create already produced science intricate machinery,"no one yet knows which technology will power the quantum computers of the future, but the race to create them has already produced some of science’s most intricate machinery.",no one yet knows which technology will power the quantum computers of the future but the race to create them has already produced some of science s most intricate machinery,"['no', 'one', 'yet', 'knows', 'which', 'technology', 'will', 'power', 'the', 'quantum', 'computers', 'of', 'the', 'future', 'but', 'the', 'race', 'to', 'create', 'them', 'has', 'already', 'produced', 'some', 'of', 'science', 's', 'most', 'intricate', 'machinery']","['no', 'one', 'yet', 'knows', 'technology', 'power', 'quantum', 'computers', 'future', 'race', 'create', 'already', 'produced', 'science', 'intricate', 'machinery']","['no', 'one', 'yet', 'know', 'technology', 'power', 'quantum', 'computer', 'future', 'race', 'create', 'already', 'produced', 'science', 'intricate', 'machinery']"
Theory of Fluids Enters the 21st Century,Charlie Wood,"August 17, 2026","From the 1800s to the early 2000s, physicists used the same theory to understand the behavior of fluids. Now, using a modern insight, they have redefined fluids from the bottom up.",early physicist used theory understand behavior fluid using modern insight redefined fluid bottom,"from the 1800s to the early 2000s, physicists used the same theory to understand the behavior of fluids. now, using a modern insight, they have redefined fluids from the bottom up.",from the s to the early s physicists used the same theory to understand the behavior of fluids now using a modern insight they have redefined fluids from the bottom up,"['from', 'the', 's', 'to', 'the', 'early', 's', 'physicists', 'used', 'the', 'same', 'theory', 'to', 'understand', 'the', 'behavior', 'of', 'fluids', 'now', 'using', 'a', 'modern', 'insight', 'they', 'have', 'redefined', 'fluids', 'from', 'the', 'bottom', 'up']","['early', 'physicists', 'used', 'theory', 'understand', 'behavior', 'fluids', 'using', 'modern', 'insight', 'redefined', 'fluids', 'bottom']","['early', 'physicist', 'used', 'theory', 'understand', 'behavior', 'fluid', 'using', 'modern', 'insight', 'redefined', 'fluid', 'bottom']"
Neutrinos From Deep Inside Earth Provide a New Picture of the Mantle,James Dinneen,"August 7, 2026",A global constellation of neutrino detectors is creating a never-before-seen view of the radioactive elements that power Earth’s tectonic heat engine.,global constellation neutrino detector creating never seen view radioactive element power earth tectonic heat engine,a global constellation of neutrino detectors is creating a never-before-seen view of the radioactive elements that power earth’s tectonic heat engine.,a global constellation of neutrino detectors is creating a never before seen view of the radioactive elements that power earth s tectonic heat engine,"['a', 'global', 'constellation', 'of', 'neutrino', 'detectors', 'is', 'creating', 'a', 'never', 'before', 'seen', 'view', 'of', 'the', 'radioactive', 'elements', 'that', 'power', 'earth', 's', 'tectonic', 'heat', 'engine']","['global', 'constellation', 'neutrino', 'detectors', 'creating', 'never', 'seen', 'view', 'radioactive', 'elements', 'power', 'earth', 'tectonic', 'heat', 'engine']","['global', 'constellation', 'neutrino', 'detector', 'creating', 'never', 'seen', 'view', 'radioactive', 'element', 'power', 'earth', 'tectonic', 'heat', 'engine']"
"Physicists Solve a Big Quantum Mystery. Now, Old Results Don’t Add Up.",Matt von Hippel,"July 29, 2026",New calculations seem to have put a 25-year-old particle physics puzzle to rest. But they’ve also created a clash with other experimental results.,new calculation seem put year old particle physic puzzle rest also created clash experimental result,new calculations seem to have put a 25-year-old particle physics puzzle to rest. but they’ve also created a clash with other experimental results.,new calculations seem to have put a year old particle physics puzzle to rest but they ve also created a clash with other experimental results,"['new', 'calculations', 'seem', 'to', 'have', 'put', 'a', 'year', 'old', 'particle', 'physics', 'puzzle', 'to', 'rest', 'but', 'they', 've', 'also', 'created', 'a', 'clash', 'with', 'other', 'experimental', 'results']","['new', 'calculations', 'seem', 'put', 'year', 'old', 'particle', 'physics', 'puzzle', 'rest', 'also', 'created', 'clash', 'experimental', 'results']","['new', 'calculation', 'seem', 'put', 'year', 'old', 'particle', 'physic', 'puzzle', 'rest', 'also', 'created', 'clash', 'experimental', 'result']"
How Fast Is the Universe Really Expanding?,Steven Strogatz,"July 23, 2026",One of the most contested issues in astrophysics is our understanding of the Universe’s expansion. Adam Riess discusses why there is disagreement and what might resolve it.,one contested issue astrophysics understanding universe expansion adam riess discusses disagreement might resolve,one of the most contested issues in astrophysics is our understanding of the universe’s expansion. adam riess discusses why there is disagreement and what might resolve it.,one of the most contested issues in astrophysics is our understanding of the universe s expansion adam riess discusses why there is disagreement and what might resolve it,"['one', 'of', 'the', 'most', 'contested', 'issues', 'in', 'astrophysics', 'is', 'our', 'understanding', 'of', 'the', 'universe', 's', 'expansion', 'adam', 'riess', 'discusses', 'why', 'there', 'is', 'disagreement', 'and', 'what', 'might', 'resolve', 'it']","['one', 'contested', 'issues', 'astrophysics', 'understanding', 'universe', 'expansion', 'adam', 'riess', 'discusses', 'disagreement', 'might', 'resolve']","['one', 'contested', 'issue', 'astrophysics', 'understanding', 'universe', 'expansion', 'adam', 'riess', 'discusses', 'disagreement', 'might', 'resolve']"
Thermodynamic Computers Go With the (Energy) Flow,Philip Ball,"July 15, 2026",Today’s computers need safeguards against random energy fluctuations. Thermodynamic computers would put those fluctuations to use.,today computer need safeguard random energy fluctuation thermodynamic computer would put fluctuation use,today’s computers need safeguards against random energy fluctuations. thermodynamic computers would put those fluctuations to use.,today s computers need safeguards against random energy fluctuations thermodynamic computers would put those fluctuations to use,"['today', 's', 'computers', 'need', 'safeguards', 'against', 'random', 'energy', 'fluctuations', 'thermodynamic', 'computers', 'would', 'put', 'those', 'fluctuations', 'to', 'use']","['today', 'computers', 'need', 'safeguards', 'random', 'energy', 'fluctuations', 'thermodynamic', 'computers', 'would', 'put', 'fluctuations', 'use']","['today', 'computer', 'need', 'safeguard', 'random', 'energy', 'fluctuation', 'thermodynamic', 'computer', 'would', 'put', 'fluctuation', 'use']"
"We Know Simple Fluids Can Flow. Turns Out, Some Can Fracture.",Rohini Subrahmanyam,"July 10, 2026",Researchers thought that what enabled complex fluids to break apart was their elasticity. But a crack in a nonelastic simple fluid has them questioning that idea.,researcher thought enabled complex fluid break apart elasticity crack nonelastic simple fluid questioning idea,researchers thought that what enabled complex fluids to break apart was their elasticity. but a crack in a nonelastic simple fluid has them questioning that idea.,researchers thought that what enabled complex fluids to break apart was their elasticity but a crack in a nonelastic simple fluid has them questioning that idea,"['researchers', 'thought', 'that', 'what', 'enabled', 'complex', 'fluids', 'to', 'break', 'apart', 'was', 'their', 'elasticity', 'but', 'a', 'crack', 'in', 'a', 'nonelastic', 'simple', 'fluid', 'has', 'them', 'questioning', 'that', 'idea']","['researchers', 'thought', 'enabled', 'complex', 'fluids', 'break', 'apart', 'elasticity', 'crack', 'nonelastic', 'simple', 'fluid', 'questioning', 'idea']","['researcher', 'thought', 'enabled', 'complex', 'fluid', 'break', 'apart', 'elasticity', 'crack', 'nonelastic', 'simple', 'fluid', 'questioning', 'idea']"
Astrophysicists Puzzle Over Webb’s New Universe,Jay Bennett,"July 2, 2026","Faced with observations of early black holes and galaxies that weren’t expected to exist, scientists have come up with a wealth of new theories to explain them. Now they just need to figure out which ones are true.",faced observation early black hole galaxy expected exist scientist come wealth new theory explain need figure one true,"faced with observations of early black holes and galaxies that weren’t expected to exist, scientists have come up with a wealth of new theories to explain them. now they just need to figure out which ones are true.",faced with observations of early black holes and galaxies that weren t expected to exist scientists have come up with a wealth of new theories to explain them now they just need to figure out which ones are true,"['faced', 'with', 'observations', 'of', 'early', 'black', 'holes', 'and', 'galaxies', 'that', 'weren', 't', 'expected', 'to', 'exist', 'scientists', 'have', 'come', 'up', 'with', 'a', 'wealth', 'of', 'new', 'theories', 'to', 'explain', 'them', 'now', 'they', 'just', 'need', 'to', 'figure', 'out', 'which', 'ones', 'are', 'true']","['faced', 'observations', 'early', 'black', 'holes', 'galaxies', 'expected', 'exist', 'scientists', 'come', 'wealth', 'new', 'theories', 'explain', 'need', 'figure', 'ones', 'true']","['faced', 'observation', 'early', 'black', 'hole', 'galaxy', 'expected', 'exist', 'scientist', 'come', 'wealth', 'new', 'theory', 'explain', 'need', 'figure', 'one', 'true']"
How Physicists Track and Trap the Elusive Neutrino,Simon Frantz,"June 24, 2026",The hunt for these ghostly particles has required some of the most audacious experimental setups ever built.,hunt ghostly particle required audacious experimental setup ever built,the hunt for these ghostly particles has required some of the most audacious experimental setups ever built.,the hunt for these ghostly particles has required some of the most audacious experimental setups ever built,"['the', 'hunt', 'for', 'these', 'ghostly', 'particles', 'has', 'required', 'some', 'of', 'the', 'most', 'audacious', 'experimental', 'setups', 'ever', 'built']","['hunt', 'ghostly', 'particles', 'required', 'audacious', 'experimental', 'setups', 'ever', 'built']","['hunt', 'ghostly', 'particle', 'required', 'audacious', 'experimental', 'setup', 'ever', 'built']"
A Dark Dimension Could Link Two of the Universe’s Great Unknowns,Steve Nadis,"June 22, 2026","Recent observations suggest that dark energy is changing over time. Theorists wonder if dark matter is, too.",recent observation suggest dark energy changing time theorist wonder dark matter,"recent observations suggest that dark energy is changing over time. theorists wonder if dark matter is, too.",recent observations suggest that dark energy is changing over time theorists wonder if dark matter is too,"['recent', 'observations', 'suggest', 'that', 'dark', 'energy', 'is', 'changing', 'over', 'time', 'theorists', 'wonder', 'if', 'dark', 'matter', 'is', 'too']","['recent', 'observations', 'suggest', 'dark', 'energy', 'changing', 'time', 'theorists', 'wonder', 'dark', 'matter']","['recent', 'observation', 'suggest', 'dark', 'energy', 'changing', 'time', 'theorist', 'wonder', 'dark', 'matter']"
"How Many Elementary Particles Are There, Really?",Natalie Wolchover,"June 15, 2026",Plausible answers range from 17 to — in all seriousness — 995.5.,plausible answer range seriousness,plausible answers range from 17 to — in all seriousness — 995.5.,plausible answers range from to in all seriousness,"['plausible', 'answers', 'range', 'from', 'to', 'in', 'all', 'seriousness']","['plausible', 'answers', 'range', 'seriousness']","['plausible', 'answer', 'range', 'seriousness']"
Where Did Earth Get Its Oceans? Maybe It Made Them Itself.,Robin George Andrews,"June 12, 2026","At first, scientists thought Earth’s water came from comets. Then, asteroids. Now, they wonder if Earth’s water is homegrown.",first scientist thought earth water came comet asteroid wonder earth water homegrown,"at first, scientists thought earth’s water came from comets. then, asteroids. now, they wonder if earth’s water is homegrown.",at first scientists thought earth s water came from comets then asteroids now they wonder if earth s water is homegrown,"['at', 'first', 'scientists', 'thought', 'earth', 's', 'water', 'came', 'from', 'comets', 'then', 'asteroids', 'now', 'they', 'wonder', 'if', 'earth', 's', 'water', 'is', 'homegrown']","['first', 'scientists', 'thought', 'earth', 'water', 'came', 'comets', 'asteroids', 'wonder', 'earth', 'water', 'homegrown']","['first', 'scientist', 'thought', 'earth', 'water', 'came', 'comet', 'asteroid', 'wonder', 'earth', 'water', 'homegrown']"
Entanglement Builds Space-Time. Now “Magic” Gives It Gravity.,Charlie Wood,"June 3, 2026","In holographic theories, physicists may have traced the pliability of space-time to its quantum roots: a measure of quantumness known as “magic.”",holographic theory physicist may traced pliability space time quantum root measure quantumness known magic,"in holographic theories, physicists may have traced the pliability of space-time to its quantum roots: a measure of quantumness known as “magic.”",in holographic theories physicists may have traced the pliability of space time to its quantum roots a measure of quantumness known as magic,"['in', 'holographic', 'theories', 'physicists', 'may', 'have', 'traced', 'the', 'pliability', 'of', 'space', 'time', 'to', 'its', 'quantum', 'roots', 'a', 'measure', 'of', 'quantumness', 'known', 'as', 'magic']","['holographic', 'theories', 'physicists', 'may', 'traced', 'pliability', 'space', 'time', 'quantum', 'roots', 'measure', 'quantumness', 'known', 'magic']","['holographic', 'theory', 'physicist', 'may', 'traced', 'pliability', 'space', 'time', 'quantum', 'root', 'measure', 'quantumness', 'known', 'magic']"
"How We See the Beautiful, Violent Sun",Simon Frantz,"May 28, 2026","Over hundreds of years, increasingly sophisticated instruments have revealed — and continue to reveal — the secrets of our star.",hundred year increasingly sophisticated instrument revealed continue reveal secret star,"over hundreds of years, increasingly sophisticated instruments have revealed — and continue to reveal — the secrets of our star.",over hundreds of years increasingly sophisticated instruments have revealed and continue to reveal the secrets of our star,"['over', 'hundreds', 'of', 'years', 'increasingly', 'sophisticated', 'instruments', 'have', 'revealed', 'and', 'continue', 'to', 'reveal', 'the', 'secrets', 'of', 'our', 'star']","['hundreds', 'years', 'increasingly', 'sophisticated', 'instruments', 'revealed', 'continue', 'reveal', 'secrets', 'star']","['hundred', 'year', 'increasingly', 'sophisticated', 'instrument', 'revealed', 'continue', 'reveal', 'secret', 'star']"
When Quiet Undersea Volcanoes Turn Disruptive,Evan Howell,"May 26, 2026","Earth’s largest volcanic system, hidden in mountain chains under the sea, has long been assumed to erupt only quietly. The shallow seafloor off Iceland tells another story.",earth largest volcanic system hidden mountain chain sea long assumed erupt quietly shallow seafloor iceland tell another story,"earth’s largest volcanic system, hidden in mountain chains under the sea, has long been assumed to erupt only quietly. the shallow seafloor off iceland tells another story.",earth s largest volcanic system hidden in mountain chains under the sea has long been assumed to erupt only quietly the shallow seafloor off iceland tells another story,"['earth', 's', 'largest', 'volcanic', 'system', 'hidden', 'in', 'mountain', 'chains', 'under', 'the', 'sea', 'has', 'long', 'been', 'assumed', 'to', 'erupt', 'only', 'quietly', 'the', 'shallow', 'seafloor', 'off', 'iceland', 'tells', 'another', 'story']","['earth', 'largest', 'volcanic', 'system', 'hidden', 'mountain', 'chains', 'sea', 'long', 'assumed', 'erupt', 'quietly', 'shallow', 'seafloor', 'iceland', 'tells', 'another', 'story']","['earth', 'largest', 'volcanic', 'system', 'hidden', 'mountain', 'chain', 'sea', 'long', 'assumed', 'erupt', 'quietly', 'shallow', 'seafloor', 'iceland', 'tell', 'another', 'story']"
"Rubin Tracks Skyscraper-Size Asteroids, Failed Supernovas, and Interstellar Visitors",Jonathan O'Callaghan,"May 15, 2026","Astronomers are preparing for a new era of big-data astronomy, and results are already starting to arrive.",astronomer preparing new era big data astronomy result already starting arrive,"astronomers are preparing for a new era of big-data astronomy, and results are already starting to arrive.",astronomers are preparing for a new era of big data astronomy and results are already starting to arrive,"['astronomers', 'are', 'preparing', 'for', 'a', 'new', 'era', 'of', 'big', 'data', 'astronomy', 'and', 'results', 'are', 'already', 'starting', 'to', 'arrive']","['astronomers', 'preparing', 'new', 'era', 'big', 'data', 'astronomy', 'results', 'already', 'starting', 'arrive']","['astronomer', 'preparing', 'new', 'era', 'big', 'data', 'astronomy', 'result', 'already', 'starting', 'arrive']"
Will We Ever Be Able To Forecast Volcanic Eruptions Like Weather?,Robin George Andrews,"May 8, 2026","It should be possible, but getting there will require a greater understanding of subsurface physics.",possible getting require greater understanding subsurface physic,"it should be possible, but getting there will require a greater understanding of subsurface physics.",it should be possible but getting there will require a greater understanding of subsurface physics,"['it', 'should', 'be', 'possible', 'but', 'getting', 'there', 'will', 'require', 'a', 'greater', 'understanding', 'of', 'subsurface', 'physics']","['possible', 'getting', 'require', 'greater', 'understanding', 'subsurface', 'physics']","['possible', 'getting', 'require', 'greater', 'understanding', 'subsurface', 'physic']"
What Causes Lightning? The Answer Keeps Getting More Interesting.,Charlie Wood,"May 6, 2026","Armed with a slew of new instruments, physicists are closing in on one of nature’s oldest mysteries — and finding that storm clouds are seething with violent and unexpected phenomena.",armed slew new instrument physicist closing one nature oldest mystery finding storm cloud seething violent unexpected phenomenon,"armed with a slew of new instruments, physicists are closing in on one of nature’s oldest mysteries — and finding that storm clouds are seething with violent and unexpected phenomena.",armed with a slew of new instruments physicists are closing in on one of nature s oldest mysteries and finding that storm clouds are seething with violent and unexpected phenomena,"['armed', 'with', 'a', 'slew', 'of', 'new', 'instruments', 'physicists', 'are', 'closing', 'in', 'on', 'one', 'of', 'nature', 's', 'oldest', 'mysteries', 'and', 'finding', 'that', 'storm', 'clouds', 'are', 'seething', 'with', 'violent', 'and', 'unexpected', 'phenomena']","['armed', 'slew', 'new', 'instruments', 'physicists', 'closing', 'one', 'nature', 'oldest', 'mysteries', 'finding', 'storm', 'clouds', 'seething', 'violent', 'unexpected', 'phenomena']","['armed', 'slew', 'new', 'instrument', 'physicist', 'closing', 'one', 'nature', 'oldest', 'mystery', 'finding', 'storm', 'cloud', 'seething', 'violent', 'unexpected', 'phenomenon']"
Physicists Discover the Most Complex Forms of Ice Yet,Shalma Wegsman,"April 27, 2026","Scientists keep detecting new forms of ice. According to simulations, there could be many more left to find.",scientist keep detecting new form ice according simulation could many left find,"scientists keep detecting new forms of ice. according to simulations, there could be many more left to find.",scientists keep detecting new forms of ice according to simulations there could be many more left to find,"['scientists', 'keep', 'detecting', 'new', 'forms', 'of', 'ice', 'according', 'to', 'simulations', 'there', 'could', 'be', 'many', 'more', 'left', 'to', 'find']","['scientists', 'keep', 'detecting', 'new', 'forms', 'ice', 'according', 'simulations', 'could', 'many', 'left', 'find']","['scientist', 'keep', 'detecting', 'new', 'form', 'ice', 'according', 'simulation', 'could', 'many', 'left', 'find']"
Quantum ‘Jamming’ Explores the Truly Fundamental Principles of Nature,Matt von Hippel,"April 17, 2026",Some quantum cryptographers want to find ways to keep messages secret even if the rules of quantum mechanics don’t hold. The recently rediscovered idea of quantum jamming complicates things.,quantum cryptographer want find way keep message secret even rule quantum mechanic hold recently rediscovered idea quantum jamming complicates thing,some quantum cryptographers want to find ways to keep messages secret even if the rules of quantum mechanics don’t hold. the recently rediscovered idea of quantum jamming complicates things.,some quantum cryptographers want to find ways to keep messages secret even if the rules of quantum mechanics don t hold the recently rediscovered idea of quantum jamming complicates things,"['some', 'quantum', 'cryptographers', 'want', 'to', 'find', 'ways', 'to', 'keep', 'messages', 'secret', 'even', 'if', 'the', 'rules', 'of', 'quantum', 'mechanics', 'don', 't', 'hold', 'the', 'recently', 'rediscovered', 'idea', 'of', 'quantum', 'jamming', 'complicates', 'things']","['quantum', 'cryptographers', 'want', 'find', 'ways', 'keep', 'messages', 'secret', 'even', 'rules', 'quantum', 'mechanics', 'hold', 'recently', 'rediscovered', 'idea', 'quantum', 'jamming', 'complicates', 'things']","['quantum', 'cryptographer', 'want', 'find', 'way', 'keep', 'message', 'secret', 'even', 'rule', 'quantum', 'mechanic', 'hold', 'recently', 'rediscovered', 'idea', 'quantum', 'jamming', 'complicates', 'thing']"
Experiments Ring the ‘Death Knell’ for Sterile Neutrinos,Charlie Wood,"April 8, 2026","Decades of weird experimental results appeared to support the existence of the sterile neutrino, a hypothetical particle that would solve multiple mysteries. But recent experiments have killed hope of finding these phantoms, leaving physicists to wonder what might explain their anomalies.",decade weird experimental result appeared support existence sterile neutrino hypothetical particle would solve multiple mystery recent experiment killed hope finding phantom leaving physicist wonder might explain anomaly,"decades of weird experimental results appeared to support the existence of the sterile neutrino, a hypothetical particle that would solve multiple mysteries. but recent experiments have killed hope of finding these phantoms, leaving physicists to wonder what might explain their anomalies.",decades of weird experimental results appeared to support the existence of the sterile neutrino a hypothetical particle that would solve multiple mysteries but recent experiments have killed hope of finding these phantoms leaving physicists to wonder what might explain their anomalies,"['decades', 'of', 'weird', 'experimental', 'results', 'appeared', 'to', 'support', 'the', 'existence', 'of', 'the', 'sterile', 'neutrino', 'a', 'hypothetical', 'particle', 'that', 'would', 'solve', 'multiple', 'mysteries', 'but', 'recent', 'experiments', 'have', 'killed', 'hope', 'of', 'finding', 'these', 'phantoms', 'leaving', 'physicists', 'to', 'wonder', 'what', 'might', 'explain', 'their', 'anomalies']","['decades', 'weird', 'experimental', 'results', 'appeared', 'support', 'existence', 'sterile', 'neutrino', 'hypothetical', 'particle', 'would', 'solve', 'multiple', 'mysteries', 'recent', 'experiments', 'killed', 'hope', 'finding', 'phantoms', 'leaving', 'physicists', 'wonder', 'might', 'explain', 'anomalies']","['decade', 'weird', 'experimental', 'result', 'appeared', 'support', 'existence', 'sterile', 'neutrino', 'hypothetical', 'particle', 'would', 'solve', 'multiple', 'mystery', 'recent', 'experiment', 'killed', 'hope', 'finding', 'phantom', 'leaving', 'physicist', 'wonder', 'might', 'explain', 'anomaly']"
A Through-The-Lens Look at the World’s Particle Physics Labs,Zack Savitsky,"April 1, 2026",The winning entries in the 2025 Global Physics Photowalk contest showcase the beauty of toil and discovery.,winning entry global physic photowalk contest showcase beauty toil discovery,the winning entries in the 2025 global physics photowalk contest showcase the beauty of toil and discovery.,the winning entries in the global physics photowalk contest showcase the beauty of toil and discovery,"['the', 'winning', 'entries', 'in', 'the', 'global', 'physics', 'photowalk', 'contest', 'showcase', 'the', 'beauty', 'of', 'toil', 'and', 'discovery']","['winning', 'entries', 'global', 'physics', 'photowalk', 'contest', 'showcase', 'beauty', 'toil', 'discovery']","['winning', 'entry', 'global', 'physic', 'photowalk', 'contest', 'showcase', 'beauty', 'toil', 'discovery']"
"In Expanding de Sitter Space, Quantum Mechanics Gets Even More Elusive",Shalma Wegsman,"March 30, 2026",The basic shape that best describes our expanding universe is also the hardest shape for physicists to understand.,basic shape best describes expanding universe also hardest shape physicist understand,the basic shape that best describes our expanding universe is also the hardest shape for physicists to understand.,the basic shape that best describes our expanding universe is also the hardest shape for physicists to understand,"['the', 'basic', 'shape', 'that', 'best', 'describes', 'our', 'expanding', 'universe', 'is', 'also', 'the', 'hardest', 'shape', 'for', 'physicists', 'to', 'understand']","['basic', 'shape', 'best', 'describes', 'expanding', 'universe', 'also', 'hardest', 'shape', 'physicists', 'understand']","['basic', 'shape', 'best', 'describes', 'expanding', 'universe', 'also', 'hardest', 'shape', 'physicist', 'understand']"
"When Coupled Volcanoes Talk, These Researchers Listen",Robin George Andrews,"March 27, 2026","Around the world, volcanologists are following the path of magma as it travels between connected volcanoes, in an effort that could lead to improved eruption forecasts.",around world volcanologists following path magma travel connected volcano effort could lead improved eruption forecast,"around the world, volcanologists are following the path of magma as it travels between connected volcanoes, in an effort that could lead to improved eruption forecasts.",around the world volcanologists are following the path of magma as it travels between connected volcanoes in an effort that could lead to improved eruption forecasts,"['around', 'the', 'world', 'volcanologists', 'are', 'following', 'the', 'path', 'of', 'magma', 'as', 'it', 'travels', 'between', 'connected', 'volcanoes', 'in', 'an', 'effort', 'that', 'could', 'lead', 'to', 'improved', 'eruption', 'forecasts']","['around', 'world', 'volcanologists', 'following', 'path', 'magma', 'travels', 'connected', 'volcanoes', 'effort', 'could', 'lead', 'improved', 'eruption', 'forecasts']","['around', 'world', 'volcanologists', 'following', 'path', 'magma', 'travel', 'connected', 'volcano', 'effort', 'could', 'lead', 'improved', 'eruption', 'forecast']"
Are Strings Still Our Best Hope for a Theory of Everything?,Natalie Wolchover,"March 23, 2026",Columnist Natalie Wolchover examines the latest developments in the “forever war” over whether string theory can describe the world.,columnist natalie wolchover examines latest development forever war whether string theory describe world,columnist natalie wolchover examines the latest developments in the “forever war” over whether string theory can describe the world.,columnist natalie wolchover examines the latest developments in the forever war over whether string theory can describe the world,"['columnist', 'natalie', 'wolchover', 'examines', 'the', 'latest', 'developments', 'in', 'the', 'forever', 'war', 'over', 'whether', 'string', 'theory', 'can', 'describe', 'the', 'world']","['columnist', 'natalie', 'wolchover', 'examines', 'latest', 'developments', 'forever', 'war', 'whether', 'string', 'theory', 'describe', 'world']","['columnist', 'natalie', 'wolchover', 'examines', 'latest', 'development', 'forever', 'war', 'whether', 'string', 'theory', 'describe', 'world']"
"Where Some See Strings, She Sees a Space-Time Made of Fractals",Charlie Wood,"March 11, 2026","Pushed down to a certain scale, the laws of physics seem to fall apart. Astrid Eichhorn, a leader in an area of study called asymptotic safety, thinks we just need to push a little further.",pushed certain scale law physic seem fall apart astrid eichhorn leader area study called asymptotic safety think need push little,"pushed down to a certain scale, the laws of physics seem to fall apart. astrid eichhorn, a leader in an area of study called asymptotic safety, thinks we just need to push a little further.",pushed down to a certain scale the laws of physics seem to fall apart astrid eichhorn a leader in an area of study called asymptotic safety thinks we just need to push a little further,"['pushed', 'down', 'to', 'a', 'certain', 'scale', 'the', 'laws', 'of', 'physics', 'seem', 'to', 'fall', 'apart', 'astrid', 'eichhorn', 'a', 'leader', 'in', 'an', 'area', 'of', 'study', 'called', 'asymptotic', 'safety', 'thinks', 'we', 'just', 'need', 'to', 'push', 'a', 'little', 'further']","['pushed', 'certain', 'scale', 'laws', 'physics', 'seem', 'fall', 'apart', 'astrid', 'eichhorn', 'leader', 'area', 'study', 'called', 'asymptotic', 'safety', 'thinks', 'need', 'push', 'little']","['pushed', 'certain', 'scale', 'law', 'physic', 'seem', 'fall', 'apart', 'astrid', 'eichhorn', 'leader', 'area', 'study', 'called', 'asymptotic', 'safety', 'think', 'need', 'push', 'little']"
What Crystals Older Than the Sun Reveal About the Start of the Solar System,James Dinneen,"March 2, 2026",Microscopic crystals extracted from meteorites could help settle a debate about the birth of our patch of the Milky Way.,microscopic crystal extracted meteorite could help settle debate birth patch milky way,microscopic crystals extracted from meteorites could help settle a debate about the birth of our patch of the milky way.,microscopic crystals extracted from meteorites could help settle a debate about the birth of our patch of the milky way,"['microscopic', 'crystals', 'extracted', 'from', 'meteorites', 'could', 'help', 'settle', 'a', 'debate', 'about', 'the', 'birth', 'of', 'our', 'patch', 'of', 'the', 'milky', 'way']","['microscopic', 'crystals', 'extracted', 'meteorites', 'could', 'help', 'settle', 'debate', 'birth', 'patch', 'milky', 'way']","['microscopic', 'crystal', 'extracted', 'meteorite', 'could', 'help', 'settle', 'debate', 'birth', 'patch', 'milky', 'way']"
Climate Physicists Face the Ghosts in Their Machines: Clouds,Charlie Wood,"February 20, 2026","The planet is getting hotter, but one factor in particular makes it hard to tell just how hot it will get. Physicists and computer scientists are racing to solve the problem of clouds.",planet getting hotter one factor particular make hard tell hot get physicist computer scientist racing solve problem cloud,"the planet is getting hotter, but one factor in particular makes it hard to tell just how hot it will get. physicists and computer scientists are racing to solve the problem of clouds.",the planet is getting hotter but one factor in particular makes it hard to tell just how hot it will get physicists and computer scientists are racing to solve the problem of clouds,"['the', 'planet', 'is', 'getting', 'hotter', 'but', 'one', 'factor', 'in', 'particular', 'makes', 'it', 'hard', 'to', 'tell', 'just', 'how', 'hot', 'it', 'will', 'get', 'physicists', 'and', 'computer', 'scientists', 'are', 'racing', 'to', 'solve', 'the', 'problem', 'of', 'clouds']","['planet', 'getting', 'hotter', 'one', 'factor', 'particular', 'makes', 'hard', 'tell', 'hot', 'get', 'physicists', 'computer', 'scientists', 'racing', 'solve', 'problem', 'clouds']","['planet', 'getting', 'hotter', 'one', 'factor', 'particular', 'make', 'hard', 'tell', 'hot', 'get', 'physicist', 'computer', 'scientist', 'racing', 'solve', 'problem', 'cloud']"
Are the Mysteries of Quantum Mechanics Beginning To Dissolve?,Philip Ball,"February 13, 2026",Columnist Philip Ball thinks the phenomenon of decoherence might finally bridge the quantum-classical divide.,columnist philip ball think phenomenon decoherence might finally bridge quantum classical divide,columnist philip ball thinks the phenomenon of decoherence might finally bridge the quantum-classical divide.,columnist philip ball thinks the phenomenon of decoherence might finally bridge the quantum classical divide,"['columnist', 'philip', 'ball', 'thinks', 'the', 'phenomenon', 'of', 'decoherence', 'might', 'finally', 'bridge', 'the', 'quantum', 'classical', 'divide']","['columnist', 'philip', 'ball', 'thinks', 'phenomenon', 'decoherence', 'might', 'finally', 'bridge', 'quantum', 'classical', 'divide']","['columnist', 'philip', 'ball', 'think', 'phenomenon', 'decoherence', 'might', 'finally', 'bridge', 'quantum', 'classical', 'divide']"
Physicists Make Electrons Flow Like Water,Charlie Wood,"February 11, 2026","We describe electricity as a flow, but that’s not what happens in a typical wire. Physicists have begun to induce electrons to act like fluids, an effort that could illuminate new ways of thinking about quantum systems.",describe electricity flow not happens typical wire physicist begun induce electron act like fluid effort could illuminate new way thinking quantum system,"we describe electricity as a flow, but that’s not what happens in a typical wire. physicists have begun to induce electrons to act like fluids, an effort that could illuminate new ways of thinking about quantum systems.",we describe electricity as a flow but that s not what happens in a typical wire physicists have begun to induce electrons to act like fluids an effort that could illuminate new ways of thinking about quantum systems,"['we', 'describe', 'electricity', 'as', 'a', 'flow', 'but', 'that', 's', 'not', 'what', 'happens', 'in', 'a', 'typical', 'wire', 'physicists', 'have', 'begun', 'to', 'induce', 'electrons', 'to', 'act', 'like', 'fluids', 'an', 'effort', 'that', 'could', 'illuminate', 'new', 'ways', 'of', 'thinking', 'about', 'quantum', 'systems']","['describe', 'electricity', 'flow', 'not', 'happens', 'typical', 'wire', 'physicists', 'begun', 'induce', 'electrons', 'act', 'like', 'fluids', 'effort', 'could', 'illuminate', 'new', 'ways', 'thinking', 'quantum', 'systems']","['describe', 'electricity', 'flow', 'not', 'happens', 'typical', 'wire', 'physicist', 'begun', 'induce', 'electron', 'act', 'like', 'fluid', 'effort', 'could', 'illuminate', 'new', 'way', 'thinking', 'quantum', 'system']"
How Modern and Antique Technologies Reveal a Dynamic Cosmos,Liz Kruesi,"February 2, 2026","Today’s observatories document every pulse and flash in the sky each night. To understand how the cosmos has changed over longer periods, scientists rely on a more tactile technology.",today observatory document every pulse flash sky night understand cosmos changed longer period scientist rely tactile technology,"today’s observatories document every pulse and flash in the sky each night. to understand how the cosmos has changed over longer periods, scientists rely on a more tactile technology.",today s observatories document every pulse and flash in the sky each night to understand how the cosmos has changed over longer periods scientists rely on a more tactile technology,"['today', 's', 'observatories', 'document', 'every', 'pulse', 'and', 'flash', 'in', 'the', 'sky', 'each', 'night', 'to', 'understand', 'how', 'the', 'cosmos', 'has', 'changed', 'over', 'longer', 'periods', 'scientists', 'rely', 'on', 'a', 'more', 'tactile', 'technology']","['today', 'observatories', 'document', 'every', 'pulse', 'flash', 'sky', 'night', 'understand', 'cosmos', 'changed', 'longer', 'periods', 'scientists', 'rely', 'tactile', 'technology']","['today', 'observatory', 'document', 'every', 'pulse', 'flash', 'sky', 'night', 'understand', 'cosmos', 'changed', 'longer', 'period', 'scientist', 'rely', 'tactile', 'technology']"
"Is Particle Physics Dead, Dying, or Just Hard?",Natalie Wolchover,"January 26, 2026",Columnist Natalie Wolchover checks in with particle physicists more than a decade after the field entered a profound crisis.,columnist natalie wolchover check particle physicist decade field entered profound crisis,columnist natalie wolchover checks in with particle physicists more than a decade after the field entered a profound crisis.,columnist natalie wolchover checks in with particle physicists more than a decade after the field entered a profound crisis,"['columnist', 'natalie', 'wolchover', 'checks', 'in', 'with', 'particle', 'physicists', 'more', 'than', 'a', 'decade', 'after', 'the', 'field', 'entered', 'a', 'profound', 'crisis']","['columnist', 'natalie', 'wolchover', 'checks', 'particle', 'physicists', 'decade', 'field', 'entered', 'profound', 'crisis']","['columnist', 'natalie', 'wolchover', 'check', 'particle', 'physicist', 'decade', 'field', 'entered', 'profound', 'crisis']"
Monster Neutrino Could Be a Messenger of Ancient Black Holes,Jonathan O'Callaghan,"January 23, 2026",Primordial black holes could rewrite our understanding of dark matter and the early universe. A record-breaking detection at the bottom of the Mediterranean Sea has some physicists wondering if we just spotted one.,primordial black hole could rewrite understanding dark matter early universe record breaking detection bottom mediterranean sea physicist wondering spotted one,primordial black holes could rewrite our understanding of dark matter and the early universe. a record-breaking detection at the bottom of the mediterranean sea has some physicists wondering if we just spotted one.,primordial black holes could rewrite our understanding of dark matter and the early universe a record breaking detection at the bottom of the mediterranean sea has some physicists wondering if we just spotted one,"['primordial', 'black', 'holes', 'could', 'rewrite', 'our', 'understanding', 'of', 'dark', 'matter', 'and', 'the', 'early', 'universe', 'a', 'record', 'breaking', 'detection', 'at', 'the', 'bottom', 'of', 'the', 'mediterranean', 'sea', 'has', 'some', 'physicists', 'wondering', 'if', 'we', 'just', 'spotted', 'one']","['primordial', 'black', 'holes', 'could', 'rewrite', 'understanding', 'dark', 'matter', 'early', 'universe', 'record', 'breaking', 'detection', 'bottom', 'mediterranean', 'sea', 'physicists', 'wondering', 'spotted', 'one']","['primordial', 'black', 'hole', 'could', 'rewrite', 'understanding', 'dark', 'matter', 'early', 'universe', 'record', 'breaking', 'detection', 'bottom', 'mediterranean', 'sea', 'physicist', 'wondering', 'spotted', 'one']"
String Theory Can Now Describe a Universe That Has Dark Energy,Steve Nadis,"January 14, 2026","In an unprecedented step, researchers crafted a detailed model compatible with the universe’s accelerated expansion.",unprecedented step researcher crafted detailed model compatible universe accelerated expansion,"in an unprecedented step, researchers crafted a detailed model compatible with the universe’s accelerated expansion.",in an unprecedented step researchers crafted a detailed model compatible with the universe s accelerated expansion,"['in', 'an', 'unprecedented', 'step', 'researchers', 'crafted', 'a', 'detailed', 'model', 'compatible', 'with', 'the', 'universe', 's', 'accelerated', 'expansion']","['unprecedented', 'step', 'researchers', 'crafted', 'detailed', 'model', 'compatible', 'universe', 'accelerated', 'expansion']","['unprecedented', 'step', 'researcher', 'crafted', 'detailed', 'model', 'compatible', 'universe', 'accelerated', 'expansion']"
"In Quantum Mechanics, Nothingness Is the Potential To Be Anything",George Musser,"January 5, 2026","Try as they might, scientists can’t truly rid a space or an object of its energy. But what “zero-point energy” really means is up for interpretation.",try might scientist truly rid space object energy zero point energy really mean interpretation,"try as they might, scientists can’t truly rid a space or an object of its energy. but what “zero-point energy” really means is up for interpretation.",try as they might scientists can t truly rid a space or an object of its energy but what zero point energy really means is up for interpretation,"['try', 'as', 'they', 'might', 'scientists', 'can', 't', 'truly', 'rid', 'a', 'space', 'or', 'an', 'object', 'of', 'its', 'energy', 'but', 'what', 'zero', 'point', 'energy', 'really', 'means', 'is', 'up', 'for', 'interpretation']","['try', 'might', 'scientists', 'truly', 'rid', 'space', 'object', 'energy', 'zero', 'point', 'energy', 'really', 'means', 'interpretation']","['try', 'might', 'scientist', 'truly', 'rid', 'space', 'object', 'energy', 'zero', 'point', 'energy', 'really', 'mean', 'interpretation']"
The Year in Physics,Natalie Wolchover,"December 17, 2025","Physicists spotted a “terribly exciting” new black hole, doubled down on weakening dark energy, and debated the meaning of quantum mechanics.",physicist spotted terribly exciting new black hole doubled weakening dark energy debated meaning quantum mechanic,"physicists spotted a “terribly exciting” new black hole, doubled down on weakening dark energy, and debated the meaning of quantum mechanics.",physicists spotted a terribly exciting new black hole doubled down on weakening dark energy and debated the meaning of quantum mechanics,"['physicists', 'spotted', 'a', 'terribly', 'exciting', 'new', 'black', 'hole', 'doubled', 'down', 'on', 'weakening', 'dark', 'energy', 'and', 'debated', 'the', 'meaning', 'of', 'quantum', 'mechanics']","['physicists', 'spotted', 'terribly', 'exciting', 'new', 'black', 'hole', 'doubled', 'weakening', 'dark', 'energy', 'debated', 'meaning', 'quantum', 'mechanics']","['physicist', 'spotted', 'terribly', 'exciting', 'new', 'black', 'hole', 'doubled', 'weakening', 'dark', 'energy', 'debated', 'meaning', 'quantum', 'mechanic']"
Why Is Ice Slippery? A New Hypothesis Slides Into the Chat.,Paulina Rowińska,"December 8, 2025",A newly proposed explanation for the slipperiness of ice has revived a centuries-long debate.,newly proposed explanation slipperiness ice revived century long debate,a newly proposed explanation for the slipperiness of ice has revived a centuries-long debate.,a newly proposed explanation for the slipperiness of ice has revived a centuries long debate,"['a', 'newly', 'proposed', 'explanation', 'for', 'the', 'slipperiness', 'of', 'ice', 'has', 'revived', 'a', 'centuries', 'long', 'debate']","['newly', 'proposed', 'explanation', 'slipperiness', 'ice', 'revived', 'centuries', 'long', 'debate']","['newly', 'proposed', 'explanation', 'slipperiness', 'ice', 'revived', 'century', 'long', 'debate']"
Particle Physicists Detect ‘Magic’ at the Large Hadron Collider,Shalma Wegsman,"November 25, 2025","The supercollider is now being used to explore quantum phenomena, including a “magic” form of quantum entanglement.",supercollider used explore quantum phenomenon including magic form quantum entanglement,"the supercollider is now being used to explore quantum phenomena, including a “magic” form of quantum entanglement.",the supercollider is now being used to explore quantum phenomena including a magic form of quantum entanglement,"['the', 'supercollider', 'is', 'now', 'being', 'used', 'to', 'explore', 'quantum', 'phenomena', 'including', 'a', 'magic', 'form', 'of', 'quantum', 'entanglement']","['supercollider', 'used', 'explore', 'quantum', 'phenomena', 'including', 'magic', 'form', 'quantum', 'entanglement']","['supercollider', 'used', 'explore', 'quantum', 'phenomenon', 'including', 'magic', 'form', 'quantum', 'entanglement']"
Cosmic Paradox Reveals the Awful Consequence of an Observer-Free Universe,Matt von Hippel,"November 19, 2025","Encouraged by successes in understanding black holes, theoretical physicists are applying what they’ve learned to whole universes. What they’re finding has them questioning fundamental assumptions about how physics ought to be done.",encouraged success understanding black hole theoretical physicist applying learned whole universe finding questioning fundamental assumption physic ought done,"encouraged by successes in understanding black holes, theoretical physicists are applying what they’ve learned to whole universes. what they’re finding has them questioning fundamental assumptions about how physics ought to be done.",encouraged by successes in understanding black holes theoretical physicists are applying what they ve learned to whole universes what they re finding has them questioning fundamental assumptions about how physics ought to be done,"['encouraged', 'by', 'successes', 'in', 'understanding', 'black', 'holes', 'theoretical', 'physicists', 'are', 'applying', 'what', 'they', 've', 'learned', 'to', 'whole', 'universes', 'what', 'they', 're', 'finding', 'has', 'them', 'questioning', 'fundamental', 'assumptions', 'about', 'how', 'physics', 'ought', 'to', 'be', 'done']","['encouraged', 'successes', 'understanding', 'black', 'holes', 'theoretical', 'physicists', 'applying', 'learned', 'whole', 'universes', 'finding', 'questioning', 'fundamental', 'assumptions', 'physics', 'ought', 'done']","['encouraged', 'success', 'understanding', 'black', 'hole', 'theoretical', 'physicist', 'applying', 'learned', 'whole', 'universe', 'finding', 'questioning', 'fundamental', 'assumption', 'physic', 'ought', 'done']"
Old ‘Ghost’ Theory of Quantum Gravity Makes a Comeback,Charlie Wood,"November 17, 2025",Has the secret to understanding gravity been hiding in plain sight for nearly 50 years?,secret understanding gravity hiding plain sight nearly year,has the secret to understanding gravity been hiding in plain sight for nearly 50 years?,has the secret to understanding gravity been hiding in plain sight for nearly years,"['has', 'the', 'secret', 'to', 'understanding', 'gravity', 'been', 'hiding', 'in', 'plain', 'sight', 'for', 'nearly', 'years']","['secret', 'understanding', 'gravity', 'hiding', 'plain', 'sight', 'nearly', 'years']","['secret', 'understanding', 'gravity', 'hiding', 'plain', 'sight', 'nearly', 'year']"
"Mixing Is the Heartbeat of Deep Lakes. At Crater Lake, It’s Slowing Down.",Rachel Nuwer,"November 14, 2025","The physics of mixing water layers — an interplay of wind, climate and more — makes lakes work. When it stops, impacts can ripple across an ecosystem.",physic mixing water layer interplay wind climate make lake work stop impact ripple across ecosystem,"the physics of mixing water layers — an interplay of wind, climate and more — makes lakes work. when it stops, impacts can ripple across an ecosystem.",the physics of mixing water layers an interplay of wind climate and more makes lakes work when it stops impacts can ripple across an ecosystem,"['the', 'physics', 'of', 'mixing', 'water', 'layers', 'an', 'interplay', 'of', 'wind', 'climate', 'and', 'more', 'makes', 'lakes', 'work', 'when', 'it', 'stops', 'impacts', 'can', 'ripple', 'across', 'an', 'ecosystem']","['physics', 'mixing', 'water', 'layers', 'interplay', 'wind', 'climate', 'makes', 'lakes', 'work', 'stops', 'impacts', 'ripple', 'across', 'ecosystem']","['physic', 'mixing', 'water', 'layer', 'interplay', 'wind', 'climate', 'make', 'lake', 'work', 'stop', 'impact', 'ripple', 'across', 'ecosystem']"
Physicists Take the Imaginary Numbers Out of Quantum Mechanics,Daniel Garisto,"November 7, 2025","Quantum mechanics has at last been formulated exclusively with real numbers, bringing a mathematical puzzle at the heart of the theory into a new era of inquiry.",quantum mechanic last formulated exclusively real number bringing mathematical puzzle heart theory new era inquiry,"quantum mechanics has at last been formulated exclusively with real numbers, bringing a mathematical puzzle at the heart of the theory into a new era of inquiry.",quantum mechanics has at last been formulated exclusively with real numbers bringing a mathematical puzzle at the heart of the theory into a new era of inquiry,"['quantum', 'mechanics', 'has', 'at', 'last', 'been', 'formulated', 'exclusively', 'with', 'real', 'numbers', 'bringing', 'a', 'mathematical', 'puzzle', 'at', 'the', 'heart', 'of', 'the', 'theory', 'into', 'a', 'new', 'era', 'of', 'inquiry']","['quantum', 'mechanics', 'last', 'formulated', 'exclusively', 'real', 'numbers', 'bringing', 'mathematical', 'puzzle', 'heart', 'theory', 'new', 'era', 'inquiry']","['quantum', 'mechanic', 'last', 'formulated', 'exclusively', 'real', 'number', 'bringing', 'mathematical', 'puzzle', 'heart', 'theory', 'new', 'era', 'inquiry']"
Carlo Rovelli’s Radical Perspective on Reality,Zack Savitsky,"October 29, 2025",The theoretical physicist and best-selling author finds inspiration in politics and philosophy for rethinking space and time.,theoretical physicist best selling author find inspiration politics philosophy rethinking space time,the theoretical physicist and best-selling author finds inspiration in politics and philosophy for rethinking space and time.,the theoretical physicist and best selling author finds inspiration in politics and philosophy for rethinking space and time,"['the', 'theoretical', 'physicist', 'and', 'best', 'selling', 'author', 'finds', 'inspiration', 'in', 'politics', 'and', 'philosophy', 'for', 'rethinking', 'space', 'and', 'time']","['theoretical', 'physicist', 'best', 'selling', 'author', 'finds', 'inspiration', 'politics', 'philosophy', 'rethinking', 'space', 'time']","['theoretical', 'physicist', 'best', 'selling', 'author', 'find', 'inspiration', 'politics', 'philosophy', 'rethinking', 'space', 'time']"
How Soon Will the Seas Rise?,Evan Howell,"October 20, 2025",The uniquely vulnerable West Antarctic Ice Sheet holds enough water to raise global sea levels by 5 meters. But when that will happen — and how fast — is anything but settled.,uniquely vulnerable west antarctic ice sheet hold enough water raise global sea level meter happen fast anything settled,the uniquely vulnerable west antarctic ice sheet holds enough water to raise global sea levels by 5 meters. but when that will happen — and how fast — is anything but settled.,the uniquely vulnerable west antarctic ice sheet holds enough water to raise global sea levels by meters but when that will happen and how fast is anything but settled,"['the', 'uniquely', 'vulnerable', 'west', 'antarctic', 'ice', 'sheet', 'holds', 'enough', 'water', 'to', 'raise', 'global', 'sea', 'levels', 'by', 'meters', 'but', 'when', 'that', 'will', 'happen', 'and', 'how', 'fast', 'is', 'anything', 'but', 'settled']","['uniquely', 'vulnerable', 'west', 'antarctic', 'ice', 'sheet', 'holds', 'enough', 'water', 'raise', 'global', 'sea', 'levels', 'meters', 'happen', 'fast', 'anything', 'settled']","['uniquely', 'vulnerable', 'west', 'antarctic', 'ice', 'sheet', 'hold', 'enough', 'water', 'raise', 'global', 'sea', 'level', 'meter', 'happen', 'fast', 'anything', 'settled']"
Genes Have Harnessed Physics to Help Grow Living Things,Anna Demming,"October 10, 2025",The same pulling force that causes “tears” in a glass of wine also shapes embryos. It’s another example of how genes exploit mechanical forces for growth and development.,pulling force cause tear glass wine also shape embryo another example gene exploit mechanical force growth development,the same pulling force that causes “tears” in a glass of wine also shapes embryos. it’s another example of how genes exploit mechanical forces for growth and development.,the same pulling force that causes tears in a glass of wine also shapes embryos it s another example of how genes exploit mechanical forces for growth and development,"['the', 'same', 'pulling', 'force', 'that', 'causes', 'tears', 'in', 'a', 'glass', 'of', 'wine', 'also', 'shapes', 'embryos', 'it', 's', 'another', 'example', 'of', 'how', 'genes', 'exploit', 'mechanical', 'forces', 'for', 'growth', 'and', 'development']","['pulling', 'force', 'causes', 'tears', 'glass', 'wine', 'also', 'shapes', 'embryos', 'another', 'example', 'genes', 'exploit', 'mechanical', 'forces', 'growth', 'development']","['pulling', 'force', 'cause', 'tear', 'glass', 'wine', 'also', 'shape', 'embryo', 'another', 'example', 'gene', 'exploit', 'mechanical', 'force', 'growth', 'development']"
A Thermometer for Measuring Quantumness,Philip Ball,"October 1, 2025","“Anomalous” heat flow, which at first appears to violate the second law of thermodynamics, gives physicists a way to detect quantum entanglement without destroying it.",anomalous heat flow first appears violate second law thermodynamics give physicist way detect quantum entanglement without destroying,"“anomalous” heat flow, which at first appears to violate the second law of thermodynamics, gives physicists a way to detect quantum entanglement without destroying it.",anomalous heat flow which at first appears to violate the second law of thermodynamics gives physicists a way to detect quantum entanglement without destroying it,"['anomalous', 'heat', 'flow', 'which', 'at', 'first', 'appears', 'to', 'violate', 'the', 'second', 'law', 'of', 'thermodynamics', 'gives', 'physicists', 'a', 'way', 'to', 'detect', 'quantum', 'entanglement', 'without', 'destroying', 'it']","['anomalous', 'heat', 'flow', 'first', 'appears', 'violate', 'second', 'law', 'thermodynamics', 'gives', 'physicists', 'way', 'detect', 'quantum', 'entanglement', 'without', 'destroying']","['anomalous', 'heat', 'flow', 'first', 'appears', 'violate', 'second', 'law', 'thermodynamics', 'give', 'physicist', 'way', 'detect', 'quantum', 'entanglement', 'without', 'destroying']"
The Quantum Mechanics of Greenhouse Gases,Joseph Howlett,"September 15, 2025","Earth’s radiation can send some molecules spinning or vibrating, which is what makes them greenhouse gases. This infographic explains how relatively few heat-trapping molecules can have a planetary effect.",earth radiation send molecule spinning vibrating make greenhouse gas infographic explains relatively heat trapping molecule planetary effect,"earth’s radiation can send some molecules spinning or vibrating, which is what makes them greenhouse gases. this infographic explains how relatively few heat-trapping molecules can have a planetary effect.",earth s radiation can send some molecules spinning or vibrating which is what makes them greenhouse gases this infographic explains how relatively few heat trapping molecules can have a planetary effect,"['earth', 's', 'radiation', 'can', 'send', 'some', 'molecules', 'spinning', 'or', 'vibrating', 'which', 'is', 'what', 'makes', 'them', 'greenhouse', 'gases', 'this', 'infographic', 'explains', 'how', 'relatively', 'few', 'heat', 'trapping', 'molecules', 'can', 'have', 'a', 'planetary', 'effect']","['earth', 'radiation', 'send', 'molecules', 'spinning', 'vibrating', 'makes', 'greenhouse', 'gases', 'infographic', 'explains', 'relatively', 'heat', 'trapping', 'molecules', 'planetary', 'effect']","['earth', 'radiation', 'send', 'molecule', 'spinning', 'vibrating', 'make', 'greenhouse', 'gas', 'infographic', 'explains', 'relatively', 'heat', 'trapping', 'molecule', 'planetary', 'effect']"
How Climate Scientists Saw the Future Before It Arrived,Zack Savitsky,"September 15, 2025","Over the past 60 years, scientists have largely succeeded in building a computer model of Earth to see what the future holds. One of the most ambitious projects humankind has ever undertaken has now reached a critical moment.",past year scientist largely succeeded building computer model earth see future hold one ambitious project humankind ever undertaken reached critical moment,"over the past 60 years, scientists have largely succeeded in building a computer model of earth to see what the future holds. one of the most ambitious projects humankind has ever undertaken has now reached a critical moment.",over the past years scientists have largely succeeded in building a computer model of earth to see what the future holds one of the most ambitious projects humankind has ever undertaken has now reached a critical moment,"['over', 'the', 'past', 'years', 'scientists', 'have', 'largely', 'succeeded', 'in', 'building', 'a', 'computer', 'model', 'of', 'earth', 'to', 'see', 'what', 'the', 'future', 'holds', 'one', 'of', 'the', 'most', 'ambitious', 'projects', 'humankind', 'has', 'ever', 'undertaken', 'has', 'now', 'reached', 'a', 'critical', 'moment']","['past', 'years', 'scientists', 'largely', 'succeeded', 'building', 'computer', 'model', 'earth', 'see', 'future', 'holds', 'one', 'ambitious', 'projects', 'humankind', 'ever', 'undertaken', 'reached', 'critical', 'moment']","['past', 'year', 'scientist', 'largely', 'succeeded', 'building', 'computer', 'model', 'earth', 'see', 'future', 'hold', 'one', 'ambitious', 'project', 'humankind', 'ever', 'undertaken', 'reached', 'critical', 'moment']"
Why Is Venus Hell and Earth an Eden?,Robin George Andrews,"September 15, 2025","A team of scientists has investigated how Earth’s twin became so inhospitable, and whether the same will happen to our planet.",team scientist investigated earth twin became inhospitable whether happen planet,"a team of scientists has investigated how earth’s twin became so inhospitable, and whether the same will happen to our planet.",a team of scientists has investigated how earth s twin became so inhospitable and whether the same will happen to our planet,"['a', 'team', 'of', 'scientists', 'has', 'investigated', 'how', 'earth', 's', 'twin', 'became', 'so', 'inhospitable', 'and', 'whether', 'the', 'same', 'will', 'happen', 'to', 'our', 'planet']","['team', 'scientists', 'investigated', 'earth', 'twin', 'became', 'inhospitable', 'whether', 'happen', 'planet']","['team', 'scientist', 'investigated', 'earth', 'twin', 'became', 'inhospitable', 'whether', 'happen', 'planet']"
How Humanity Amplified Life’s Quest for Energy,Gaia Vince,"September 15, 2025","A planetary perspective on the relationship between life and energy, and the emergence of a life form whose influence extends across the entire biosphere — presenting us with an awesome opportunity.",planetary perspective relationship life energy emergence life form whose influence extends across entire biosphere presenting u awesome opportunity,"a planetary perspective on the relationship between life and energy, and the emergence of a life form whose influence extends across the entire biosphere — presenting us with an awesome opportunity.",a planetary perspective on the relationship between life and energy and the emergence of a life form whose influence extends across the entire biosphere presenting us with an awesome opportunity,"['a', 'planetary', 'perspective', 'on', 'the', 'relationship', 'between', 'life', 'and', 'energy', 'and', 'the', 'emergence', 'of', 'a', 'life', 'form', 'whose', 'influence', 'extends', 'across', 'the', 'entire', 'biosphere', 'presenting', 'us', 'with', 'an', 'awesome', 'opportunity']","['planetary', 'perspective', 'relationship', 'life', 'energy', 'emergence', 'life', 'form', 'whose', 'influence', 'extends', 'across', 'entire', 'biosphere', 'presenting', 'us', 'awesome', 'opportunity']","['planetary', 'perspective', 'relationship', 'life', 'energy', 'emergence', 'life', 'form', 'whose', 'influence', 'extends', 'across', 'entire', 'biosphere', 'presenting', 'u', 'awesome', 'opportunity']"
"A Single, ‘Naked’ Black Hole Rewrites the History of the Universe",Charlie Wood,"September 12, 2025","The James Webb Space Telescope has found a lonely black hole in the early universe that’s as heavy as 50 million suns. A major discovery, the object confounds theories of the young cosmos.",james webb space telescope found lonely black hole early universe heavy million sun major discovery object confounds theory young cosmos,"the james webb space telescope has found a lonely black hole in the early universe that’s as heavy as 50 million suns. a major discovery, the object confounds theories of the young cosmos.",the james webb space telescope has found a lonely black hole in the early universe that s as heavy as million suns a major discovery the object confounds theories of the young cosmos,"['the', 'james', 'webb', 'space', 'telescope', 'has', 'found', 'a', 'lonely', 'black', 'hole', 'in', 'the', 'early', 'universe', 'that', 's', 'as', 'heavy', 'as', 'million', 'suns', 'a', 'major', 'discovery', 'the', 'object', 'confounds', 'theories', 'of', 'the', 'young', 'cosmos']","['james', 'webb', 'space', 'telescope', 'found', 'lonely', 'black', 'hole', 'early', 'universe', 'heavy', 'million', 'suns', 'major', 'discovery', 'object', 'confounds', 'theories', 'young', 'cosmos']","['james', 'webb', 'space', 'telescope', 'found', 'lonely', 'black', 'hole', 'early', 'universe', 'heavy', 'million', 'sun', 'major', 'discovery', 'object', 'confounds', 'theory', 'young', 'cosmos']"
Analog vs. Digital: The Race Is On To Simulate Our Quantum Universe,Shalma Wegsman,"September 5, 2025",Recent progress on both analog and digital simulations of quantum fields foreshadows a future in which quantum computers could illuminate phenomena that are far too complex for even the most powerful supercomputers.,recent progress analog digital simulation quantum field foreshadows future quantum computer could illuminate phenomenon far complex even powerful supercomputer,recent progress on both analog and digital simulations of quantum fields foreshadows a future in which quantum computers could illuminate phenomena that are far too complex for even the most powerful supercomputers.,recent progress on both analog and digital simulations of quantum fields foreshadows a future in which quantum computers could illuminate phenomena that are far too complex for even the most powerful supercomputers,"['recent', 'progress', 'on', 'both', 'analog', 'and', 'digital', 'simulations', 'of', 'quantum', 'fields', 'foreshadows', 'a', 'future', 'in', 'which', 'quantum', 'computers', 'could', 'illuminate', 'phenomena', 'that', 'are', 'far', 'too', 'complex', 'for', 'even', 'the', 'most', 'powerful', 'supercomputers']","['recent', 'progress', 'analog', 'digital', 'simulations', 'quantum', 'fields', 'foreshadows', 'future', 'quantum', 'computers', 'could', 'illuminate', 'phenomena', 'far', 'complex', 'even', 'powerful', 'supercomputers']","['recent', 'progress', 'analog', 'digital', 'simulation', 'quantum', 'field', 'foreshadows', 'future', 'quantum', 'computer', 'could', 'illuminate', 'phenomenon', 'far', 'complex', 'even', 'powerful', 'supercomputer']"
Astrophysicists Find No ‘Hair’ on Black Holes,Matt von Hippel,"August 27, 2025","According to Einstein’s theory of gravity, black holes have only a small handful of distinguishing characteristics. Quantum theory implies they may have more. Now an experimental search finds that any of this extra ‘hair’ has to be pretty short.",according einstein theory gravity black hole small handful distinguishing characteristic quantum theory implies may experimental search find extra hair pretty short,"according to einstein’s theory of gravity, black holes have only a small handful of distinguishing characteristics. quantum theory implies they may have more. now an experimental search finds that any of this extra ‘hair’ has to be pretty short.",according to einstein s theory of gravity black holes have only a small handful of distinguishing characteristics quantum theory implies they may have more now an experimental search finds that any of this extra hair has to be pretty short,"['according', 'to', 'einstein', 's', 'theory', 'of', 'gravity', 'black', 'holes', 'have', 'only', 'a', 'small', 'handful', 'of', 'distinguishing', 'characteristics', 'quantum', 'theory', 'implies', 'they', 'may', 'have', 'more', 'now', 'an', 'experimental', 'search', 'finds', 'that', 'any', 'of', 'this', 'extra', 'hair', 'has', 'to', 'be', 'pretty', 'short']","['according', 'einstein', 'theory', 'gravity', 'black', 'holes', 'small', 'handful', 'distinguishing', 'characteristics', 'quantum', 'theory', 'implies', 'may', 'experimental', 'search', 'finds', 'extra', 'hair', 'pretty', 'short']","['according', 'einstein', 'theory', 'gravity', 'black', 'hole', 'small', 'handful', 'distinguishing', 'characteristic', 'quantum', 'theory', 'implies', 'may', 'experimental', 'search', 'find', 'extra', 'hair', 'pretty', 'short']"
Quasicrystals Spill Secrets of Their Formation,Patchen Barss,"August 18, 2025","New studies of the ‘platypus of materials’ help explain how their atoms arrange themselves into orderly, but nonrepeating, patterns.",new study platypus material help explain atom arrange orderly nonrepeating pattern,"new studies of the ‘platypus of materials’ help explain how their atoms arrange themselves into orderly, but nonrepeating, patterns.",new studies of the platypus of materials help explain how their atoms arrange themselves into orderly but nonrepeating patterns,"['new', 'studies', 'of', 'the', 'platypus', 'of', 'materials', 'help', 'explain', 'how', 'their', 'atoms', 'arrange', 'themselves', 'into', 'orderly', 'but', 'nonrepeating', 'patterns']","['new', 'studies', 'platypus', 'materials', 'help', 'explain', 'atoms', 'arrange', 'orderly', 'nonrepeating', 'patterns']","['new', 'study', 'platypus', 'material', 'help', 'explain', 'atom', 'arrange', 'orderly', 'nonrepeating', 'pattern']"
‘It’s a Mess’: A Brain-Bending Trip to Quantum Theory’s 100th Birthday Party,Charlie Wood,"August 8, 2025","Hundreds of physicists (and a few journalists) journeyed to Helgoland, the birthplace of quantum mechanics, and grappled with what they have and haven’t learned about reality.",hundred physicist journalist journeyed helgoland birthplace quantum mechanic grappled learned reality,"hundreds of physicists (and a few journalists) journeyed to helgoland, the birthplace of quantum mechanics, and grappled with what they have and haven’t learned about reality.",hundreds of physicists and a few journalists journeyed to helgoland the birthplace of quantum mechanics and grappled with what they have and haven t learned about reality,"['hundreds', 'of', 'physicists', 'and', 'a', 'few', 'journalists', 'journeyed', 'to', 'helgoland', 'the', 'birthplace', 'of', 'quantum', 'mechanics', 'and', 'grappled', 'with', 'what', 'they', 'have', 'and', 'haven', 't', 'learned', 'about', 'reality']","['hundreds', 'physicists', 'journalists', 'journeyed', 'helgoland', 'birthplace', 'quantum', 'mechanics', 'grappled', 'learned', 'reality']","['hundred', 'physicist', 'journalist', 'journeyed', 'helgoland', 'birthplace', 'quantum', 'mechanic', 'grappled', 'learned', 'reality']"
Earth’s Core Appears To Be Leaking Up and Out of Earth’s Surface,Robin George Andrews,"August 4, 2025",Strong new evidence suggests that primordial material from the planet’s center is somehow making its way out. Continent-size entities anchored to the core-mantle boundary might be involved.,strong new evidence suggests primordial material planet center somehow making way continent size entity anchored core mantle boundary might involved,strong new evidence suggests that primordial material from the planet’s center is somehow making its way out. continent-size entities anchored to the core-mantle boundary might be involved.,strong new evidence suggests that primordial material from the planet s center is somehow making its way out continent size entities anchored to the core mantle boundary might be involved,"['strong', 'new', 'evidence', 'suggests', 'that', 'primordial', 'material', 'from', 'the', 'planet', 's', 'center', 'is', 'somehow', 'making', 'its', 'way', 'out', 'continent', 'size', 'entities', 'anchored', 'to', 'the', 'core', 'mantle', 'boundary', 'might', 'be', 'involved']","['strong', 'new', 'evidence', 'suggests', 'primordial', 'material', 'planet', 'center', 'somehow', 'making', 'way', 'continent', 'size', 'entities', 'anchored', 'core', 'mantle', 'boundary', 'might', 'involved']","['strong', 'new', 'evidence', 'suggests', 'primordial', 'material', 'planet', 'center', 'somehow', 'making', 'way', 'continent', 'size', 'entity', 'anchored', 'core', 'mantle', 'boundary', 'might', 'involved']"
Why Did The Universe Begin?,Janna Levin,"July 24, 2025","In this episode of The Joy of Why, Thomas Hertog discusses his collaboration with Stephen Hawking on a provocative theory arguing that the laws of physics evolved with the universe, and how this could have shaped a cosmos fit for life.",episode joy thomas hertog discusses collaboration stephen hawking provocative theory arguing law physic evolved universe could shaped cosmos fit life,"in this episode of the joy of why, thomas hertog discusses his collaboration with stephen hawking on a provocative theory arguing that the laws of physics evolved with the universe, and how this could have shaped a cosmos fit for life.",in this episode of the joy of why thomas hertog discusses his collaboration with stephen hawking on a provocative theory arguing that the laws of physics evolved with the universe and how this could have shaped a cosmos fit for life,"['in', 'this', 'episode', 'of', 'the', 'joy', 'of', 'why', 'thomas', 'hertog', 'discusses', 'his', 'collaboration', 'with', 'stephen', 'hawking', 'on', 'a', 'provocative', 'theory', 'arguing', 'that', 'the', 'laws', 'of', 'physics', 'evolved', 'with', 'the', 'universe', 'and', 'how', 'this', 'could', 'have', 'shaped', 'a', 'cosmos', 'fit', 'for', 'life']","['episode', 'joy', 'thomas', 'hertog', 'discusses', 'collaboration', 'stephen', 'hawking', 'provocative', 'theory', 'arguing', 'laws', 'physics', 'evolved', 'universe', 'could', 'shaped', 'cosmos', 'fit', 'life']","['episode', 'joy', 'thomas', 'hertog', 'discusses', 'collaboration', 'stephen', 'hawking', 'provocative', 'theory', 'arguing', 'law', 'physic', 'evolved', 'universe', 'could', 'shaped', 'cosmos', 'fit', 'life']"
AI Comes Up With Bizarre Physics Experiments. But They Work.,Anil Ananthaswamy,"July 21, 2025","Artificial intelligence software is designing novel experimental protocols that improve upon the work of human physicists, although the humans are still “doing a lot of baby-sitting.”",artificial intelligence software designing novel experimental protocol improve upon work human physicist although human still lot baby sitting,"artificial intelligence software is designing novel experimental protocols that improve upon the work of human physicists, although the humans are still “doing a lot of baby-sitting.”",artificial intelligence software is designing novel experimental protocols that improve upon the work of human physicists although the humans are still doing a lot of baby sitting,"['artificial', 'intelligence', 'software', 'is', 'designing', 'novel', 'experimental', 'protocols', 'that', 'improve', 'upon', 'the', 'work', 'of', 'human', 'physicists', 'although', 'the', 'humans', 'are', 'still', 'doing', 'a', 'lot', 'of', 'baby', 'sitting']","['artificial', 'intelligence', 'software', 'designing', 'novel', 'experimental', 'protocols', 'improve', 'upon', 'work', 'human', 'physicists', 'although', 'humans', 'still', 'lot', 'baby', 'sitting']","['artificial', 'intelligence', 'software', 'designing', 'novel', 'experimental', 'protocol', 'improve', 'upon', 'work', 'human', 'physicist', 'although', 'human', 'still', 'lot', 'baby', 'sitting']"
The Biggest-Ever Digital Camera Is This Cosmologist’s Magnum Opus,Jenna Ahart,"July 11, 2025","Tony Tyson’s cameras revealed the universe’s dark contents. Now, with the Rubin Observatory’s 3.2-billion-pixel camera, he’s ready to study dark matter and dark energy in unprecedented detail.",tony tyson camera revealed universe dark content rubin observatory billion pixel camera ready study dark matter dark energy unprecedented detail,"tony tyson’s cameras revealed the universe’s dark contents. now, with the rubin observatory’s 3.2-billion-pixel camera, he’s ready to study dark matter and dark energy in unprecedented detail.",tony tyson s cameras revealed the universe s dark contents now with the rubin observatory s billion pixel camera he s ready to study dark matter and dark energy in unprecedented detail,"['tony', 'tyson', 's', 'cameras', 'revealed', 'the', 'universe', 's', 'dark', 'contents', 'now', 'with', 'the', 'rubin', 'observatory', 's', 'billion', 'pixel', 'camera', 'he', 's', 'ready', 'to', 'study', 'dark', 'matter', 'and', 'dark', 'energy', 'in', 'unprecedented', 'detail']","['tony', 'tyson', 'cameras', 'revealed', 'universe', 'dark', 'contents', 'rubin', 'observatory', 'billion', 'pixel', 'camera', 'ready', 'study', 'dark', 'matter', 'dark', 'energy', 'unprecedented', 'detail']","['tony', 'tyson', 'camera', 'revealed', 'universe', 'dark', 'content', 'rubin', 'observatory', 'billion', 'pixel', 'camera', 'ready', 'study', 'dark', 'matter', 'dark', 'energy', 'unprecedented', 'detail']"
Physicists Start To Pin Down How Stars Forge Heavy Atoms,Jenna Ahart,"July 2, 2025","The precursors of heavy elements might arise in the plasma underbellies of swollen stars or in smoldering stellar corpses. They definitely exist in East Lansing, Michigan.",precursor heavy element might arise plasma underbelly swollen star smoldering stellar corps definitely exist east lansing michigan,"the precursors of heavy elements might arise in the plasma underbellies of swollen stars or in smoldering stellar corpses. they definitely exist in east lansing, michigan.",the precursors of heavy elements might arise in the plasma underbellies of swollen stars or in smoldering stellar corpses they definitely exist in east lansing michigan,"['the', 'precursors', 'of', 'heavy', 'elements', 'might', 'arise', 'in', 'the', 'plasma', 'underbellies', 'of', 'swollen', 'stars', 'or', 'in', 'smoldering', 'stellar', 'corpses', 'they', 'definitely', 'exist', 'in', 'east', 'lansing', 'michigan']","['precursors', 'heavy', 'elements', 'might', 'arise', 'plasma', 'underbellies', 'swollen', 'stars', 'smoldering', 'stellar', 'corpses', 'definitely', 'exist', 'east', 'lansing', 'michigan']","['precursor', 'heavy', 'element', 'might', 'arise', 'plasma', 'underbelly', 'swollen', 'star', 'smoldering', 'stellar', 'corps', 'definitely', 'exist', 'east', 'lansing', 'michigan']"
Matter vs. Force: Why There Are Exactly Two Types of Particles,Matt von Hippel,"June 23, 2025",Every elementary particle falls into one of two categories. Collectivist bosons account for the forces that move us while individualist fermions keep our atoms from collapsing.,every elementary particle fall one two category collectivist boson account force move u individualist fermion keep atom collapsing,every elementary particle falls into one of two categories. collectivist bosons account for the forces that move us while individualist fermions keep our atoms from collapsing.,every elementary particle falls into one of two categories collectivist bosons account for the forces that move us while individualist fermions keep our atoms from collapsing,"['every', 'elementary', 'particle', 'falls', 'into', 'one', 'of', 'two', 'categories', 'collectivist', 'bosons', 'account', 'for', 'the', 'forces', 'that', 'move', 'us', 'while', 'individualist', 'fermions', 'keep', 'our', 'atoms', 'from', 'collapsing']","['every', 'elementary', 'particle', 'falls', 'one', 'two', 'categories', 'collectivist', 'bosons', 'account', 'forces', 'move', 'us', 'individualist', 'fermions', 'keep', 'atoms', 'collapsing']","['every', 'elementary', 'particle', 'fall', 'one', 'two', 'category', 'collectivist', 'boson', 'account', 'force', 'move', 'u', 'individualist', 'fermion', 'keep', 'atom', 'collapsing']"
Is Gravity Just Entropy Rising? Long-Shot Idea Gets Another Look.,George Musser,"June 13, 2025",A new argument explores how the growth of disorder could cause massive objects to move toward one another. Physicists are both interested and skeptical.,new argument explores growth disorder could cause massive object move toward one another physicist interested skeptical,a new argument explores how the growth of disorder could cause massive objects to move toward one another. physicists are both interested and skeptical.,a new argument explores how the growth of disorder could cause massive objects to move toward one another physicists are both interested and skeptical,"['a', 'new', 'argument', 'explores', 'how', 'the', 'growth', 'of', 'disorder', 'could', 'cause', 'massive', 'objects', 'to', 'move', 'toward', 'one', 'another', 'physicists', 'are', 'both', 'interested', 'and', 'skeptical']","['new', 'argument', 'explores', 'growth', 'disorder', 'could', 'cause', 'massive', 'objects', 'move', 'toward', 'one', 'another', 'physicists', 'interested', 'skeptical']","['new', 'argument', 'explores', 'growth', 'disorder', 'could', 'cause', 'massive', 'object', 'move', 'toward', 'one', 'another', 'physicist', 'interested', 'skeptical']"
First Map Made of a Solid’s Secret Quantum Geometry,Shalma Wegsman,"June 6, 2025","Physicists recently mapped the hidden shape that underlies the quantum behaviors of a crystal, using a new method that’s expected to become ubiquitous.",physicist recently mapped hidden shape underlies quantum behavior crystal using new method expected become ubiquitous,"physicists recently mapped the hidden shape that underlies the quantum behaviors of a crystal, using a new method that’s expected to become ubiquitous.",physicists recently mapped the hidden shape that underlies the quantum behaviors of a crystal using a new method that s expected to become ubiquitous,"['physicists', 'recently', 'mapped', 'the', 'hidden', 'shape', 'that', 'underlies', 'the', 'quantum', 'behaviors', 'of', 'a', 'crystal', 'using', 'a', 'new', 'method', 'that', 's', 'expected', 'to', 'become', 'ubiquitous']","['physicists', 'recently', 'mapped', 'hidden', 'shape', 'underlies', 'quantum', 'behaviors', 'crystal', 'using', 'new', 'method', 'expected', 'become', 'ubiquitous']","['physicist', 'recently', 'mapped', 'hidden', 'shape', 'underlies', 'quantum', 'behavior', 'crystal', 'using', 'new', 'method', 'expected', 'become', 'ubiquitous']"
Will We Ever Prove String Theory?,Janna Levin,"May 29, 2025","Promise and controversy continues to surround string theory as a potential unified theory of everything. In the latest episode of The Joy of Why, Cumrun Vafa discusses his progress in trying to find good, testable models hidden among the ‘swampland’ of impossible universes.",promise controversy continues surround string theory potential unified theory everything latest episode joy cumrun vafa discusses progress trying find good testable model hidden among swampland impossible universe,"promise and controversy continues to surround string theory as a potential unified theory of everything. in the latest episode of the joy of why, cumrun vafa discusses his progress in trying to find good, testable models hidden among the ‘swampland’ of impossible universes.",promise and controversy continues to surround string theory as a potential unified theory of everything in the latest episode of the joy of why cumrun vafa discusses his progress in trying to find good testable models hidden among the swampland of impossible universes,"['promise', 'and', 'controversy', 'continues', 'to', 'surround', 'string', 'theory', 'as', 'a', 'potential', 'unified', 'theory', 'of', 'everything', 'in', 'the', 'latest', 'episode', 'of', 'the', 'joy', 'of', 'why', 'cumrun', 'vafa', 'discusses', 'his', 'progress', 'in', 'trying', 'to', 'find', 'good', 'testable', 'models', 'hidden', 'among', 'the', 'swampland', 'of', 'impossible', 'universes']","['promise', 'controversy', 'continues', 'surround', 'string', 'theory', 'potential', 'unified', 'theory', 'everything', 'latest', 'episode', 'joy', 'cumrun', 'vafa', 'discusses', 'progress', 'trying', 'find', 'good', 'testable', 'models', 'hidden', 'among', 'swampland', 'impossible', 'universes']","['promise', 'controversy', 'continues', 'surround', 'string', 'theory', 'potential', 'unified', 'theory', 'everything', 'latest', 'episode', 'joy', 'cumrun', 'vafa', 'discusses', 'progress', 'trying', 'find', 'good', 'testable', 'model', 'hidden', 'among', 'swampland', 'impossible', 'universe']"
Singularities in Space-Time Prove Hard to Kill,Charlie Wood,"May 27, 2025",Black hole and Big Bang singularities break our best theory of gravity. A trilogy of theorems hints that physicists must go to the ends of space and time to find a fix.,black hole big bang singularity break best theory gravity trilogy theorem hint physicist must go end space time find fix,black hole and big bang singularities break our best theory of gravity. a trilogy of theorems hints that physicists must go to the ends of space and time to find a fix.,black hole and big bang singularities break our best theory of gravity a trilogy of theorems hints that physicists must go to the ends of space and time to find a fix,"['black', 'hole', 'and', 'big', 'bang', 'singularities', 'break', 'our', 'best', 'theory', 'of', 'gravity', 'a', 'trilogy', 'of', 'theorems', 'hints', 'that', 'physicists', 'must', 'go', 'to', 'the', 'ends', 'of', 'space', 'and', 'time', 'to', 'find', 'a', 'fix']","['black', 'hole', 'big', 'bang', 'singularities', 'break', 'best', 'theory', 'gravity', 'trilogy', 'theorems', 'hints', 'physicists', 'must', 'go', 'ends', 'space', 'time', 'find', 'fix']","['black', 'hole', 'big', 'bang', 'singularity', 'break', 'best', 'theory', 'gravity', 'trilogy', 'theorem', 'hint', 'physicist', 'must', 'go', 'end', 'space', 'time', 'find', 'fix']"
How Did Geometry Create Modern Physics?,Janna Levin,"May 15, 2025","Geometry may have its origins thousands of years ago in ancient land surveying, but it has also had a surprising impact on modern physics. In the latest episode of The Joy of Why, Yang-Hui He explores geometry’s evolution and its future potential through AI.",geometry may origin thousand year ago ancient land surveying also surprising impact modern physic latest episode joy yang hui explores geometry evolution future potential ai,"geometry may have its origins thousands of years ago in ancient land surveying, but it has also had a surprising impact on modern physics. in the latest episode of the joy of why, yang-hui he explores geometry’s evolution and its future potential through ai.",geometry may have its origins thousands of years ago in ancient land surveying but it has also had a surprising impact on modern physics in the latest episode of the joy of why yang hui he explores geometry s evolution and its future potential through ai,"['geometry', 'may', 'have', 'its', 'origins', 'thousands', 'of', 'years', 'ago', 'in', 'ancient', 'land', 'surveying', 'but', 'it', 'has', 'also', 'had', 'a', 'surprising', 'impact', 'on', 'modern', 'physics', 'in', 'the', 'latest', 'episode', 'of', 'the', 'joy', 'of', 'why', 'yang', 'hui', 'he', 'explores', 'geometry', 's', 'evolution', 'and', 'its', 'future', 'potential', 'through', 'ai']","['geometry', 'may', 'origins', 'thousands', 'years', 'ago', 'ancient', 'land', 'surveying', 'also', 'surprising', 'impact', 'modern', 'physics', 'latest', 'episode', 'joy', 'yang', 'hui', 'explores', 'geometry', 'evolution', 'future', 'potential', 'ai']","['geometry', 'may', 'origin', 'thousand', 'year', 'ago', 'ancient', 'land', 'surveying', 'also', 'surprising', 'impact', 'modern', 'physic', 'latest', 'episode', 'joy', 'yang', 'hui', 'explores', 'geometry', 'evolution', 'future', 'potential', 'ai']"
How the Universe Differs From Its Mirror Image,Zack Savitsky,"May 14, 2025","From living matter to molecules to elementary particles, the world is made of “chiral” objects that differ from their reflected forms.",living matter molecule elementary particle world made chiral object differ reflected form,"from living matter to molecules to elementary particles, the world is made of “chiral” objects that differ from their reflected forms.",from living matter to molecules to elementary particles the world is made of chiral objects that differ from their reflected forms,"['from', 'living', 'matter', 'to', 'molecules', 'to', 'elementary', 'particles', 'the', 'world', 'is', 'made', 'of', 'chiral', 'objects', 'that', 'differ', 'from', 'their', 'reflected', 'forms']","['living', 'matter', 'molecules', 'elementary', 'particles', 'world', 'made', 'chiral', 'objects', 'differ', 'reflected', 'forms']","['living', 'matter', 'molecule', 'elementary', 'particle', 'world', 'made', 'chiral', 'object', 'differ', 'reflected', 'form']"
Finding Beauty and Truth in Mundane Occurrences,Charlie Wood,"May 9, 2025",The physicist Sidney Nagel delights in solving mysteries of the universe that are hiding in plain sight.,physicist sidney nagel delight solving mystery universe hiding plain sight,the physicist sidney nagel delights in solving mysteries of the universe that are hiding in plain sight.,the physicist sidney nagel delights in solving mysteries of the universe that are hiding in plain sight,"['the', 'physicist', 'sidney', 'nagel', 'delights', 'in', 'solving', 'mysteries', 'of', 'the', 'universe', 'that', 'are', 'hiding', 'in', 'plain', 'sight']","['physicist', 'sidney', 'nagel', 'delights', 'solving', 'mysteries', 'universe', 'hiding', 'plain', 'sight']","['physicist', 'sidney', 'nagel', 'delight', 'solving', 'mystery', 'universe', 'hiding', 'plain', 'sight']"
The Strange Physics That Gave Birth to AI,Elise Cutts,"April 30, 2025",Modern thinking machines owe their existence to insights from the physics of complex materials.,modern thinking machine owe existence insight physic complex material,modern thinking machines owe their existence to insights from the physics of complex materials.,modern thinking machines owe their existence to insights from the physics of complex materials,"['modern', 'thinking', 'machines', 'owe', 'their', 'existence', 'to', 'insights', 'from', 'the', 'physics', 'of', 'complex', 'materials']","['modern', 'thinking', 'machines', 'owe', 'existence', 'insights', 'physics', 'complex', 'materials']","['modern', 'thinking', 'machine', 'owe', 'existence', 'insight', 'physic', 'complex', 'material']"
Introducing The Quanta Podcast,Samir Patel,"April 30, 2025","Exploring the distant universe, the insides of cells, the abstractions of math, the complexity of information itself and much more, The Quanta Podcast will be a tour of the frontier between the known and the unknown.",exploring distant universe inside cell abstraction math complexity information much quantum podcast tour frontier known unknown,"exploring the distant universe, the insides of cells, the abstractions of math, the complexity of information itself and much more, the quanta podcast will be a tour of the frontier between the known and the unknown.",exploring the distant universe the insides of cells the abstractions of math the complexity of information itself and much more the quanta podcast will be a tour of the frontier between the known and the unknown,"['exploring', 'the', 'distant', 'universe', 'the', 'insides', 'of', 'cells', 'the', 'abstractions', 'of', 'math', 'the', 'complexity', 'of', 'information', 'itself', 'and', 'much', 'more', 'the', 'quanta', 'podcast', 'will', 'be', 'a', 'tour', 'of', 'the', 'frontier', 'between', 'the', 'known', 'and', 'the', 'unknown']","['exploring', 'distant', 'universe', 'insides', 'cells', 'abstractions', 'math', 'complexity', 'information', 'much', 'quanta', 'podcast', 'tour', 'frontier', 'known', 'unknown']","['exploring', 'distant', 'universe', 'inside', 'cell', 'abstraction', 'math', 'complexity', 'information', 'much', 'quantum', 'podcast', 'tour', 'frontier', 'known', 'unknown']"
"What’s Going On Inside Io, Jupiter’s Volcanic Moon?",Robin George Andrews,"April 25, 2025",Recent flybys of the fiery world refute a leading theory of its inner structure — and reveal how little is understood about geologically active moons.,recent flybys fiery world refute leading theory inner structure reveal little understood geologically active moon,recent flybys of the fiery world refute a leading theory of its inner structure — and reveal how little is understood about geologically active moons.,recent flybys of the fiery world refute a leading theory of its inner structure and reveal how little is understood about geologically active moons,"['recent', 'flybys', 'of', 'the', 'fiery', 'world', 'refute', 'a', 'leading', 'theory', 'of', 'its', 'inner', 'structure', 'and', 'reveal', 'how', 'little', 'is', 'understood', 'about', 'geologically', 'active', 'moons']","['recent', 'flybys', 'fiery', 'world', 'refute', 'leading', 'theory', 'inner', 'structure', 'reveal', 'little', 'understood', 'geologically', 'active', 'moons']","['recent', 'flybys', 'fiery', 'world', 'refute', 'leading', 'theory', 'inner', 'structure', 'reveal', 'little', 'understood', 'geologically', 'active', 'moon']"
Can Quantum Gravity Be Created in the Lab?,Steven Strogatz,"April 17, 2025","Quantum gravity could help physicists unite the currently incompatible worlds of quantum mechanics and gravity. In this episode, Monika Schleier-Smith discusses her pioneering experimental approach, using laser-cooled atoms to explore whether gravity could emerge from quantum entanglement.",quantum gravity could help physicist unite currently incompatible world quantum mechanic gravity episode monika schleier smith discusses pioneering experimental approach using laser cooled atom explore whether gravity could emerge quantum entanglement,"quantum gravity could help physicists unite the currently incompatible worlds of quantum mechanics and gravity. in this episode, monika schleier-smith discusses her pioneering experimental approach, using laser-cooled atoms to explore whether gravity could emerge from quantum entanglement.",quantum gravity could help physicists unite the currently incompatible worlds of quantum mechanics and gravity in this episode monika schleier smith discusses her pioneering experimental approach using laser cooled atoms to explore whether gravity could emerge from quantum entanglement,"['quantum', 'gravity', 'could', 'help', 'physicists', 'unite', 'the', 'currently', 'incompatible', 'worlds', 'of', 'quantum', 'mechanics', 'and', 'gravity', 'in', 'this', 'episode', 'monika', 'schleier', 'smith', 'discusses', 'her', 'pioneering', 'experimental', 'approach', 'using', 'laser', 'cooled', 'atoms', 'to', 'explore', 'whether', 'gravity', 'could', 'emerge', 'from', 'quantum', 'entanglement']","['quantum', 'gravity', 'could', 'help', 'physicists', 'unite', 'currently', 'incompatible', 'worlds', 'quantum', 'mechanics', 'gravity', 'episode', 'monika', 'schleier', 'smith', 'discusses', 'pioneering', 'experimental', 'approach', 'using', 'laser', 'cooled', 'atoms', 'explore', 'whether', 'gravity', 'could', 'emerge', 'quantum', 'entanglement']","['quantum', 'gravity', 'could', 'help', 'physicist', 'unite', 'currently', 'incompatible', 'world', 'quantum', 'mechanic', 'gravity', 'episode', 'monika', 'schleier', 'smith', 'discusses', 'pioneering', 'experimental', 'approach', 'using', 'laser', 'cooled', 'atom', 'explore', 'whether', 'gravity', 'could', 'emerge', 'quantum', 'entanglement']"
‘Paraparticles’ Would Be a Third Kingdom of Quantum Particle,Shalma Wegsman,"April 11, 2025",A new proposal makes the case that paraparticles — a new category of quantum particle — could be created in exotic materials.,new proposal make case paraparticles new category quantum particle could created exotic material,a new proposal makes the case that paraparticles — a new category of quantum particle — could be created in exotic materials.,a new proposal makes the case that paraparticles a new category of quantum particle could be created in exotic materials,"['a', 'new', 'proposal', 'makes', 'the', 'case', 'that', 'paraparticles', 'a', 'new', 'category', 'of', 'quantum', 'particle', 'could', 'be', 'created', 'in', 'exotic', 'materials']","['new', 'proposal', 'makes', 'case', 'paraparticles', 'new', 'category', 'quantum', 'particle', 'could', 'created', 'exotic', 'materials']","['new', 'proposal', 'make', 'case', 'paraparticles', 'new', 'category', 'quantum', 'particle', 'could', 'created', 'exotic', 'material']"
Why Everything in the Universe Turns More Complex,Philip Ball,"April 2, 2025","A new suggestion that complexity increases over time, not just in living organisms but in the nonliving world, promises to rewrite notions of time and evolution.",new suggestion complexity increase time not living organism nonliving world promise rewrite notion time evolution,"a new suggestion that complexity increases over time, not just in living organisms but in the nonliving world, promises to rewrite notions of time and evolution.",a new suggestion that complexity increases over time not just in living organisms but in the nonliving world promises to rewrite notions of time and evolution,"['a', 'new', 'suggestion', 'that', 'complexity', 'increases', 'over', 'time', 'not', 'just', 'in', 'living', 'organisms', 'but', 'in', 'the', 'nonliving', 'world', 'promises', 'to', 'rewrite', 'notions', 'of', 'time', 'and', 'evolution']","['new', 'suggestion', 'complexity', 'increases', 'time', 'not', 'living', 'organisms', 'nonliving', 'world', 'promises', 'rewrite', 'notions', 'time', 'evolution']","['new', 'suggestion', 'complexity', 'increase', 'time', 'not', 'living', 'organism', 'nonliving', 'world', 'promise', 'rewrite', 'notion', 'time', 'evolution']"
Is Dark Energy Getting Weaker? New Evidence Strengthens the Case.,Charlie Wood,"March 19, 2025","Last year, an enormous map of the cosmos hinted that the engine driving cosmic expansion might be sputtering. Now physicists are back with an even bigger map, and a stronger conclusion.",last year enormous map cosmos hinted engine driving cosmic expansion might sputtering physicist back even bigger map stronger conclusion,"last year, an enormous map of the cosmos hinted that the engine driving cosmic expansion might be sputtering. now physicists are back with an even bigger map, and a stronger conclusion.",last year an enormous map of the cosmos hinted that the engine driving cosmic expansion might be sputtering now physicists are back with an even bigger map and a stronger conclusion,"['last', 'year', 'an', 'enormous', 'map', 'of', 'the', 'cosmos', 'hinted', 'that', 'the', 'engine', 'driving', 'cosmic', 'expansion', 'might', 'be', 'sputtering', 'now', 'physicists', 'are', 'back', 'with', 'an', 'even', 'bigger', 'map', 'and', 'a', 'stronger', 'conclusion']","['last', 'year', 'enormous', 'map', 'cosmos', 'hinted', 'engine', 'driving', 'cosmic', 'expansion', 'might', 'sputtering', 'physicists', 'back', 'even', 'bigger', 'map', 'stronger', 'conclusion']","['last', 'year', 'enormous', 'map', 'cosmos', 'hinted', 'engine', 'driving', 'cosmic', 'expansion', 'might', 'sputtering', 'physicist', 'back', 'even', 'bigger', 'map', 'stronger', 'conclusion']"
The Road Map to Alien Life Passes Through the ‘Cosmic Shoreline’,Elise Cutts,"March 12, 2025","Astronomers are ready to search for the fingerprints of life in faraway planetary atmospheres. But first, they need to know where to look — and that means figuring out which planets are likely to have atmospheres in the first place.",astronomer ready search fingerprint life faraway planetary atmosphere first need know look mean figuring planet likely atmosphere first place,"astronomers are ready to search for the fingerprints of life in faraway planetary atmospheres. but first, they need to know where to look — and that means figuring out which planets are likely to have atmospheres in the first place.",astronomers are ready to search for the fingerprints of life in faraway planetary atmospheres but first they need to know where to look and that means figuring out which planets are likely to have atmospheres in the first place,"['astronomers', 'are', 'ready', 'to', 'search', 'for', 'the', 'fingerprints', 'of', 'life', 'in', 'faraway', 'planetary', 'atmospheres', 'but', 'first', 'they', 'need', 'to', 'know', 'where', 'to', 'look', 'and', 'that', 'means', 'figuring', 'out', 'which', 'planets', 'are', 'likely', 'to', 'have', 'atmospheres', 'in', 'the', 'first', 'place']","['astronomers', 'ready', 'search', 'fingerprints', 'life', 'faraway', 'planetary', 'atmospheres', 'first', 'need', 'know', 'look', 'means', 'figuring', 'planets', 'likely', 'atmospheres', 'first', 'place']","['astronomer', 'ready', 'search', 'fingerprint', 'life', 'faraway', 'planetary', 'atmosphere', 'first', 'need', 'know', 'look', 'mean', 'figuring', 'planet', 'likely', 'atmosphere', 'first', 'place']"
‘Next-Level’ Chaos Traces the True Limit of Predictability,Charlie Wood,"March 7, 2025","In math and computer science, researchers have long understood that some questions are fundamentally unanswerable. Now physicists are exploring how even ordinary physical systems put hard limits on what we can predict, even in principle.",math computer science researcher long understood question fundamentally unanswerable physicist exploring even ordinary physical system put hard limit predict even principle,"in math and computer science, researchers have long understood that some questions are fundamentally unanswerable. now physicists are exploring how even ordinary physical systems put hard limits on what we can predict, even in principle.",in math and computer science researchers have long understood that some questions are fundamentally unanswerable now physicists are exploring how even ordinary physical systems put hard limits on what we can predict even in principle,"['in', 'math', 'and', 'computer', 'science', 'researchers', 'have', 'long', 'understood', 'that', 'some', 'questions', 'are', 'fundamentally', 'unanswerable', 'now', 'physicists', 'are', 'exploring', 'how', 'even', 'ordinary', 'physical', 'systems', 'put', 'hard', 'limits', 'on', 'what', 'we', 'can', 'predict', 'even', 'in', 'principle']","['math', 'computer', 'science', 'researchers', 'long', 'understood', 'questions', 'fundamentally', 'unanswerable', 'physicists', 'exploring', 'even', 'ordinary', 'physical', 'systems', 'put', 'hard', 'limits', 'predict', 'even', 'principle']","['math', 'computer', 'science', 'researcher', 'long', 'understood', 'question', 'fundamentally', 'unanswerable', 'physicist', 'exploring', 'even', 'ordinary', 'physical', 'system', 'put', 'hard', 'limit', 'predict', 'even', 'principle']"
"New Maps of the Bizarre, Chaotic Space-Time Inside Black Holes",Lyndie Chiou,"February 24, 2025",Physicists hope that understanding the churning region near singularities might help them reconcile gravity and quantum mechanics.,physicist hope understanding churning region near singularity might help reconcile gravity quantum mechanic,physicists hope that understanding the churning region near singularities might help them reconcile gravity and quantum mechanics.,physicists hope that understanding the churning region near singularities might help them reconcile gravity and quantum mechanics,"['physicists', 'hope', 'that', 'understanding', 'the', 'churning', 'region', 'near', 'singularities', 'might', 'help', 'them', 'reconcile', 'gravity', 'and', 'quantum', 'mechanics']","['physicists', 'hope', 'understanding', 'churning', 'region', 'near', 'singularities', 'might', 'help', 'reconcile', 'gravity', 'quantum', 'mechanics']","['physicist', 'hope', 'understanding', 'churning', 'region', 'near', 'singularity', 'might', 'help', 'reconcile', 'gravity', 'quantum', 'mechanic']"
How Hans Bethe Stumbled Upon Perfect Quantum Theories,Matt von Hippel,"February 12, 2025","Quantum calculations amount to sophisticated estimates. But in 1931, Hans Bethe intuited precisely how a chain of particles would behave — an insight that had far-reaching consequences.",quantum calculation amount sophisticated estimate han bethe intuited precisely chain particle would behave insight far reaching consequence,"quantum calculations amount to sophisticated estimates. but in 1931, hans bethe intuited precisely how a chain of particles would behave — an insight that had far-reaching consequences.",quantum calculations amount to sophisticated estimates but in hans bethe intuited precisely how a chain of particles would behave an insight that had far reaching consequences,"['quantum', 'calculations', 'amount', 'to', 'sophisticated', 'estimates', 'but', 'in', 'hans', 'bethe', 'intuited', 'precisely', 'how', 'a', 'chain', 'of', 'particles', 'would', 'behave', 'an', 'insight', 'that', 'had', 'far', 'reaching', 'consequences']","['quantum', 'calculations', 'amount', 'sophisticated', 'estimates', 'hans', 'bethe', 'intuited', 'precisely', 'chain', 'particles', 'would', 'behave', 'insight', 'far', 'reaching', 'consequences']","['quantum', 'calculation', 'amount', 'sophisticated', 'estimate', 'han', 'bethe', 'intuited', 'precisely', 'chain', 'particle', 'would', 'behave', 'insight', 'far', 'reaching', 'consequence']"
How Noether’s Theorem Revolutionized Physics,Shalma Wegsman,"February 7, 2025","Emmy Noether showed that fundamental physical laws are just a consequence of simple symmetries. A century later, her insights continue to shape physics.",emmy noether showed fundamental physical law consequence simple symmetry century later insight continue shape physic,"emmy noether showed that fundamental physical laws are just a consequence of simple symmetries. a century later, her insights continue to shape physics.",emmy noether showed that fundamental physical laws are just a consequence of simple symmetries a century later her insights continue to shape physics,"['emmy', 'noether', 'showed', 'that', 'fundamental', 'physical', 'laws', 'are', 'just', 'a', 'consequence', 'of', 'simple', 'symmetries', 'a', 'century', 'later', 'her', 'insights', 'continue', 'to', 'shape', 'physics']","['emmy', 'noether', 'showed', 'fundamental', 'physical', 'laws', 'consequence', 'simple', 'symmetries', 'century', 'later', 'insights', 'continue', 'shape', 'physics']","['emmy', 'noether', 'showed', 'fundamental', 'physical', 'law', 'consequence', 'simple', 'symmetry', 'century', 'later', 'insight', 'continue', 'shape', 'physic']"
Cosmologists Try a New Way to Measure the Shape of the Universe,Steve Nadis,"January 27, 2025","Is the universe flat and infinite, or something more complex? We can’t say for sure, but a new search strategy is mapping out the subtle signals that could reveal if the universe has a shape.",universe flat infinite something complex say sure new search strategy mapping subtle signal could reveal universe shape,"is the universe flat and infinite, or something more complex? we can’t say for sure, but a new search strategy is mapping out the subtle signals that could reveal if the universe has a shape.",is the universe flat and infinite or something more complex we can t say for sure but a new search strategy is mapping out the subtle signals that could reveal if the universe has a shape,"['is', 'the', 'universe', 'flat', 'and', 'infinite', 'or', 'something', 'more', 'complex', 'we', 'can', 't', 'say', 'for', 'sure', 'but', 'a', 'new', 'search', 'strategy', 'is', 'mapping', 'out', 'the', 'subtle', 'signals', 'that', 'could', 'reveal', 'if', 'the', 'universe', 'has', 'a', 'shape']","['universe', 'flat', 'infinite', 'something', 'complex', 'say', 'sure', 'new', 'search', 'strategy', 'mapping', 'subtle', 'signals', 'could', 'reveal', 'universe', 'shape']","['universe', 'flat', 'infinite', 'something', 'complex', 'say', 'sure', 'new', 'search', 'strategy', 'mapping', 'subtle', 'signal', 'could', 'reveal', 'universe', 'shape']"
Heat Destroys All Order. Except for in This One Special Case.,Charlie Wood,"January 16, 2025",Heat is supposed to ruin anything it touches. But physicists have shown that an idealized form of magnetism is heatproof.,heat supposed ruin anything touch physicist shown idealized form magnetism heatproof,heat is supposed to ruin anything it touches. but physicists have shown that an idealized form of magnetism is heatproof.,heat is supposed to ruin anything it touches but physicists have shown that an idealized form of magnetism is heatproof,"['heat', 'is', 'supposed', 'to', 'ruin', 'anything', 'it', 'touches', 'but', 'physicists', 'have', 'shown', 'that', 'an', 'idealized', 'form', 'of', 'magnetism', 'is', 'heatproof']","['heat', 'supposed', 'ruin', 'anything', 'touches', 'physicists', 'shown', 'idealized', 'form', 'magnetism', 'heatproof']","['heat', 'supposed', 'ruin', 'anything', 'touch', 'physicist', 'shown', 'idealized', 'form', 'magnetism', 'heatproof']"
The Physicist Decoding the Nonbinary Nature of the Subatomic World,Henry Carnell,"January 10, 2025","Inside the proton, quarks and gluons shift and morph their properties in ways that physicists are still struggling to understand. Rithya Kunnawalkam Elayavalli brings to the problem a perspective unlike many of their peers.",inside proton quark gluon shift morph property way physicist still struggling understand rithya kunnawalkam elayavalli brings problem perspective unlike many peer,"inside the proton, quarks and gluons shift and morph their properties in ways that physicists are still struggling to understand. rithya kunnawalkam elayavalli brings to the problem a perspective unlike many of their peers.",inside the proton quarks and gluons shift and morph their properties in ways that physicists are still struggling to understand rithya kunnawalkam elayavalli brings to the problem a perspective unlike many of their peers,"['inside', 'the', 'proton', 'quarks', 'and', 'gluons', 'shift', 'and', 'morph', 'their', 'properties', 'in', 'ways', 'that', 'physicists', 'are', 'still', 'struggling', 'to', 'understand', 'rithya', 'kunnawalkam', 'elayavalli', 'brings', 'to', 'the', 'problem', 'a', 'perspective', 'unlike', 'many', 'of', 'their', 'peers']","['inside', 'proton', 'quarks', 'gluons', 'shift', 'morph', 'properties', 'ways', 'physicists', 'still', 'struggling', 'understand', 'rithya', 'kunnawalkam', 'elayavalli', 'brings', 'problem', 'perspective', 'unlike', 'many', 'peers']","['inside', 'proton', 'quark', 'gluon', 'shift', 'morph', 'property', 'way', 'physicist', 'still', 'struggling', 'understand', 'rithya', 'kunnawalkam', 'elayavalli', 'brings', 'problem', 'perspective', 'unlike', 'many', 'peer']"
How Will We Know We’re Not Alone?,Janna Levin,"December 19, 2024","The first planet beyond our solar system was identified just 30 years ago. Since then, thousands have been found and characterized. As we look for more, exoplanet experts are also probing for signs of alien biospheres hundreds of light-years away. In this episode, co-host Janna Levin speaks with astrophysicist and astrobiologist Lisa Kaltenegger about how we’ll know we’re not alone in the cosmos.",first planet beyond solar system identified year ago since thousand found characterized look exoplanet expert also probing sign alien biosphere hundred light year away episode co host janna levin speaks astrophysicist astrobiologist lisa kaltenegger know not alone cosmos,"the first planet beyond our solar system was identified just 30 years ago. since then, thousands have been found and characterized. as we look for more, exoplanet experts are also probing for signs of alien biospheres hundreds of light-years away. in this episode, co-host janna levin speaks with astrophysicist and astrobiologist lisa kaltenegger about how we’ll know we’re not alone in the cosmos.",the first planet beyond our solar system was identified just years ago since then thousands have been found and characterized as we look for more exoplanet experts are also probing for signs of alien biospheres hundreds of light years away in this episode co host janna levin speaks with astrophysicist and astrobiologist lisa kaltenegger about how we ll know we re not alone in the cosmos,"['the', 'first', 'planet', 'beyond', 'our', 'solar', 'system', 'was', 'identified', 'just', 'years', 'ago', 'since', 'then', 'thousands', 'have', 'been', 'found', 'and', 'characterized', 'as', 'we', 'look', 'for', 'more', 'exoplanet', 'experts', 'are', 'also', 'probing', 'for', 'signs', 'of', 'alien', 'biospheres', 'hundreds', 'of', 'light', 'years', 'away', 'in', 'this', 'episode', 'co', 'host', 'janna', 'levin', 'speaks', 'with', 'astrophysicist', 'and', 'astrobiologist', 'lisa', 'kaltenegger', 'about', 'how', 'we', 'll', 'know', 'we', 're', 'not', 'alone', 'in', 'the', 'cosmos']","['first', 'planet', 'beyond', 'solar', 'system', 'identified', 'years', 'ago', 'since', 'thousands', 'found', 'characterized', 'look', 'exoplanet', 'experts', 'also', 'probing', 'signs', 'alien', 'biospheres', 'hundreds', 'light', 'years', 'away', 'episode', 'co', 'host', 'janna', 'levin', 'speaks', 'astrophysicist', 'astrobiologist', 'lisa', 'kaltenegger', 'know', 'not', 'alone', 'cosmos']","['first', 'planet', 'beyond', 'solar', 'system', 'identified', 'year', 'ago', 'since', 'thousand', 'found', 'characterized', 'look', 'exoplanet', 'expert', 'also', 'probing', 'sign', 'alien', 'biosphere', 'hundred', 'light', 'year', 'away', 'episode', 'co', 'host', 'janna', 'levin', 'speaks', 'astrophysicist', 'astrobiologist', 'lisa', 'kaltenegger', 'know', 'not', 'alone', 'cosmos']"
What Is Entropy? A Measure of Just How Little We Really Know.,Zack Savitsky,"December 13, 2024","Exactly 200 years ago, a French engineer introduced an idea that would quantify the universe’s inexorable slide into decay. But entropy, as it’s currently understood, is less a fact about the world than a reflection of our growing ignorance. Embracing that truth is leading to a rethink of everything from rational decision-making to the limits of machines.",exactly year ago french engineer introduced idea would quantify universe inexorable slide decay entropy currently understood less fact world reflection growing ignorance embracing truth leading rethink everything rational decision making limit machine,"exactly 200 years ago, a french engineer introduced an idea that would quantify the universe’s inexorable slide into decay. but entropy, as it’s currently understood, is less a fact about the world than a reflection of our growing ignorance. embracing that truth is leading to a rethink of everything from rational decision-making to the limits of machines.",exactly years ago a french engineer introduced an idea that would quantify the universe s inexorable slide into decay but entropy as it s currently understood is less a fact about the world than a reflection of our growing ignorance embracing that truth is leading to a rethink of everything from rational decision making to the limits of machines,"['exactly', 'years', 'ago', 'a', 'french', 'engineer', 'introduced', 'an', 'idea', 'that', 'would', 'quantify', 'the', 'universe', 's', 'inexorable', 'slide', 'into', 'decay', 'but', 'entropy', 'as', 'it', 's', 'currently', 'understood', 'is', 'less', 'a', 'fact', 'about', 'the', 'world', 'than', 'a', 'reflection', 'of', 'our', 'growing', 'ignorance', 'embracing', 'that', 'truth', 'is', 'leading', 'to', 'a', 'rethink', 'of', 'everything', 'from', 'rational', 'decision', 'making', 'to', 'the', 'limits', 'of', 'machines']","['exactly', 'years', 'ago', 'french', 'engineer', 'introduced', 'idea', 'would', 'quantify', 'universe', 'inexorable', 'slide', 'decay', 'entropy', 'currently', 'understood', 'less', 'fact', 'world', 'reflection', 'growing', 'ignorance', 'embracing', 'truth', 'leading', 'rethink', 'everything', 'rational', 'decision', 'making', 'limits', 'machines']","['exactly', 'year', 'ago', 'french', 'engineer', 'introduced', 'idea', 'would', 'quantify', 'universe', 'inexorable', 'slide', 'decay', 'entropy', 'currently', 'understood', 'less', 'fact', 'world', 'reflection', 'growing', 'ignorance', 'embracing', 'truth', 'leading', 'rethink', 'everything', 'rational', 'decision', 'making', 'limit', 'machine']"
Quantum Computers Cross Critical Error Threshold,Ben Brubaker,"December 9, 2024","In a first, researchers have shown that adding more “qubits” to a quantum computer can make it more resilient. It’s an essential step on the long road to practical applications.",first researcher shown adding qubits quantum computer make resilient essential step long road practical application,"in a first, researchers have shown that adding more “qubits” to a quantum computer can make it more resilient. it’s an essential step on the long road to practical applications.",in a first researchers have shown that adding more qubits to a quantum computer can make it more resilient it s an essential step on the long road to practical applications,"['in', 'a', 'first', 'researchers', 'have', 'shown', 'that', 'adding', 'more', 'qubits', 'to', 'a', 'quantum', 'computer', 'can', 'make', 'it', 'more', 'resilient', 'it', 's', 'an', 'essential', 'step', 'on', 'the', 'long', 'road', 'to', 'practical', 'applications']","['first', 'researchers', 'shown', 'adding', 'qubits', 'quantum', 'computer', 'make', 'resilient', 'essential', 'step', 'long', 'road', 'practical', 'applications']","['first', 'researcher', 'shown', 'adding', 'qubits', 'quantum', 'computer', 'make', 'resilient', 'essential', 'step', 'long', 'road', 'practical', 'application']"
Exotic New Superconductors Delight and Confound,Charlie Wood,"December 6, 2024","Three new species of superconductivity were spotted this year, illustrating the myriad ways electrons can join together to form a frictionless quantum soup.",three new specie superconductivity spotted year illustrating myriad way electron join together form frictionless quantum soup,"three new species of superconductivity were spotted this year, illustrating the myriad ways electrons can join together to form a frictionless quantum soup.",three new species of superconductivity were spotted this year illustrating the myriad ways electrons can join together to form a frictionless quantum soup,"['three', 'new', 'species', 'of', 'superconductivity', 'were', 'spotted', 'this', 'year', 'illustrating', 'the', 'myriad', 'ways', 'electrons', 'can', 'join', 'together', 'to', 'form', 'a', 'frictionless', 'quantum', 'soup']","['three', 'new', 'species', 'superconductivity', 'spotted', 'year', 'illustrating', 'myriad', 'ways', 'electrons', 'join', 'together', 'form', 'frictionless', 'quantum', 'soup']","['three', 'new', 'specie', 'superconductivity', 'spotted', 'year', 'illustrating', 'myriad', 'way', 'electron', 'join', 'together', 'form', 'frictionless', 'quantum', 'soup']"
"In the Quantum World, Even Points of View Are Uncertain",Anil Ananthaswamy,"November 22, 2024",The reference frames from which observers view quantum events can themselves have multiple possible locations at once — an insight with potentially major ramifications.,reference frame observer view quantum event multiple possible location insight potentially major ramification,the reference frames from which observers view quantum events can themselves have multiple possible locations at once — an insight with potentially major ramifications.,the reference frames from which observers view quantum events can themselves have multiple possible locations at once an insight with potentially major ramifications,"['the', 'reference', 'frames', 'from', 'which', 'observers', 'view', 'quantum', 'events', 'can', 'themselves', 'have', 'multiple', 'possible', 'locations', 'at', 'once', 'an', 'insight', 'with', 'potentially', 'major', 'ramifications']","['reference', 'frames', 'observers', 'view', 'quantum', 'events', 'multiple', 'possible', 'locations', 'insight', 'potentially', 'major', 'ramifications']","['reference', 'frame', 'observer', 'view', 'quantum', 'event', 'multiple', 'possible', 'location', 'insight', 'potentially', 'major', 'ramification']"
The Cosmos Teems with Complex Organic Molecules,Elise Cutts,"November 13, 2024","Wherever astronomers look, they see life’s raw materials.",wherever astronomer look see life raw material,"wherever astronomers look, they see life’s raw materials.",wherever astronomers look they see life s raw materials,"['wherever', 'astronomers', 'look', 'they', 'see', 'life', 's', 'raw', 'materials']","['wherever', 'astronomers', 'look', 'see', 'life', 'raw', 'materials']","['wherever', 'astronomer', 'look', 'see', 'life', 'raw', 'material']"
Physicists Spot Quantum Tornadoes Twirling in a ‘Supersolid’,Zack Savitsky,"November 6, 2024",New observations of microscopic vortices confirm the existence of a paradoxical phase of matter that may also arise inside neutron stars.,new observation microscopic vortex confirm existence paradoxical phase matter may also arise inside neutron star,new observations of microscopic vortices confirm the existence of a paradoxical phase of matter that may also arise inside neutron stars.,new observations of microscopic vortices confirm the existence of a paradoxical phase of matter that may also arise inside neutron stars,"['new', 'observations', 'of', 'microscopic', 'vortices', 'confirm', 'the', 'existence', 'of', 'a', 'paradoxical', 'phase', 'of', 'matter', 'that', 'may', 'also', 'arise', 'inside', 'neutron', 'stars']","['new', 'observations', 'microscopic', 'vortices', 'confirm', 'existence', 'paradoxical', 'phase', 'matter', 'may', 'also', 'arise', 'inside', 'neutron', 'stars']","['new', 'observation', 'microscopic', 'vortex', 'confirm', 'existence', 'paradoxical', 'phase', 'matter', 'may', 'also', 'arise', 'inside', 'neutron', 'star']"
It Might Be Possible To Detect Gravitons After All,Charlie Wood,"October 30, 2024",A new experimental proposal suggests detecting a particle of gravity is far easier than anyone imagined. Now physicists are debating what it would really prove.,new experimental proposal suggests detecting particle gravity far easier anyone imagined physicist debating would really prove,a new experimental proposal suggests detecting a particle of gravity is far easier than anyone imagined. now physicists are debating what it would really prove.,a new experimental proposal suggests detecting a particle of gravity is far easier than anyone imagined now physicists are debating what it would really prove,"['a', 'new', 'experimental', 'proposal', 'suggests', 'detecting', 'a', 'particle', 'of', 'gravity', 'is', 'far', 'easier', 'than', 'anyone', 'imagined', 'now', 'physicists', 'are', 'debating', 'what', 'it', 'would', 'really', 'prove']","['new', 'experimental', 'proposal', 'suggests', 'detecting', 'particle', 'gravity', 'far', 'easier', 'anyone', 'imagined', 'physicists', 'debating', 'would', 'really', 'prove']","['new', 'experimental', 'proposal', 'suggests', 'detecting', 'particle', 'gravity', 'far', 'easier', 'anyone', 'imagined', 'physicist', 'debating', 'would', 'really', 'prove']"
How Do Merging Supermassive Black Holes Pass the Final Parsec?,Jonathan O'Callaghan,"October 23, 2024","The giant holes in galaxies’ centers shouldn’t be able to merge, yet merge they do. Scientists suggest that an unusual form of dark matter may be the solution.",giant hole galaxy center able merge yet merge scientist suggest unusual form dark matter may solution,"the giant holes in galaxies’ centers shouldn’t be able to merge, yet merge they do. scientists suggest that an unusual form of dark matter may be the solution.",the giant holes in galaxies centers shouldn t be able to merge yet merge they do scientists suggest that an unusual form of dark matter may be the solution,"['the', 'giant', 'holes', 'in', 'galaxies', 'centers', 'shouldn', 't', 'be', 'able', 'to', 'merge', 'yet', 'merge', 'they', 'do', 'scientists', 'suggest', 'that', 'an', 'unusual', 'form', 'of', 'dark', 'matter', 'may', 'be', 'the', 'solution']","['giant', 'holes', 'galaxies', 'centers', 'able', 'merge', 'yet', 'merge', 'scientists', 'suggest', 'unusual', 'form', 'dark', 'matter', 'may', 'solution']","['giant', 'hole', 'galaxy', 'center', 'able', 'merge', 'yet', 'merge', 'scientist', 'suggest', 'unusual', 'form', 'dark', 'matter', 'may', 'solution']"
The ‘Beautiful Confusion’ of the First Billion Years Comes Into View,Rebecca Boyle,"October 9, 2024",Astronomers are reveling in the James Webb Space Telescope’s discoveries about the formative epoch of cosmic history.,astronomer reveling james webb space telescope discovery formative epoch cosmic history,astronomers are reveling in the james webb space telescope’s discoveries about the formative epoch of cosmic history.,astronomers are reveling in the james webb space telescope s discoveries about the formative epoch of cosmic history,"['astronomers', 'are', 'reveling', 'in', 'the', 'james', 'webb', 'space', 'telescope', 's', 'discoveries', 'about', 'the', 'formative', 'epoch', 'of', 'cosmic', 'history']","['astronomers', 'reveling', 'james', 'webb', 'space', 'telescope', 'discoveries', 'formative', 'epoch', 'cosmic', 'history']","['astronomer', 'reveling', 'james', 'webb', 'space', 'telescope', 'discovery', 'formative', 'epoch', 'cosmic', 'history']"
Can Space-Time Be Saved?,Charlie Wood,"September 25, 2024",Curious connections between physics and math suggest to Latham Boyle that space-time may survive the jump to the next theory of reality.,curious connection physic math suggest latham boyle space time may survive jump next theory reality,curious connections between physics and math suggest to latham boyle that space-time may survive the jump to the next theory of reality.,curious connections between physics and math suggest to latham boyle that space time may survive the jump to the next theory of reality,"['curious', 'connections', 'between', 'physics', 'and', 'math', 'suggest', 'to', 'latham', 'boyle', 'that', 'space', 'time', 'may', 'survive', 'the', 'jump', 'to', 'the', 'next', 'theory', 'of', 'reality']","['curious', 'connections', 'physics', 'math', 'suggest', 'latham', 'boyle', 'space', 'time', 'may', 'survive', 'jump', 'next', 'theory', 'reality']","['curious', 'connection', 'physic', 'math', 'suggest', 'latham', 'boyle', 'space', 'time', 'may', 'survive', 'jump', 'next', 'theory', 'reality']"
Physicists Reveal a Quantum Geometry That Exists Outside of Space and Time,Charlie Wood,"September 25, 2024","A decade after the discovery of the “amplituhedron,” physicists have excavated more of the timeless geometry underlying the standard picture of how particles move.",decade discovery amplituhedron physicist excavated timeless geometry underlying standard picture particle move,"a decade after the discovery of the “amplituhedron,” physicists have excavated more of the timeless geometry underlying the standard picture of how particles move.",a decade after the discovery of the amplituhedron physicists have excavated more of the timeless geometry underlying the standard picture of how particles move,"['a', 'decade', 'after', 'the', 'discovery', 'of', 'the', 'amplituhedron', 'physicists', 'have', 'excavated', 'more', 'of', 'the', 'timeless', 'geometry', 'underlying', 'the', 'standard', 'picture', 'of', 'how', 'particles', 'move']","['decade', 'discovery', 'amplituhedron', 'physicists', 'excavated', 'timeless', 'geometry', 'underlying', 'standard', 'picture', 'particles', 'move']","['decade', 'discovery', 'amplituhedron', 'physicist', 'excavated', 'timeless', 'geometry', 'underlying', 'standard', 'picture', 'particle', 'move']"
"If the Universe Is a Hologram, This Long-Forgotten Math Could Decode It",Charlie Wood,"September 25, 2024","A 1930s-era breakthrough is helping physicists understand how quantum threads could 
weave together into a holographic space-time fabric.",era breakthrough helping physicist understand quantum thread could weave together holographic space time fabric,"a 1930s-era breakthrough is helping physicists understand how quantum threads could 
weave together into a holographic space-time fabric.",a s era breakthrough is helping physicists understand how quantum threads could weave together into a holographic space time fabric,"['a', 's', 'era', 'breakthrough', 'is', 'helping', 'physicists', 'understand', 'how', 'quantum', 'threads', 'could', 'weave', 'together', 'into', 'a', 'holographic', 'space', 'time', 'fabric']","['era', 'breakthrough', 'helping', 'physicists', 'understand', 'quantum', 'threads', 'could', 'weave', 'together', 'holographic', 'space', 'time', 'fabric']","['era', 'breakthrough', 'helping', 'physicist', 'understand', 'quantum', 'thread', 'could', 'weave', 'together', 'holographic', 'space', 'time', 'fabric']"
The #1 Clue to Quantum Gravity Sits on the Surfaces of Black Holes,Joseph Howlett,"September 25, 2024",A black hole formula worked out in the 1970s remains the most concrete clue physicists have about the threads of the space-time fabric.,black hole formula worked remains concrete clue physicist thread space time fabric,a black hole formula worked out in the 1970s remains the most concrete clue physicists have about the threads of the space-time fabric.,a black hole formula worked out in the s remains the most concrete clue physicists have about the threads of the space time fabric,"['a', 'black', 'hole', 'formula', 'worked', 'out', 'in', 'the', 's', 'remains', 'the', 'most', 'concrete', 'clue', 'physicists', 'have', 'about', 'the', 'threads', 'of', 'the', 'space', 'time', 'fabric']","['black', 'hole', 'formula', 'worked', 'remains', 'concrete', 'clue', 'physicists', 'threads', 'space', 'time', 'fabric']","['black', 'hole', 'formula', 'worked', 'remains', 'concrete', 'clue', 'physicist', 'thread', 'space', 'time', 'fabric']"
The Two Faces of Space-Time,Charlie Wood,"September 25, 2024","A mysterious phenomenon known as duality often leads to new discoveries in physics. This time, space-time itself can sometimes be two things at once.",mysterious phenomenon known duality often lead new discovery physic time space time sometimes two thing,"a mysterious phenomenon known as duality often leads to new discoveries in physics. this time, space-time itself can sometimes be two things at once.",a mysterious phenomenon known as duality often leads to new discoveries in physics this time space time itself can sometimes be two things at once,"['a', 'mysterious', 'phenomenon', 'known', 'as', 'duality', 'often', 'leads', 'to', 'new', 'discoveries', 'in', 'physics', 'this', 'time', 'space', 'time', 'itself', 'can', 'sometimes', 'be', 'two', 'things', 'at', 'once']","['mysterious', 'phenomenon', 'known', 'duality', 'often', 'leads', 'new', 'discoveries', 'physics', 'time', 'space', 'time', 'sometimes', 'two', 'things']","['mysterious', 'phenomenon', 'known', 'duality', 'often', 'lead', 'new', 'discovery', 'physic', 'time', 'space', 'time', 'sometimes', 'two', 'thing']"
The Logic That Must Lie Behind a New Physics,Amanda Gefter,"September 25, 2024",The philosopher Karen Crowther digs into how the space-time fabric could possibly emerge from something non-spatiotemporal.,philosopher karen crowther dig space time fabric could possibly emerge something non spatiotemporal,the philosopher karen crowther digs into how the space-time fabric could possibly emerge from something non-spatiotemporal.,the philosopher karen crowther digs into how the space time fabric could possibly emerge from something non spatiotemporal,"['the', 'philosopher', 'karen', 'crowther', 'digs', 'into', 'how', 'the', 'space', 'time', 'fabric', 'could', 'possibly', 'emerge', 'from', 'something', 'non', 'spatiotemporal']","['philosopher', 'karen', 'crowther', 'digs', 'space', 'time', 'fabric', 'could', 'possibly', 'emerge', 'something', 'non', 'spatiotemporal']","['philosopher', 'karen', 'crowther', 'dig', 'space', 'time', 'fabric', 'could', 'possibly', 'emerge', 'something', 'non', 'spatiotemporal']"
The Thought Experiments That Fray the Fabric of Space-Time,Charlie Wood,"September 25, 2024",These three imagined scenarios lead many physicists to doubt that space-time is fundamental.,three imagined scenario lead many physicist doubt space time fundamental,these three imagined scenarios lead many physicists to doubt that space-time is fundamental.,these three imagined scenarios lead many physicists to doubt that space time is fundamental,"['these', 'three', 'imagined', 'scenarios', 'lead', 'many', 'physicists', 'to', 'doubt', 'that', 'space', 'time', 'is', 'fundamental']","['three', 'imagined', 'scenarios', 'lead', 'many', 'physicists', 'doubt', 'space', 'time', 'fundamental']","['three', 'imagined', 'scenario', 'lead', 'many', 'physicist', 'doubt', 'space', 'time', 'fundamental']"
John Wheeler Saw the Tear in Reality,Amanda Gefter,"September 25, 2024","Until his dying days, the giant of 20th-century physics obsessed over the underpinnings of space and time, and how we can all share the same version of them.",dying day giant th century physic obsessed underpinnings space time share version,"until his dying days, the giant of 20th-century physics obsessed over the underpinnings of space and time, and how we can all share the same version of them.",until his dying days the giant of th century physics obsessed over the underpinnings of space and time and how we can all share the same version of them,"['until', 'his', 'dying', 'days', 'the', 'giant', 'of', 'th', 'century', 'physics', 'obsessed', 'over', 'the', 'underpinnings', 'of', 'space', 'and', 'time', 'and', 'how', 'we', 'can', 'all', 'share', 'the', 'same', 'version', 'of', 'them']","['dying', 'days', 'giant', 'th', 'century', 'physics', 'obsessed', 'underpinnings', 'space', 'time', 'share', 'version']","['dying', 'day', 'giant', 'th', 'century', 'physic', 'obsessed', 'underpinnings', 'space', 'time', 'share', 'version']"
The Unraveling of Space-Time,Charlie Wood,"September 25, 2024",This special issue of Quanta Magazine explores the ultimate scientific quest: the search for the fundamental nature of reality.,special issue quantum magazine explores ultimate scientific quest search fundamental nature reality,this special issue of quanta magazine explores the ultimate scientific quest: the search for the fundamental nature of reality.,this special issue of quanta magazine explores the ultimate scientific quest the search for the fundamental nature of reality,"['this', 'special', 'issue', 'of', 'quanta', 'magazine', 'explores', 'the', 'ultimate', 'scientific', 'quest', 'the', 'search', 'for', 'the', 'fundamental', 'nature', 'of', 'reality']","['special', 'issue', 'quanta', 'magazine', 'explores', 'ultimate', 'scientific', 'quest', 'search', 'fundamental', 'nature', 'reality']","['special', 'issue', 'quantum', 'magazine', 'explores', 'ultimate', 'scientific', 'quest', 'search', 'fundamental', 'nature', 'reality']"
The Search for What Shook the Earth for Nine Days Straight,Robin George Andrews,"September 12, 2024","Last year, an immense but brief outburst of seismic energy was soon followed by a long hum that made the world ring. Finding its cause took 68 scientists and an assist by the Danish military.",last year immense brief outburst seismic energy soon followed long hum made world ring finding cause took scientist assist danish military,"last year, an immense but brief outburst of seismic energy was soon followed by a long hum that made the world ring. finding its cause took 68 scientists and an assist by the danish military.",last year an immense but brief outburst of seismic energy was soon followed by a long hum that made the world ring finding its cause took scientists and an assist by the danish military,"['last', 'year', 'an', 'immense', 'but', 'brief', 'outburst', 'of', 'seismic', 'energy', 'was', 'soon', 'followed', 'by', 'a', 'long', 'hum', 'that', 'made', 'the', 'world', 'ring', 'finding', 'its', 'cause', 'took', 'scientists', 'and', 'an', 'assist', 'by', 'the', 'danish', 'military']","['last', 'year', 'immense', 'brief', 'outburst', 'seismic', 'energy', 'soon', 'followed', 'long', 'hum', 'made', 'world', 'ring', 'finding', 'cause', 'took', 'scientists', 'assist', 'danish', 'military']","['last', 'year', 'immense', 'brief', 'outburst', 'seismic', 'energy', 'soon', 'followed', 'long', 'hum', 'made', 'world', 'ring', 'finding', 'cause', 'took', 'scientist', 'assist', 'danish', 'military']"
Can Thermodynamics Go Quantum?,Steven Strogatz,"September 12, 2024","The Industrial Revolution brought us the laws of thermodynamics, and new ideas about work, energy and efficiency. In this episode, co-host Steven Strogatz speaks with theoretical physicist Nicole Yunger Halpern about what these concepts might mean in the age of quantum mechanics.",industrial revolution brought u law thermodynamics new idea work energy efficiency episode co host steven strogatz speaks theoretical physicist nicole yunger halpern concept might mean age quantum mechanic,"the industrial revolution brought us the laws of thermodynamics, and new ideas about work, energy and efficiency. in this episode, co-host steven strogatz speaks with theoretical physicist nicole yunger halpern about what these concepts might mean in the age of quantum mechanics.",the industrial revolution brought us the laws of thermodynamics and new ideas about work energy and efficiency in this episode co host steven strogatz speaks with theoretical physicist nicole yunger halpern about what these concepts might mean in the age of quantum mechanics,"['the', 'industrial', 'revolution', 'brought', 'us', 'the', 'laws', 'of', 'thermodynamics', 'and', 'new', 'ideas', 'about', 'work', 'energy', 'and', 'efficiency', 'in', 'this', 'episode', 'co', 'host', 'steven', 'strogatz', 'speaks', 'with', 'theoretical', 'physicist', 'nicole', 'yunger', 'halpern', 'about', 'what', 'these', 'concepts', 'might', 'mean', 'in', 'the', 'age', 'of', 'quantum', 'mechanics']","['industrial', 'revolution', 'brought', 'us', 'laws', 'thermodynamics', 'new', 'ideas', 'work', 'energy', 'efficiency', 'episode', 'co', 'host', 'steven', 'strogatz', 'speaks', 'theoretical', 'physicist', 'nicole', 'yunger', 'halpern', 'concepts', 'might', 'mean', 'age', 'quantum', 'mechanics']","['industrial', 'revolution', 'brought', 'u', 'law', 'thermodynamics', 'new', 'idea', 'work', 'energy', 'efficiency', 'episode', 'co', 'host', 'steven', 'strogatz', 'speaks', 'theoretical', 'physicist', 'nicole', 'yunger', 'halpern', 'concept', 'might', 'mean', 'age', 'quantum', 'mechanic']"
The First Nuclear Clock Will Test if Fundamental Constants Change,Joseph Howlett,"September 4, 2024",An ultra-precise measurement of a transition in the hearts of thorium atoms gives physicists a tool to probe the forces that bind the universe.,ultra precise measurement transition heart thorium atom give physicist tool probe force bind universe,an ultra-precise measurement of a transition in the hearts of thorium atoms gives physicists a tool to probe the forces that bind the universe.,an ultra precise measurement of a transition in the hearts of thorium atoms gives physicists a tool to probe the forces that bind the universe,"['an', 'ultra', 'precise', 'measurement', 'of', 'a', 'transition', 'in', 'the', 'hearts', 'of', 'thorium', 'atoms', 'gives', 'physicists', 'a', 'tool', 'to', 'probe', 'the', 'forces', 'that', 'bind', 'the', 'universe']","['ultra', 'precise', 'measurement', 'transition', 'hearts', 'thorium', 'atoms', 'gives', 'physicists', 'tool', 'probe', 'forces', 'bind', 'universe']","['ultra', 'precise', 'measurement', 'transition', 'heart', 'thorium', 'atom', 'give', 'physicist', 'tool', 'probe', 'force', 'bind', 'universe']"
How the Higgs Field (Actually) Gives Mass to Elementary Particles,Matt Strassler,"September 3, 2024","In this article adapted from his new book, ""Waves in an Impossible Sea,"" physicist Matt Strassler explains that the origin of mass in the universe has a lot to do with music.",article adapted new book wave impossible sea physicist matt strassler explains origin mass universe lot music,"in this article adapted from his new book, ""waves in an impossible sea,"" physicist matt strassler explains that the origin of mass in the universe has a lot to do with music.",in this article adapted from his new book waves in an impossible sea physicist matt strassler explains that the origin of mass in the universe has a lot to do with music,"['in', 'this', 'article', 'adapted', 'from', 'his', 'new', 'book', 'waves', 'in', 'an', 'impossible', 'sea', 'physicist', 'matt', 'strassler', 'explains', 'that', 'the', 'origin', 'of', 'mass', 'in', 'the', 'universe', 'has', 'a', 'lot', 'to', 'do', 'with', 'music']","['article', 'adapted', 'new', 'book', 'waves', 'impossible', 'sea', 'physicist', 'matt', 'strassler', 'explains', 'origin', 'mass', 'universe', 'lot', 'music']","['article', 'adapted', 'new', 'book', 'wave', 'impossible', 'sea', 'physicist', 'matt', 'strassler', 'explains', 'origin', 'mass', 'universe', 'lot', 'music']"
Do We Need a New Theory of Gravity?,Janna Levin,"August 29, 2024","Since Newton had his initial revelation about gravity, our understanding of this fundamental concept has evolved in unexpected ways. In this week’s episode, theoretical physicist Claudia de Rham and co-host Janna Levin discuss the ways our current understanding of gravity needs to continue to evolve.",since newton initial revelation gravity understanding fundamental concept evolved unexpected way week episode theoretical physicist claudia de rham co host janna levin discus way current understanding gravity need continue evolve,"since newton had his initial revelation about gravity, our understanding of this fundamental concept has evolved in unexpected ways. in this week’s episode, theoretical physicist claudia de rham and co-host janna levin discuss the ways our current understanding of gravity needs to continue to evolve.",since newton had his initial revelation about gravity our understanding of this fundamental concept has evolved in unexpected ways in this week s episode theoretical physicist claudia de rham and co host janna levin discuss the ways our current understanding of gravity needs to continue to evolve,"['since', 'newton', 'had', 'his', 'initial', 'revelation', 'about', 'gravity', 'our', 'understanding', 'of', 'this', 'fundamental', 'concept', 'has', 'evolved', 'in', 'unexpected', 'ways', 'in', 'this', 'week', 's', 'episode', 'theoretical', 'physicist', 'claudia', 'de', 'rham', 'and', 'co', 'host', 'janna', 'levin', 'discuss', 'the', 'ways', 'our', 'current', 'understanding', 'of', 'gravity', 'needs', 'to', 'continue', 'to', 'evolve']","['since', 'newton', 'initial', 'revelation', 'gravity', 'understanding', 'fundamental', 'concept', 'evolved', 'unexpected', 'ways', 'week', 'episode', 'theoretical', 'physicist', 'claudia', 'de', 'rham', 'co', 'host', 'janna', 'levin', 'discuss', 'ways', 'current', 'understanding', 'gravity', 'needs', 'continue', 'evolve']","['since', 'newton', 'initial', 'revelation', 'gravity', 'understanding', 'fundamental', 'concept', 'evolved', 'unexpected', 'way', 'week', 'episode', 'theoretical', 'physicist', 'claudia', 'de', 'rham', 'co', 'host', 'janna', 'levin', 'discus', 'way', 'current', 'understanding', 'gravity', 'need', 'continue', 'evolve']"
Computer Scientists Prove That Heat Destroys Quantum Entanglement,Ben Brubaker,"August 28, 2024","While devising a new quantum algorithm, four researchers accidentally established a hard limit on entanglement.",devising new quantum algorithm four researcher accidentally established hard limit entanglement,"while devising a new quantum algorithm, four researchers accidentally established a hard limit on entanglement.",while devising a new quantum algorithm four researchers accidentally established a hard limit on entanglement,"['while', 'devising', 'a', 'new', 'quantum', 'algorithm', 'four', 'researchers', 'accidentally', 'established', 'a', 'hard', 'limit', 'on', 'entanglement']","['devising', 'new', 'quantum', 'algorithm', 'four', 'researchers', 'accidentally', 'established', 'hard', 'limit', 'entanglement']","['devising', 'new', 'quantum', 'algorithm', 'four', 'researcher', 'accidentally', 'established', 'hard', 'limit', 'entanglement']"
Diminishing Dark Energy May Evade the ‘Swampland’ of Impossible Universes,Steve Nadis,"August 19, 2024",The largest-ever 3D map of the cosmos hints that the dark energy that’s fueling the universe’s expansion may be weakening. One community of theoretical physicists expected as much.,largest ever map cosmos hint dark energy fueling universe expansion may weakening one community theoretical physicist expected much,the largest-ever 3d map of the cosmos hints that the dark energy that’s fueling the universe’s expansion may be weakening. one community of theoretical physicists expected as much.,the largest ever d map of the cosmos hints that the dark energy that s fueling the universe s expansion may be weakening one community of theoretical physicists expected as much,"['the', 'largest', 'ever', 'd', 'map', 'of', 'the', 'cosmos', 'hints', 'that', 'the', 'dark', 'energy', 'that', 's', 'fueling', 'the', 'universe', 's', 'expansion', 'may', 'be', 'weakening', 'one', 'community', 'of', 'theoretical', 'physicists', 'expected', 'as', 'much']","['largest', 'ever', 'map', 'cosmos', 'hints', 'dark', 'energy', 'fueling', 'universe', 'expansion', 'may', 'weakening', 'one', 'community', 'theoretical', 'physicists', 'expected', 'much']","['largest', 'ever', 'map', 'cosmos', 'hint', 'dark', 'energy', 'fueling', 'universe', 'expansion', 'may', 'weakening', 'one', 'community', 'theoretical', 'physicist', 'expected', 'much']"
The Webb Telescope Further Deepens the Biggest Controversy in Cosmology,Liz Kruesi,"August 13, 2024","A long-awaited study of the cosmic expansion rate suggests that when it comes to the Hubble tension, cosmologists are still missing something.",long awaited study cosmic expansion rate suggests come hubble tension cosmologist still missing something,"a long-awaited study of the cosmic expansion rate suggests that when it comes to the hubble tension, cosmologists are still missing something.",a long awaited study of the cosmic expansion rate suggests that when it comes to the hubble tension cosmologists are still missing something,"['a', 'long', 'awaited', 'study', 'of', 'the', 'cosmic', 'expansion', 'rate', 'suggests', 'that', 'when', 'it', 'comes', 'to', 'the', 'hubble', 'tension', 'cosmologists', 'are', 'still', 'missing', 'something']","['long', 'awaited', 'study', 'cosmic', 'expansion', 'rate', 'suggests', 'comes', 'hubble', 'tension', 'cosmologists', 'still', 'missing', 'something']","['long', 'awaited', 'study', 'cosmic', 'expansion', 'rate', 'suggests', 'come', 'hubble', 'tension', 'cosmologist', 'still', 'missing', 'something']"
Physicists Pinpoint the Quantum Origin of the Greenhouse Effect,Joseph Howlett,"August 7, 2024",Carbon dioxide’s powerful heat-trapping effect has been traced to a quirk of its quantum structure. The finding may explain climate change better than any computer model.,carbon dioxide powerful heat trapping effect traced quirk quantum structure finding may explain climate change better computer model,carbon dioxide’s powerful heat-trapping effect has been traced to a quirk of its quantum structure. the finding may explain climate change better than any computer model.,carbon dioxide s powerful heat trapping effect has been traced to a quirk of its quantum structure the finding may explain climate change better than any computer model,"['carbon', 'dioxide', 's', 'powerful', 'heat', 'trapping', 'effect', 'has', 'been', 'traced', 'to', 'a', 'quirk', 'of', 'its', 'quantum', 'structure', 'the', 'finding', 'may', 'explain', 'climate', 'change', 'better', 'than', 'any', 'computer', 'model']","['carbon', 'dioxide', 'powerful', 'heat', 'trapping', 'effect', 'traced', 'quirk', 'quantum', 'structure', 'finding', 'may', 'explain', 'climate', 'change', 'better', 'computer', 'model']","['carbon', 'dioxide', 'powerful', 'heat', 'trapping', 'effect', 'traced', 'quirk', 'quantum', 'structure', 'finding', 'may', 'explain', 'climate', 'change', 'better', 'computer', 'model']"
‘Metaphysical Experiments’ Probe Our Hidden Assumptions About Reality,Amanda Gefter,"July 30, 2024","Experiments that test physics and philosophy ""as a single whole"" may be our only route to surefire knowledge about the universe.",experiment test physic philosophy single whole may route surefire knowledge universe,"experiments that test physics and philosophy ""as a single whole"" may be our only route to surefire knowledge about the universe.",experiments that test physics and philosophy as a single whole may be our only route to surefire knowledge about the universe,"['experiments', 'that', 'test', 'physics', 'and', 'philosophy', 'as', 'a', 'single', 'whole', 'may', 'be', 'our', 'only', 'route', 'to', 'surefire', 'knowledge', 'about', 'the', 'universe']","['experiments', 'test', 'physics', 'philosophy', 'single', 'whole', 'may', 'route', 'surefire', 'knowledge', 'universe']","['experiment', 'test', 'physic', 'philosophy', 'single', 'whole', 'may', 'route', 'surefire', 'knowledge', 'universe']"
Vacuum of Space to Decay Sooner Than Expected (but Still Not Soon),Matt von Hippel,"July 22, 2024","One of the quantum fields that fills the universe is special because its default value seems poised to eventually change, changing everything.",one quantum field fill universe special default value seems poised eventually change changing everything,"one of the quantum fields that fills the universe is special because its default value seems poised to eventually change, changing everything.",one of the quantum fields that fills the universe is special because its default value seems poised to eventually change changing everything,"['one', 'of', 'the', 'quantum', 'fields', 'that', 'fills', 'the', 'universe', 'is', 'special', 'because', 'its', 'default', 'value', 'seems', 'poised', 'to', 'eventually', 'change', 'changing', 'everything']","['one', 'quantum', 'fields', 'fills', 'universe', 'special', 'default', 'value', 'seems', 'poised', 'eventually', 'change', 'changing', 'everything']","['one', 'quantum', 'field', 'fill', 'universe', 'special', 'default', 'value', 'seems', 'poised', 'eventually', 'change', 'changing', 'everything']"
What Could Explain the Gallium Anomaly?,Jonathan O'Callaghan,"July 12, 2024","Physicists have ruled out a mundane explanation for the strange findings of an old Soviet experiment, leaving open the possibility that the results point to a new fundamental particle.",physicist ruled mundane explanation strange finding old soviet experiment leaving open possibility result point new fundamental particle,"physicists have ruled out a mundane explanation for the strange findings of an old soviet experiment, leaving open the possibility that the results point to a new fundamental particle.",physicists have ruled out a mundane explanation for the strange findings of an old soviet experiment leaving open the possibility that the results point to a new fundamental particle,"['physicists', 'have', 'ruled', 'out', 'a', 'mundane', 'explanation', 'for', 'the', 'strange', 'findings', 'of', 'an', 'old', 'soviet', 'experiment', 'leaving', 'open', 'the', 'possibility', 'that', 'the', 'results', 'point', 'to', 'a', 'new', 'fundamental', 'particle']","['physicists', 'ruled', 'mundane', 'explanation', 'strange', 'findings', 'old', 'soviet', 'experiment', 'leaving', 'open', 'possibility', 'results', 'point', 'new', 'fundamental', 'particle']","['physicist', 'ruled', 'mundane', 'explanation', 'strange', 'finding', 'old', 'soviet', 'experiment', 'leaving', 'open', 'possibility', 'result', 'point', 'new', 'fundamental', 'particle']"
How America’s Fastest Swimmers Use Math to Win Gold,Jordana Cepelewicz,"July 10, 2024",Number theorist Ken Ono is teaching Olympians to swim more efficiently.,number theorist ken ono teaching olympian swim efficiently,number theorist ken ono is teaching olympians to swim more efficiently.,number theorist ken ono is teaching olympians to swim more efficiently,"['number', 'theorist', 'ken', 'ono', 'is', 'teaching', 'olympians', 'to', 'swim', 'more', 'efficiently']","['number', 'theorist', 'ken', 'ono', 'teaching', 'olympians', 'swim', 'efficiently']","['number', 'theorist', 'ken', 'ono', 'teaching', 'olympian', 'swim', 'efficiently']"
Tracing the Hidden Hand of Magnetism in the Galaxy,Jay Bennett,"July 1, 2024","Susan Clark is helping to unravel the mysterious workings of the Milky Way’s magnetic field, a critical missing piece of the galactic puzzle.",susan clark helping unravel mysterious working milky way magnetic field critical missing piece galactic puzzle,"susan clark is helping to unravel the mysterious workings of the milky way’s magnetic field, a critical missing piece of the galactic puzzle.",susan clark is helping to unravel the mysterious workings of the milky way s magnetic field a critical missing piece of the galactic puzzle,"['susan', 'clark', 'is', 'helping', 'to', 'unravel', 'the', 'mysterious', 'workings', 'of', 'the', 'milky', 'way', 's', 'magnetic', 'field', 'a', 'critical', 'missing', 'piece', 'of', 'the', 'galactic', 'puzzle']","['susan', 'clark', 'helping', 'unravel', 'mysterious', 'workings', 'milky', 'way', 'magnetic', 'field', 'critical', 'missing', 'piece', 'galactic', 'puzzle']","['susan', 'clark', 'helping', 'unravel', 'mysterious', 'working', 'milky', 'way', 'magnetic', 'field', 'critical', 'missing', 'piece', 'galactic', 'puzzle']"
How Is Science Even Possible?,Steven Strogatz,"June 20, 2024","How are scientists able to crack fundamental questions about nature and life? How does math make the complex cosmos understandable? In this episode, the physicist Nigel Goldenfeld and co-host Steven Strogatz explore the deep foundations of the scientific process.",scientist able crack fundamental question nature life math make complex cosmos understandable episode physicist nigel goldenfeld co host steven strogatz explore deep foundation scientific process,"how are scientists able to crack fundamental questions about nature and life? how does math make the complex cosmos understandable? in this episode, the physicist nigel goldenfeld and co-host steven strogatz explore the deep foundations of the scientific process.",how are scientists able to crack fundamental questions about nature and life how does math make the complex cosmos understandable in this episode the physicist nigel goldenfeld and co host steven strogatz explore the deep foundations of the scientific process,"['how', 'are', 'scientists', 'able', 'to', 'crack', 'fundamental', 'questions', 'about', 'nature', 'and', 'life', 'how', 'does', 'math', 'make', 'the', 'complex', 'cosmos', 'understandable', 'in', 'this', 'episode', 'the', 'physicist', 'nigel', 'goldenfeld', 'and', 'co', 'host', 'steven', 'strogatz', 'explore', 'the', 'deep', 'foundations', 'of', 'the', 'scientific', 'process']","['scientists', 'able', 'crack', 'fundamental', 'questions', 'nature', 'life', 'math', 'make', 'complex', 'cosmos', 'understandable', 'episode', 'physicist', 'nigel', 'goldenfeld', 'co', 'host', 'steven', 'strogatz', 'explore', 'deep', 'foundations', 'scientific', 'process']","['scientist', 'able', 'crack', 'fundamental', 'question', 'nature', 'life', 'math', 'make', 'complex', 'cosmos', 'understandable', 'episode', 'physicist', 'nigel', 'goldenfeld', 'co', 'host', 'steven', 'strogatz', 'explore', 'deep', 'foundation', 'scientific', 'process']"
The Enduring Mystery of How Water Freezes,Elise Cutts,"June 17, 2024","Making ice requires more than subzero temperatures. The unpredictable process takes microscopic scaffolding, random jiggling and often a little bit of bacteria.",making ice requires subzero temperature unpredictable process take microscopic scaffolding random jiggling often little bit bacteria,"making ice requires more than subzero temperatures. the unpredictable process takes microscopic scaffolding, random jiggling and often a little bit of bacteria.",making ice requires more than subzero temperatures the unpredictable process takes microscopic scaffolding random jiggling and often a little bit of bacteria,"['making', 'ice', 'requires', 'more', 'than', 'subzero', 'temperatures', 'the', 'unpredictable', 'process', 'takes', 'microscopic', 'scaffolding', 'random', 'jiggling', 'and', 'often', 'a', 'little', 'bit', 'of', 'bacteria']","['making', 'ice', 'requires', 'subzero', 'temperatures', 'unpredictable', 'process', 'takes', 'microscopic', 'scaffolding', 'random', 'jiggling', 'often', 'little', 'bit', 'bacteria']","['making', 'ice', 'requires', 'subzero', 'temperature', 'unpredictable', 'process', 'take', 'microscopic', 'scaffolding', 'random', 'jiggling', 'often', 'little', 'bit', 'bacteria']"
The New Math of How Large-Scale Order Emerges,Philip Ball,"June 10, 2024",The puzzle of emergence asks how regularities emerge on macro scales out of uncountable constituent parts. A new framework has researchers hopeful that a solution is near.,puzzle emergence asks regularity emerge macro scale uncountable constituent part new framework researcher hopeful solution near,the puzzle of emergence asks how regularities emerge on macro scales out of uncountable constituent parts. a new framework has researchers hopeful that a solution is near.,the puzzle of emergence asks how regularities emerge on macro scales out of uncountable constituent parts a new framework has researchers hopeful that a solution is near,"['the', 'puzzle', 'of', 'emergence', 'asks', 'how', 'regularities', 'emerge', 'on', 'macro', 'scales', 'out', 'of', 'uncountable', 'constituent', 'parts', 'a', 'new', 'framework', 'has', 'researchers', 'hopeful', 'that', 'a', 'solution', 'is', 'near']","['puzzle', 'emergence', 'asks', 'regularities', 'emerge', 'macro', 'scales', 'uncountable', 'constituent', 'parts', 'new', 'framework', 'researchers', 'hopeful', 'solution', 'near']","['puzzle', 'emergence', 'asks', 'regularity', 'emerge', 'macro', 'scale', 'uncountable', 'constituent', 'part', 'new', 'framework', 'researcher', 'hopeful', 'solution', 'near']"
Mathematicians Attempt to Glimpse Past the Big Bang,Steve Nadis,"May 31, 2024","By studying the geometry of model space-times, researchers offer alternative views of the universe’s first moments.",studying geometry model space time researcher offer alternative view universe first moment,"by studying the geometry of model space-times, researchers offer alternative views of the universe’s first moments.",by studying the geometry of model space times researchers offer alternative views of the universe s first moments,"['by', 'studying', 'the', 'geometry', 'of', 'model', 'space', 'times', 'researchers', 'offer', 'alternative', 'views', 'of', 'the', 'universe', 's', 'first', 'moments']","['studying', 'geometry', 'model', 'space', 'times', 'researchers', 'offer', 'alternative', 'views', 'universe', 'first', 'moments']","['studying', 'geometry', 'model', 'space', 'time', 'researcher', 'offer', 'alternative', 'view', 'universe', 'first', 'moment']"
Physicists Puzzle Over Emergence of Strange Electron Aggregates,Daniel Garisto,"May 29, 2024","Electrons have been seen uniting into entities with fractions of electric charge, this time without a magnetic field coaxing them into it.",electron seen uniting entity fraction electric charge time without magnetic field coaxing,"electrons have been seen uniting into entities with fractions of electric charge, this time without a magnetic field coaxing them into it.",electrons have been seen uniting into entities with fractions of electric charge this time without a magnetic field coaxing them into it,"['electrons', 'have', 'been', 'seen', 'uniting', 'into', 'entities', 'with', 'fractions', 'of', 'electric', 'charge', 'this', 'time', 'without', 'a', 'magnetic', 'field', 'coaxing', 'them', 'into', 'it']","['electrons', 'seen', 'uniting', 'entities', 'fractions', 'electric', 'charge', 'time', 'without', 'magnetic', 'field', 'coaxing']","['electron', 'seen', 'uniting', 'entity', 'fraction', 'electric', 'charge', 'time', 'without', 'magnetic', 'field', 'coaxing']"
The S-Matrix Is the Oracle Physicists Turn To in Times of Crisis,Matt von Hippel,"May 23, 2024",Particle physicists in search of the next theory of reality are consulting a mathematical structure that they know will never fail: a table of possibilities known as the S-matrix.,particle physicist search next theory reality consulting mathematical structure know never fail table possibility known matrix,particle physicists in search of the next theory of reality are consulting a mathematical structure that they know will never fail: a table of possibilities known as the s-matrix.,particle physicists in search of the next theory of reality are consulting a mathematical structure that they know will never fail a table of possibilities known as the s matrix,"['particle', 'physicists', 'in', 'search', 'of', 'the', 'next', 'theory', 'of', 'reality', 'are', 'consulting', 'a', 'mathematical', 'structure', 'that', 'they', 'know', 'will', 'never', 'fail', 'a', 'table', 'of', 'possibilities', 'known', 'as', 'the', 's', 'matrix']","['particle', 'physicists', 'search', 'next', 'theory', 'reality', 'consulting', 'mathematical', 'structure', 'know', 'never', 'fail', 'table', 'possibilities', 'known', 'matrix']","['particle', 'physicist', 'search', 'next', 'theory', 'reality', 'consulting', 'mathematical', 'structure', 'know', 'never', 'fail', 'table', 'possibility', 'known', 'matrix']"
He Seeks Mystery Magnetic Fields With His Quantum Compass,Charlie Wood,"May 17, 2024",Alex Sushkov is updating an old technology with new quantum tricks in hopes of sensing the magnetic influence of dark matter.,alex sushkov updating old technology new quantum trick hope sensing magnetic influence dark matter,alex sushkov is updating an old technology with new quantum tricks in hopes of sensing the magnetic influence of dark matter.,alex sushkov is updating an old technology with new quantum tricks in hopes of sensing the magnetic influence of dark matter,"['alex', 'sushkov', 'is', 'updating', 'an', 'old', 'technology', 'with', 'new', 'quantum', 'tricks', 'in', 'hopes', 'of', 'sensing', 'the', 'magnetic', 'influence', 'of', 'dark', 'matter']","['alex', 'sushkov', 'updating', 'old', 'technology', 'new', 'quantum', 'tricks', 'hopes', 'sensing', 'magnetic', 'influence', 'dark', 'matter']","['alex', 'sushkov', 'updating', 'old', 'technology', 'new', 'quantum', 'trick', 'hope', 'sensing', 'magnetic', 'influence', 'dark', 'matter']"
Will Better Superconductors Transform the World?,Janna Levin,"May 9, 2024","Scientists are pursuing materials that can conduct electricity with perfect efficiency under ambient conditions. In this episode, the physicist Siddharth Shanker Saxena tells co-host Janna Levin about what makes this hunt so difficult and consequential.",scientist pursuing material conduct electricity perfect efficiency ambient condition episode physicist siddharth shanker saxena tell co host janna levin make hunt difficult consequential,"scientists are pursuing materials that can conduct electricity with perfect efficiency under ambient conditions. in this episode, the physicist siddharth shanker saxena tells co-host janna levin about what makes this hunt so difficult and consequential.",scientists are pursuing materials that can conduct electricity with perfect efficiency under ambient conditions in this episode the physicist siddharth shanker saxena tells co host janna levin about what makes this hunt so difficult and consequential,"['scientists', 'are', 'pursuing', 'materials', 'that', 'can', 'conduct', 'electricity', 'with', 'perfect', 'efficiency', 'under', 'ambient', 'conditions', 'in', 'this', 'episode', 'the', 'physicist', 'siddharth', 'shanker', 'saxena', 'tells', 'co', 'host', 'janna', 'levin', 'about', 'what', 'makes', 'this', 'hunt', 'so', 'difficult', 'and', 'consequential']","['scientists', 'pursuing', 'materials', 'conduct', 'electricity', 'perfect', 'efficiency', 'ambient', 'conditions', 'episode', 'physicist', 'siddharth', 'shanker', 'saxena', 'tells', 'co', 'host', 'janna', 'levin', 'makes', 'hunt', 'difficult', 'consequential']","['scientist', 'pursuing', 'material', 'conduct', 'electricity', 'perfect', 'efficiency', 'ambient', 'condition', 'episode', 'physicist', 'siddharth', 'shanker', 'saxena', 'tell', 'co', 'host', 'janna', 'levin', 'make', 'hunt', 'difficult', 'consequential']"
Dogged Dark Matter Hunters Find New Hiding Places to Check,Lyndie Chiou,"May 7, 2024",Perhaps dark matter is made of an entirely different kind of particle than the ones physicists have been searching for. New experiments are springing up to look for these ultra-lightweight phantoms.,perhaps dark matter made entirely different kind particle one physicist searching new experiment springing look ultra lightweight phantom,perhaps dark matter is made of an entirely different kind of particle than the ones physicists have been searching for. new experiments are springing up to look for these ultra-lightweight phantoms.,perhaps dark matter is made of an entirely different kind of particle than the ones physicists have been searching for new experiments are springing up to look for these ultra lightweight phantoms,"['perhaps', 'dark', 'matter', 'is', 'made', 'of', 'an', 'entirely', 'different', 'kind', 'of', 'particle', 'than', 'the', 'ones', 'physicists', 'have', 'been', 'searching', 'for', 'new', 'experiments', 'are', 'springing', 'up', 'to', 'look', 'for', 'these', 'ultra', 'lightweight', 'phantoms']","['perhaps', 'dark', 'matter', 'made', 'entirely', 'different', 'kind', 'particle', 'ones', 'physicists', 'searching', 'new', 'experiments', 'springing', 'look', 'ultra', 'lightweight', 'phantoms']","['perhaps', 'dark', 'matter', 'made', 'entirely', 'different', 'kind', 'particle', 'one', 'physicist', 'searching', 'new', 'experiment', 'springing', 'look', 'ultra', 'lightweight', 'phantom']"
How a NASA Probe Solved a Scorching Solar Mystery,Thomas Zurbuchen,"April 29, 2024",The outer layers of the sun’s atmosphere are a blistering million degrees hotter than its surface. The hidden culprit? Magnetic activity.,outer layer sun atmosphere blistering million degree hotter surface hidden culprit magnetic activity,the outer layers of the sun’s atmosphere are a blistering million degrees hotter than its surface. the hidden culprit? magnetic activity.,the outer layers of the sun s atmosphere are a blistering million degrees hotter than its surface the hidden culprit magnetic activity,"['the', 'outer', 'layers', 'of', 'the', 'sun', 's', 'atmosphere', 'are', 'a', 'blistering', 'million', 'degrees', 'hotter', 'than', 'its', 'surface', 'the', 'hidden', 'culprit', 'magnetic', 'activity']","['outer', 'layers', 'sun', 'atmosphere', 'blistering', 'million', 'degrees', 'hotter', 'surface', 'hidden', 'culprit', 'magnetic', 'activity']","['outer', 'layer', 'sun', 'atmosphere', 'blistering', 'million', 'degree', 'hotter', 'surface', 'hidden', 'culprit', 'magnetic', 'activity']"
AI Starts to Sift Through String Theory’s Near-Endless Possibilities,Charlie Wood,"April 23, 2024","Using machine learning, string theorists are finally showing how microscopic configurations of extra dimensions translate into sets of elementary particles — though not yet those of our universe.",using machine learning string theorist finally showing microscopic configuration extra dimension translate set elementary particle though not yet universe,"using machine learning, string theorists are finally showing how microscopic configurations of extra dimensions translate into sets of elementary particles — though not yet those of our universe.",using machine learning string theorists are finally showing how microscopic configurations of extra dimensions translate into sets of elementary particles though not yet those of our universe,"['using', 'machine', 'learning', 'string', 'theorists', 'are', 'finally', 'showing', 'how', 'microscopic', 'configurations', 'of', 'extra', 'dimensions', 'translate', 'into', 'sets', 'of', 'elementary', 'particles', 'though', 'not', 'yet', 'those', 'of', 'our', 'universe']","['using', 'machine', 'learning', 'string', 'theorists', 'finally', 'showing', 'microscopic', 'configurations', 'extra', 'dimensions', 'translate', 'sets', 'elementary', 'particles', 'though', 'not', 'yet', 'universe']","['using', 'machine', 'learning', 'string', 'theorist', 'finally', 'showing', 'microscopic', 'configuration', 'extra', 'dimension', 'translate', 'set', 'elementary', 'particle', 'though', 'not', 'yet', 'universe']"
Hopes of Big Bang Discoveries Ride on a Future Spacecraft,Elise Cutts,"April 17, 2024",Physicists and cosmologists will have a new probe of primordial processes when Europe launches the Laser Interferometer Space Antenna (LISA) next decade.,physicist cosmologist new probe primordial process europe launch laser interferometer space antenna lisa next decade,physicists and cosmologists will have a new probe of primordial processes when europe launches the laser interferometer space antenna (lisa) next decade.,physicists and cosmologists will have a new probe of primordial processes when europe launches the laser interferometer space antenna lisa next decade,"['physicists', 'and', 'cosmologists', 'will', 'have', 'a', 'new', 'probe', 'of', 'primordial', 'processes', 'when', 'europe', 'launches', 'the', 'laser', 'interferometer', 'space', 'antenna', 'lisa', 'next', 'decade']","['physicists', 'cosmologists', 'new', 'probe', 'primordial', 'processes', 'europe', 'launches', 'laser', 'interferometer', 'space', 'antenna', 'lisa', 'next', 'decade']","['physicist', 'cosmologist', 'new', 'probe', 'primordial', 'process', 'europe', 'launch', 'laser', 'interferometer', 'space', 'antenna', 'lisa', 'next', 'decade']"
Geometers Engineer New Tools to Wrangle Spacecraft Orbits,Leila Sloman,"April 15, 2024",Mathematicians think abstract tools from a field called symplectic geometry might help with planning missions to far-off moons and planets.,mathematician think abstract tool field called symplectic geometry might help planning mission far moon planet,mathematicians think abstract tools from a field called symplectic geometry might help with planning missions to far-off moons and planets.,mathematicians think abstract tools from a field called symplectic geometry might help with planning missions to far off moons and planets,"['mathematicians', 'think', 'abstract', 'tools', 'from', 'a', 'field', 'called', 'symplectic', 'geometry', 'might', 'help', 'with', 'planning', 'missions', 'to', 'far', 'off', 'moons', 'and', 'planets']","['mathematicians', 'think', 'abstract', 'tools', 'field', 'called', 'symplectic', 'geometry', 'might', 'help', 'planning', 'missions', 'far', 'moons', 'planets']","['mathematician', 'think', 'abstract', 'tool', 'field', 'called', 'symplectic', 'geometry', 'might', 'help', 'planning', 'mission', 'far', 'moon', 'planet']"
Can Information Escape a Black Hole?,Janna Levin,"April 11, 2024",Black holes are inescapable traps for most of what falls into them — but there can be exceptions. The theoretical physicist Leonard Susskind speaks with co-host Janna Levin about the black hole information paradox and how it has propelled modern physics.,black hole inescapable trap fall exception theoretical physicist leonard susskind speaks co host janna levin black hole information paradox propelled modern physic,black holes are inescapable traps for most of what falls into them — but there can be exceptions. the theoretical physicist leonard susskind speaks with co-host janna levin about the black hole information paradox and how it has propelled modern physics.,black holes are inescapable traps for most of what falls into them but there can be exceptions the theoretical physicist leonard susskind speaks with co host janna levin about the black hole information paradox and how it has propelled modern physics,"['black', 'holes', 'are', 'inescapable', 'traps', 'for', 'most', 'of', 'what', 'falls', 'into', 'them', 'but', 'there', 'can', 'be', 'exceptions', 'the', 'theoretical', 'physicist', 'leonard', 'susskind', 'speaks', 'with', 'co', 'host', 'janna', 'levin', 'about', 'the', 'black', 'hole', 'information', 'paradox', 'and', 'how', 'it', 'has', 'propelled', 'modern', 'physics']","['black', 'holes', 'inescapable', 'traps', 'falls', 'exceptions', 'theoretical', 'physicist', 'leonard', 'susskind', 'speaks', 'co', 'host', 'janna', 'levin', 'black', 'hole', 'information', 'paradox', 'propelled', 'modern', 'physics']","['black', 'hole', 'inescapable', 'trap', 'fall', 'exception', 'theoretical', 'physicist', 'leonard', 'susskind', 'speaks', 'co', 'host', 'janna', 'levin', 'black', 'hole', 'information', 'paradox', 'propelled', 'modern', 'physic']"
How the Ancient Art of Eclipse Prediction Became an Exact Science,Joshua Sokol,"April 5, 2024","The timing of the total eclipse on April 8, 2024, will be known to within a second, thousands of years after fearful humans first started trying to anticipate these cosmic events.",timing total eclipse april known within second thousand year fearful human first started trying anticipate cosmic event,"the timing of the total eclipse on april 8, 2024, will be known to within a second, thousands of years after fearful humans first started trying to anticipate these cosmic events.",the timing of the total eclipse on april will be known to within a second thousands of years after fearful humans first started trying to anticipate these cosmic events,"['the', 'timing', 'of', 'the', 'total', 'eclipse', 'on', 'april', 'will', 'be', 'known', 'to', 'within', 'a', 'second', 'thousands', 'of', 'years', 'after', 'fearful', 'humans', 'first', 'started', 'trying', 'to', 'anticipate', 'these', 'cosmic', 'events']","['timing', 'total', 'eclipse', 'april', 'known', 'within', 'second', 'thousands', 'years', 'fearful', 'humans', 'first', 'started', 'trying', 'anticipate', 'cosmic', 'events']","['timing', 'total', 'eclipse', 'april', 'known', 'within', 'second', 'thousand', 'year', 'fearful', 'human', 'first', 'started', 'trying', 'anticipate', 'cosmic', 'event']"
"Dark Energy May Be Weakening, Major Astrophysics Study Finds",Charlie Wood,"April 4, 2024",A generation of physicists has referred to the dark energy that permeates the universe as “the cosmological constant.” Now the largest map of the cosmos to date hints that this mysterious energy has been changing over billions of years.,generation physicist referred dark energy permeates universe cosmological constant largest map cosmos date hint mysterious energy changing billion year,a generation of physicists has referred to the dark energy that permeates the universe as “the cosmological constant.” now the largest map of the cosmos to date hints that this mysterious energy has been changing over billions of years.,a generation of physicists has referred to the dark energy that permeates the universe as the cosmological constant now the largest map of the cosmos to date hints that this mysterious energy has been changing over billions of years,"['a', 'generation', 'of', 'physicists', 'has', 'referred', 'to', 'the', 'dark', 'energy', 'that', 'permeates', 'the', 'universe', 'as', 'the', 'cosmological', 'constant', 'now', 'the', 'largest', 'map', 'of', 'the', 'cosmos', 'to', 'date', 'hints', 'that', 'this', 'mysterious', 'energy', 'has', 'been', 'changing', 'over', 'billions', 'of', 'years']","['generation', 'physicists', 'referred', 'dark', 'energy', 'permeates', 'universe', 'cosmological', 'constant', 'largest', 'map', 'cosmos', 'date', 'hints', 'mysterious', 'energy', 'changing', 'billions', 'years']","['generation', 'physicist', 'referred', 'dark', 'energy', 'permeates', 'universe', 'cosmological', 'constant', 'largest', 'map', 'cosmos', 'date', 'hint', 'mysterious', 'energy', 'changing', 'billion', 'year']"
The Best Qubits for Quantum Computing Might Just Be Atoms,Philip Ball,"March 25, 2024","In the search for the most scalable hardware to use for quantum computers, qubits made of individual atoms are having a breakout moment.",search scalable hardware use quantum computer qubits made individual atom breakout moment,"in the search for the most scalable hardware to use for quantum computers, qubits made of individual atoms are having a breakout moment.",in the search for the most scalable hardware to use for quantum computers qubits made of individual atoms are having a breakout moment,"['in', 'the', 'search', 'for', 'the', 'most', 'scalable', 'hardware', 'to', 'use', 'for', 'quantum', 'computers', 'qubits', 'made', 'of', 'individual', 'atoms', 'are', 'having', 'a', 'breakout', 'moment']","['search', 'scalable', 'hardware', 'use', 'quantum', 'computers', 'qubits', 'made', 'individual', 'atoms', 'breakout', 'moment']","['search', 'scalable', 'hardware', 'use', 'quantum', 'computer', 'qubits', 'made', 'individual', 'atom', 'breakout', 'moment']"
Doubts Grow About the Biosignature Approach to Alien-Hunting,Elise Cutts,"March 19, 2024",Recent controversies bode ill for the effort to detect life on other planets by analyzing the gases in their atmospheres.,recent controversy bode ill effort detect life planet analyzing gas atmosphere,recent controversies bode ill for the effort to detect life on other planets by analyzing the gases in their atmospheres.,recent controversies bode ill for the effort to detect life on other planets by analyzing the gases in their atmospheres,"['recent', 'controversies', 'bode', 'ill', 'for', 'the', 'effort', 'to', 'detect', 'life', 'on', 'other', 'planets', 'by', 'analyzing', 'the', 'gases', 'in', 'their', 'atmospheres']","['recent', 'controversies', 'bode', 'ill', 'effort', 'detect', 'life', 'planets', 'analyzing', 'gases', 'atmospheres']","['recent', 'controversy', 'bode', 'ill', 'effort', 'detect', 'life', 'planet', 'analyzing', 'gas', 'atmosphere']"
"Swirling Forces, Crushing Pressures Measured in the Proton",Charlie Wood,"March 14, 2024","Long-anticipated experiments that use light to mimic gravity are revealing the distribution of energies, forces and pressures inside a subatomic particle for the first time.",long anticipated experiment use light mimic gravity revealing distribution energy force pressure inside subatomic particle first time,"long-anticipated experiments that use light to mimic gravity are revealing the distribution of energies, forces and pressures inside a subatomic particle for the first time.",long anticipated experiments that use light to mimic gravity are revealing the distribution of energies forces and pressures inside a subatomic particle for the first time,"['long', 'anticipated', 'experiments', 'that', 'use', 'light', 'to', 'mimic', 'gravity', 'are', 'revealing', 'the', 'distribution', 'of', 'energies', 'forces', 'and', 'pressures', 'inside', 'a', 'subatomic', 'particle', 'for', 'the', 'first', 'time']","['long', 'anticipated', 'experiments', 'use', 'light', 'mimic', 'gravity', 'revealing', 'distribution', 'energies', 'forces', 'pressures', 'inside', 'subatomic', 'particle', 'first', 'time']","['long', 'anticipated', 'experiment', 'use', 'light', 'mimic', 'gravity', 'revealing', 'distribution', 'energy', 'force', 'pressure', 'inside', 'subatomic', 'particle', 'first', 'time']"
What Is Quantum Teleportation?,Janna Levin,"March 14, 2024","Teleporting people through space is still science fiction. But quantum teleportation is dramatically different and entirely real. In this episode, Janna Levin interviews the theoretical physicist John Preskill about teleporting bits and the promise of quantum technology.",teleporting people space still science fiction quantum teleportation dramatically different entirely real episode janna levin interview theoretical physicist john preskill teleporting bit promise quantum technology,"teleporting people through space is still science fiction. but quantum teleportation is dramatically different and entirely real. in this episode, janna levin interviews the theoretical physicist john preskill about teleporting bits and the promise of quantum technology.",teleporting people through space is still science fiction but quantum teleportation is dramatically different and entirely real in this episode janna levin interviews the theoretical physicist john preskill about teleporting bits and the promise of quantum technology,"['teleporting', 'people', 'through', 'space', 'is', 'still', 'science', 'fiction', 'but', 'quantum', 'teleportation', 'is', 'dramatically', 'different', 'and', 'entirely', 'real', 'in', 'this', 'episode', 'janna', 'levin', 'interviews', 'the', 'theoretical', 'physicist', 'john', 'preskill', 'about', 'teleporting', 'bits', 'and', 'the', 'promise', 'of', 'quantum', 'technology']","['teleporting', 'people', 'space', 'still', 'science', 'fiction', 'quantum', 'teleportation', 'dramatically', 'different', 'entirely', 'real', 'episode', 'janna', 'levin', 'interviews', 'theoretical', 'physicist', 'john', 'preskill', 'teleporting', 'bits', 'promise', 'quantum', 'technology']","['teleporting', 'people', 'space', 'still', 'science', 'fiction', 'quantum', 'teleportation', 'dramatically', 'different', 'entirely', 'real', 'episode', 'janna', 'levin', 'interview', 'theoretical', 'physicist', 'john', 'preskill', 'teleporting', 'bit', 'promise', 'quantum', 'technology']"
Fresh X-Rays Reveal a Universe as Clumpy as Cosmology Predicts,Liz Kruesi,"March 4, 2024","By mapping the largest structures in the universe in X-rays, cosmologists have found striking agreement with their standard theoretical model of how the universe evolves.",mapping largest structure universe x ray cosmologist found striking agreement standard theoretical model universe evolves,"by mapping the largest structures in the universe in x-rays, cosmologists have found striking agreement with their standard theoretical model of how the universe evolves.",by mapping the largest structures in the universe in x rays cosmologists have found striking agreement with their standard theoretical model of how the universe evolves,"['by', 'mapping', 'the', 'largest', 'structures', 'in', 'the', 'universe', 'in', 'x', 'rays', 'cosmologists', 'have', 'found', 'striking', 'agreement', 'with', 'their', 'standard', 'theoretical', 'model', 'of', 'how', 'the', 'universe', 'evolves']","['mapping', 'largest', 'structures', 'universe', 'x', 'rays', 'cosmologists', 'found', 'striking', 'agreement', 'standard', 'theoretical', 'model', 'universe', 'evolves']","['mapping', 'largest', 'structure', 'universe', 'x', 'ray', 'cosmologist', 'found', 'striking', 'agreement', 'standard', 'theoretical', 'model', 'universe', 'evolves']"
What Is the Nature of Time?,Steven Strogatz,"February 29, 2024","Time is all around us: in the language we use, in the memories we revisit and in our predictions of the future. But what exactly is it? The physicist and Nobel laureate Frank Wilczek joins Steve Strogatz to discuss the fundamental hallmarks of time.",time around u language use memory revisit prediction future exactly physicist nobel laureate frank wilczek join steve strogatz discus fundamental hallmark time,"time is all around us: in the language we use, in the memories we revisit and in our predictions of the future. but what exactly is it? the physicist and nobel laureate frank wilczek joins steve strogatz to discuss the fundamental hallmarks of time.",time is all around us in the language we use in the memories we revisit and in our predictions of the future but what exactly is it the physicist and nobel laureate frank wilczek joins steve strogatz to discuss the fundamental hallmarks of time,"['time', 'is', 'all', 'around', 'us', 'in', 'the', 'language', 'we', 'use', 'in', 'the', 'memories', 'we', 'revisit', 'and', 'in', 'our', 'predictions', 'of', 'the', 'future', 'but', 'what', 'exactly', 'is', 'it', 'the', 'physicist', 'and', 'nobel', 'laureate', 'frank', 'wilczek', 'joins', 'steve', 'strogatz', 'to', 'discuss', 'the', 'fundamental', 'hallmarks', 'of', 'time']","['time', 'around', 'us', 'language', 'use', 'memories', 'revisit', 'predictions', 'future', 'exactly', 'physicist', 'nobel', 'laureate', 'frank', 'wilczek', 'joins', 'steve', 'strogatz', 'discuss', 'fundamental', 'hallmarks', 'time']","['time', 'around', 'u', 'language', 'use', 'memory', 'revisit', 'prediction', 'future', 'exactly', 'physicist', 'nobel', 'laureate', 'frank', 'wilczek', 'join', 'steve', 'strogatz', 'discus', 'fundamental', 'hallmark', 'time']"
A Quantum Trick Implied Eternal Stability. Now the Idea May Be Falling Apart.,Charlie Wood,"February 26, 2024","A series of advances seemed to promise the impossible: the existence of quantum states that would never, ever fall into disarray. But physicists are now discovering that the pull of disorder may not be so easily overcome.",series advance seemed promise impossible existence quantum state would never ever fall disarray physicist discovering pull disorder may not easily overcome,"a series of advances seemed to promise the impossible: the existence of quantum states that would never, ever fall into disarray. but physicists are now discovering that the pull of disorder may not be so easily overcome.",a series of advances seemed to promise the impossible the existence of quantum states that would never ever fall into disarray but physicists are now discovering that the pull of disorder may not be so easily overcome,"['a', 'series', 'of', 'advances', 'seemed', 'to', 'promise', 'the', 'impossible', 'the', 'existence', 'of', 'quantum', 'states', 'that', 'would', 'never', 'ever', 'fall', 'into', 'disarray', 'but', 'physicists', 'are', 'now', 'discovering', 'that', 'the', 'pull', 'of', 'disorder', 'may', 'not', 'be', 'so', 'easily', 'overcome']","['series', 'advances', 'seemed', 'promise', 'impossible', 'existence', 'quantum', 'states', 'would', 'never', 'ever', 'fall', 'disarray', 'physicists', 'discovering', 'pull', 'disorder', 'may', 'not', 'easily', 'overcome']","['series', 'advance', 'seemed', 'promise', 'impossible', 'existence', 'quantum', 'state', 'would', 'never', 'ever', 'fall', 'disarray', 'physicist', 'discovering', 'pull', 'disorder', 'may', 'not', 'easily', 'overcome']"
Never-Repeating Tiles Can Safeguard Quantum Information,Ben Brubaker,"February 23, 2024","Two researchers have proved that Penrose tilings, famous patterns that never repeat, are mathematically equivalent to a kind of quantum error correction.",two researcher proved penrose tiling famous pattern never repeat mathematically equivalent kind quantum error correction,"two researchers have proved that penrose tilings, famous patterns that never repeat, are mathematically equivalent to a kind of quantum error correction.",two researchers have proved that penrose tilings famous patterns that never repeat are mathematically equivalent to a kind of quantum error correction,"['two', 'researchers', 'have', 'proved', 'that', 'penrose', 'tilings', 'famous', 'patterns', 'that', 'never', 'repeat', 'are', 'mathematically', 'equivalent', 'to', 'a', 'kind', 'of', 'quantum', 'error', 'correction']","['two', 'researchers', 'proved', 'penrose', 'tilings', 'famous', 'patterns', 'never', 'repeat', 'mathematically', 'equivalent', 'kind', 'quantum', 'error', 'correction']","['two', 'researcher', 'proved', 'penrose', 'tiling', 'famous', 'pattern', 'never', 'repeat', 'mathematically', 'equivalent', 'kind', 'quantum', 'error', 'correction']"
Inside Scientists’ Life-Saving Prediction of the Iceland Eruption,Robin George Andrews,"February 20, 2024",The Reykjanes Peninsula has entered a new volcanic era. Innovative efforts to map and monitor the subterranean magma are saving lives.,reykjanes peninsula entered new volcanic era innovative effort map monitor subterranean magma saving life,the reykjanes peninsula has entered a new volcanic era. innovative efforts to map and monitor the subterranean magma are saving lives.,the reykjanes peninsula has entered a new volcanic era innovative efforts to map and monitor the subterranean magma are saving lives,"['the', 'reykjanes', 'peninsula', 'has', 'entered', 'a', 'new', 'volcanic', 'era', 'innovative', 'efforts', 'to', 'map', 'and', 'monitor', 'the', 'subterranean', 'magma', 'are', 'saving', 'lives']","['reykjanes', 'peninsula', 'entered', 'new', 'volcanic', 'era', 'innovative', 'efforts', 'map', 'monitor', 'subterranean', 'magma', 'saving', 'lives']","['reykjanes', 'peninsula', 'entered', 'new', 'volcanic', 'era', 'innovative', 'effort', 'map', 'monitor', 'subterranean', 'magma', 'saving', 'life']"
"To See Black Holes in Stunning Detail, She Uses ‘Echoes’ Like a Bat",Michael Greshko,"February 12, 2024","The astrophysicist Erin Kara measures time lags in black holes’ X-ray glows, which reveal the complexity of the objects’ closest surroundings.",astrophysicist erin kara measure time lag black hole x ray glow reveal complexity object closest surroundings,"the astrophysicist erin kara measures time lags in black holes’ x-ray glows, which reveal the complexity of the objects’ closest surroundings.",the astrophysicist erin kara measures time lags in black holes x ray glows which reveal the complexity of the objects closest surroundings,"['the', 'astrophysicist', 'erin', 'kara', 'measures', 'time', 'lags', 'in', 'black', 'holes', 'x', 'ray', 'glows', 'which', 'reveal', 'the', 'complexity', 'of', 'the', 'objects', 'closest', 'surroundings']","['astrophysicist', 'erin', 'kara', 'measures', 'time', 'lags', 'black', 'holes', 'x', 'ray', 'glows', 'reveal', 'complexity', 'objects', 'closest', 'surroundings']","['astrophysicist', 'erin', 'kara', 'measure', 'time', 'lag', 'black', 'hole', 'x', 'ray', 'glow', 'reveal', 'complexity', 'object', 'closest', 'surroundings']"
Radio Maps May Reveal the Universe’s Biggest Magnetic Fields,Jonathan O'Callaghan,"February 6, 2024","A controversial technique has produced detailed maps of the magnetic fields in colossal galaxy clusters. If confirmed, the approach could be used to reveal where cosmic magnetic fields come from.",controversial technique produced detailed map magnetic field colossal galaxy cluster confirmed approach could used reveal cosmic magnetic field come,"a controversial technique has produced detailed maps of the magnetic fields in colossal galaxy clusters. if confirmed, the approach could be used to reveal where cosmic magnetic fields come from.",a controversial technique has produced detailed maps of the magnetic fields in colossal galaxy clusters if confirmed the approach could be used to reveal where cosmic magnetic fields come from,"['a', 'controversial', 'technique', 'has', 'produced', 'detailed', 'maps', 'of', 'the', 'magnetic', 'fields', 'in', 'colossal', 'galaxy', 'clusters', 'if', 'confirmed', 'the', 'approach', 'could', 'be', 'used', 'to', 'reveal', 'where', 'cosmic', 'magnetic', 'fields', 'come', 'from']","['controversial', 'technique', 'produced', 'detailed', 'maps', 'magnetic', 'fields', 'colossal', 'galaxy', 'clusters', 'confirmed', 'approach', 'could', 'used', 'reveal', 'cosmic', 'magnetic', 'fields', 'come']","['controversial', 'technique', 'produced', 'detailed', 'map', 'magnetic', 'field', 'colossal', 'galaxy', 'cluster', 'confirmed', 'approach', 'could', 'used', 'reveal', 'cosmic', 'magnetic', 'field', 'come']"
"In a ‘Dark Dimension,’ Physicists Search for the Universe’s Missing Matter",Steve Nadis,"February 1, 2024",An idea derived from string theory suggests that dark matter is hiding in a (relatively) large extra dimension. The theory makes testable predictions that physicists are investigating now.,idea derived string theory suggests dark matter hiding relatively large extra dimension theory make testable prediction physicist investigating,an idea derived from string theory suggests that dark matter is hiding in a (relatively) large extra dimension. the theory makes testable predictions that physicists are investigating now.,an idea derived from string theory suggests that dark matter is hiding in a relatively large extra dimension the theory makes testable predictions that physicists are investigating now,"['an', 'idea', 'derived', 'from', 'string', 'theory', 'suggests', 'that', 'dark', 'matter', 'is', 'hiding', 'in', 'a', 'relatively', 'large', 'extra', 'dimension', 'the', 'theory', 'makes', 'testable', 'predictions', 'that', 'physicists', 'are', 'investigating', 'now']","['idea', 'derived', 'string', 'theory', 'suggests', 'dark', 'matter', 'hiding', 'relatively', 'large', 'extra', 'dimension', 'theory', 'makes', 'testable', 'predictions', 'physicists', 'investigating']","['idea', 'derived', 'string', 'theory', 'suggests', 'dark', 'matter', 'hiding', 'relatively', 'large', 'extra', 'dimension', 'theory', 'make', 'testable', 'prediction', 'physicist', 'investigating']"
"Why Locusts Swarm, Humans Do Good and Time Marches On",Janna Levin,"January 25, 2024","The Joy of Why podcast returns for a third season, with two co-hosts, 24 brilliant guests and 24 all-new episodes.",joy podcast return third season two co host brilliant guest new episode,"the joy of why podcast returns for a third season, with two co-hosts, 24 brilliant guests and 24 all-new episodes.",the joy of why podcast returns for a third season with two co hosts brilliant guests and all new episodes,"['the', 'joy', 'of', 'why', 'podcast', 'returns', 'for', 'a', 'third', 'season', 'with', 'two', 'co', 'hosts', 'brilliant', 'guests', 'and', 'all', 'new', 'episodes']","['joy', 'podcast', 'returns', 'third', 'season', 'two', 'co', 'hosts', 'brilliant', 'guests', 'new', 'episodes']","['joy', 'podcast', 'return', 'third', 'season', 'two', 'co', 'host', 'brilliant', 'guest', 'new', 'episode']"
The Best Neighborhoods for Starting a Life in the Galaxy,Rebecca Boyle,"January 24, 2024",Some neighborhoods in the Milky Way may be better suited for making habitable planets than others.,neighborhood milky way may better suited making habitable planet others,some neighborhoods in the milky way may be better suited for making habitable planets than others.,some neighborhoods in the milky way may be better suited for making habitable planets than others,"['some', 'neighborhoods', 'in', 'the', 'milky', 'way', 'may', 'be', 'better', 'suited', 'for', 'making', 'habitable', 'planets', 'than', 'others']","['neighborhoods', 'milky', 'way', 'may', 'better', 'suited', 'making', 'habitable', 'planets', 'others']","['neighborhood', 'milky', 'way', 'may', 'better', 'suited', 'making', 'habitable', 'planet', 'others']"
Clashing Cosmic Numbers Challenge Our Best Theory of the Universe,Liz Kruesi,"January 19, 2024","As measurements of distant stars and galaxies become more precise, cosmologists are struggling to make sense of sparring values.",measurement distant star galaxy become precise cosmologist struggling make sense sparring value,"as measurements of distant stars and galaxies become more precise, cosmologists are struggling to make sense of sparring values.",as measurements of distant stars and galaxies become more precise cosmologists are struggling to make sense of sparring values,"['as', 'measurements', 'of', 'distant', 'stars', 'and', 'galaxies', 'become', 'more', 'precise', 'cosmologists', 'are', 'struggling', 'to', 'make', 'sense', 'of', 'sparring', 'values']","['measurements', 'distant', 'stars', 'galaxies', 'become', 'precise', 'cosmologists', 'struggling', 'make', 'sense', 'sparring', 'values']","['measurement', 'distant', 'star', 'galaxy', 'become', 'precise', 'cosmologist', 'struggling', 'make', 'sense', 'sparring', 'value']"
New Kind of Magnetism Spotted in an Engineered Material,Michael Greshko,"January 10, 2024","In an atomically thin stack of semiconductors, a mechanism unseen in any natural substance causes electrons’ spins to align.",atomically thin stack semiconductor mechanism unseen natural substance cause electron spin align,"in an atomically thin stack of semiconductors, a mechanism unseen in any natural substance causes electrons’ spins to align.",in an atomically thin stack of semiconductors a mechanism unseen in any natural substance causes electrons spins to align,"['in', 'an', 'atomically', 'thin', 'stack', 'of', 'semiconductors', 'a', 'mechanism', 'unseen', 'in', 'any', 'natural', 'substance', 'causes', 'electrons', 'spins', 'to', 'align']","['atomically', 'thin', 'stack', 'semiconductors', 'mechanism', 'unseen', 'natural', 'substance', 'causes', 'electrons', 'spins', 'align']","['atomically', 'thin', 'stack', 'semiconductor', 'mechanism', 'unseen', 'natural', 'substance', 'cause', 'electron', 'spin', 'align']"
"Deep Beneath Earth’s Surface, Clues to Life’s Origins",Maya Wei-Haas,"January 4, 2024","Last spring, scientists retrieved a trove of mantle rocks from underneath the Atlantic seafloor — a bounty that could help write the first chapter of life's story on Earth.",last spring scientist retrieved trove mantle rock underneath atlantic seafloor bounty could help write first chapter life story earth,"last spring, scientists retrieved a trove of mantle rocks from underneath the atlantic seafloor — a bounty that could help write the first chapter of life's story on earth.",last spring scientists retrieved a trove of mantle rocks from underneath the atlantic seafloor a bounty that could help write the first chapter of life s story on earth,"['last', 'spring', 'scientists', 'retrieved', 'a', 'trove', 'of', 'mantle', 'rocks', 'from', 'underneath', 'the', 'atlantic', 'seafloor', 'a', 'bounty', 'that', 'could', 'help', 'write', 'the', 'first', 'chapter', 'of', 'life', 's', 'story', 'on', 'earth']","['last', 'spring', 'scientists', 'retrieved', 'trove', 'mantle', 'rocks', 'underneath', 'atlantic', 'seafloor', 'bounty', 'could', 'help', 'write', 'first', 'chapter', 'life', 'story', 'earth']","['last', 'spring', 'scientist', 'retrieved', 'trove', 'mantle', 'rock', 'underneath', 'atlantic', 'seafloor', 'bounty', 'could', 'help', 'write', 'first', 'chapter', 'life', 'story', 'earth']"
New Clues for What Will Happen When the Sun Eats the Earth,Jonathan O'Callaghan,"December 20, 2023","Recent observations of an aging, alien planetary system are helping to answer the question: What will happen to our planet when the sun dies?",recent observation aging alien planetary system helping answer question happen planet sun dy,"recent observations of an aging, alien planetary system are helping to answer the question: what will happen to our planet when the sun dies?",recent observations of an aging alien planetary system are helping to answer the question what will happen to our planet when the sun dies,"['recent', 'observations', 'of', 'an', 'aging', 'alien', 'planetary', 'system', 'are', 'helping', 'to', 'answer', 'the', 'question', 'what', 'will', 'happen', 'to', 'our', 'planet', 'when', 'the', 'sun', 'dies']","['recent', 'observations', 'aging', 'alien', 'planetary', 'system', 'helping', 'answer', 'question', 'happen', 'planet', 'sun', 'dies']","['recent', 'observation', 'aging', 'alien', 'planetary', 'system', 'helping', 'answer', 'question', 'happen', 'planet', 'sun', 'dy']"
Extra-Long Blasts Challenge Our Theories of Cosmic Cataclysms,Charlie Wood,"December 11, 2023",Astronomers thought they had solved the mystery of gamma-ray bursts. A few recent events suggest otherwise.,astronomer thought solved mystery gamma ray burst recent event suggest otherwise,astronomers thought they had solved the mystery of gamma-ray bursts. a few recent events suggest otherwise.,astronomers thought they had solved the mystery of gamma ray bursts a few recent events suggest otherwise,"['astronomers', 'thought', 'they', 'had', 'solved', 'the', 'mystery', 'of', 'gamma', 'ray', 'bursts', 'a', 'few', 'recent', 'events', 'suggest', 'otherwise']","['astronomers', 'thought', 'solved', 'mystery', 'gamma', 'ray', 'bursts', 'recent', 'events', 'suggest', 'otherwise']","['astronomer', 'thought', 'solved', 'mystery', 'gamma', 'ray', 'burst', 'recent', 'event', 'suggest', 'otherwise']"
The (Often) Overlooked Experiment That Revealed the Quantum World,Zack Savitsky,"December 5, 2023","A century ago, the Stern-Gerlach experiment established the truth of quantum mechanics. Now it’s being used to probe the clash of quantum theory and gravity.",century ago stern gerlach experiment established truth quantum mechanic used probe clash quantum theory gravity,"a century ago, the stern-gerlach experiment established the truth of quantum mechanics. now it’s being used to probe the clash of quantum theory and gravity.",a century ago the stern gerlach experiment established the truth of quantum mechanics now it s being used to probe the clash of quantum theory and gravity,"['a', 'century', 'ago', 'the', 'stern', 'gerlach', 'experiment', 'established', 'the', 'truth', 'of', 'quantum', 'mechanics', 'now', 'it', 's', 'being', 'used', 'to', 'probe', 'the', 'clash', 'of', 'quantum', 'theory', 'and', 'gravity']","['century', 'ago', 'stern', 'gerlach', 'experiment', 'established', 'truth', 'quantum', 'mechanics', 'used', 'probe', 'clash', 'quantum', 'theory', 'gravity']","['century', 'ago', 'stern', 'gerlach', 'experiment', 'established', 'truth', 'quantum', 'mechanic', 'used', 'probe', 'clash', 'quantum', 'theory', 'gravity']"
"A Century Later, New Math Smooths Out General Relativity",Steve Nadis,"November 30, 2023",Mathematicians prove a theorem that illuminates the geometry of universes with tiny amounts of mass.,mathematician prove theorem illuminates geometry universe tiny amount mass,mathematicians prove a theorem that illuminates the geometry of universes with tiny amounts of mass.,mathematicians prove a theorem that illuminates the geometry of universes with tiny amounts of mass,"['mathematicians', 'prove', 'a', 'theorem', 'that', 'illuminates', 'the', 'geometry', 'of', 'universes', 'with', 'tiny', 'amounts', 'of', 'mass']","['mathematicians', 'prove', 'theorem', 'illuminates', 'geometry', 'universes', 'tiny', 'amounts', 'mass']","['mathematician', 'prove', 'theorem', 'illuminates', 'geometry', 'universe', 'tiny', 'amount', 'mass']"
Meet Strange Metals: Where Electricity May Flow Without Electrons,Charlie Wood,"November 27, 2023","For 50 years, physicists have understood current as a flow of charged particles. But a new experiment has found that in at least one strange material, this understanding falls apart.",year physicist understood current flow charged particle new experiment found least one strange material understanding fall apart,"for 50 years, physicists have understood current as a flow of charged particles. but a new experiment has found that in at least one strange material, this understanding falls apart.",for years physicists have understood current as a flow of charged particles but a new experiment has found that in at least one strange material this understanding falls apart,"['for', 'years', 'physicists', 'have', 'understood', 'current', 'as', 'a', 'flow', 'of', 'charged', 'particles', 'but', 'a', 'new', 'experiment', 'has', 'found', 'that', 'in', 'at', 'least', 'one', 'strange', 'material', 'this', 'understanding', 'falls', 'apart']","['years', 'physicists', 'understood', 'current', 'flow', 'charged', 'particles', 'new', 'experiment', 'found', 'least', 'one', 'strange', 'material', 'understanding', 'falls', 'apart']","['year', 'physicist', 'understood', 'current', 'flow', 'charged', 'particle', 'new', 'experiment', 'found', 'least', 'one', 'strange', 'material', 'understanding', 'fall', 'apart']"
Rogue Worlds Throw Planetary Ideas Out of Orbit,Charlie Wood,"November 13, 2023",Scientists have recently discovered scores of free-floating worlds that defy classification. The new observations have forced them to rethink their theories of star and planet formation.,scientist recently discovered score free floating world defy classification new observation forced rethink theory star planet formation,scientists have recently discovered scores of free-floating worlds that defy classification. the new observations have forced them to rethink their theories of star and planet formation.,scientists have recently discovered scores of free floating worlds that defy classification the new observations have forced them to rethink their theories of star and planet formation,"['scientists', 'have', 'recently', 'discovered', 'scores', 'of', 'free', 'floating', 'worlds', 'that', 'defy', 'classification', 'the', 'new', 'observations', 'have', 'forced', 'them', 'to', 'rethink', 'their', 'theories', 'of', 'star', 'and', 'planet', 'formation']","['scientists', 'recently', 'discovered', 'scores', 'free', 'floating', 'worlds', 'defy', 'classification', 'new', 'observations', 'forced', 'rethink', 'theories', 'star', 'planet', 'formation']","['scientist', 'recently', 'discovered', 'score', 'free', 'floating', 'world', 'defy', 'classification', 'new', 'observation', 'forced', 'rethink', 'theory', 'star', 'planet', 'formation']"
The Scientist Who Decodes the Songs of Undersea Volcanoes,Robin George Andrews,"November 8, 2023","In the rumbles and groans of underwater volcanoes, Jackie Caplan-Auerbach finds her favorite harmonies — and clues to the Earth’s interior.",rumble groan underwater volcano jackie caplan auerbach find favorite harmony clue earth interior,"in the rumbles and groans of underwater volcanoes, jackie caplan-auerbach finds her favorite harmonies — and clues to the earth’s interior.",in the rumbles and groans of underwater volcanoes jackie caplan auerbach finds her favorite harmonies and clues to the earth s interior,"['in', 'the', 'rumbles', 'and', 'groans', 'of', 'underwater', 'volcanoes', 'jackie', 'caplan', 'auerbach', 'finds', 'her', 'favorite', 'harmonies', 'and', 'clues', 'to', 'the', 'earth', 's', 'interior']","['rumbles', 'groans', 'underwater', 'volcanoes', 'jackie', 'caplan', 'auerbach', 'finds', 'favorite', 'harmonies', 'clues', 'earth', 'interior']","['rumble', 'groan', 'underwater', 'volcano', 'jackie', 'caplan', 'auerbach', 'find', 'favorite', 'harmony', 'clue', 'earth', 'interior']"
These Moons Are Dark and Frozen. So How Can They Have Oceans?,Robin George Andrews,"November 2, 2023",The moons orbiting Jupiter and Saturn appear to have subsurface oceans — tantalizing targets in the search for life beyond Earth. But it’s not clear why these seas exist at all.,moon orbiting jupiter saturn appear subsurface ocean tantalizing target search life beyond earth not clear sea exist,the moons orbiting jupiter and saturn appear to have subsurface oceans — tantalizing targets in the search for life beyond earth. but it’s not clear why these seas exist at all.,the moons orbiting jupiter and saturn appear to have subsurface oceans tantalizing targets in the search for life beyond earth but it s not clear why these seas exist at all,"['the', 'moons', 'orbiting', 'jupiter', 'and', 'saturn', 'appear', 'to', 'have', 'subsurface', 'oceans', 'tantalizing', 'targets', 'in', 'the', 'search', 'for', 'life', 'beyond', 'earth', 'but', 'it', 's', 'not', 'clear', 'why', 'these', 'seas', 'exist', 'at', 'all']","['moons', 'orbiting', 'jupiter', 'saturn', 'appear', 'subsurface', 'oceans', 'tantalizing', 'targets', 'search', 'life', 'beyond', 'earth', 'not', 'clear', 'seas', 'exist']","['moon', 'orbiting', 'jupiter', 'saturn', 'appear', 'subsurface', 'ocean', 'tantalizing', 'target', 'search', 'life', 'beyond', 'earth', 'not', 'clear', 'sea', 'exist']"
Biophysicists Uncover Powerful Symmetries in Living Tissue,Elise Cutts,"October 25, 2023","After identifying interlocking symmetries in mammalian cells, scientists can describe some tissues as liquid crystals — an observation that lays the groundwork for a fluid-dynamic theory of how tissues move.",identifying interlocking symmetry mammalian cell scientist describe tissue liquid crystal observation lay groundwork fluid dynamic theory tissue move,"after identifying interlocking symmetries in mammalian cells, scientists can describe some tissues as liquid crystals — an observation that lays the groundwork for a fluid-dynamic theory of how tissues move.",after identifying interlocking symmetries in mammalian cells scientists can describe some tissues as liquid crystals an observation that lays the groundwork for a fluid dynamic theory of how tissues move,"['after', 'identifying', 'interlocking', 'symmetries', 'in', 'mammalian', 'cells', 'scientists', 'can', 'describe', 'some', 'tissues', 'as', 'liquid', 'crystals', 'an', 'observation', 'that', 'lays', 'the', 'groundwork', 'for', 'a', 'fluid', 'dynamic', 'theory', 'of', 'how', 'tissues', 'move']","['identifying', 'interlocking', 'symmetries', 'mammalian', 'cells', 'scientists', 'describe', 'tissues', 'liquid', 'crystals', 'observation', 'lays', 'groundwork', 'fluid', 'dynamic', 'theory', 'tissues', 'move']","['identifying', 'interlocking', 'symmetry', 'mammalian', 'cell', 'scientist', 'describe', 'tissue', 'liquid', 'crystal', 'observation', 'lay', 'groundwork', 'fluid', 'dynamic', 'theory', 'tissue', 'move']"
The Quest to Quantify Quantumness,Charlie Wood,"October 19, 2023","What makes a quantum computer more powerful than a classical computer? It’s a surprisingly subtle question that physicists are still grappling with, decades into the quantum age.",make quantum computer powerful classical computer surprisingly subtle question physicist still grappling decade quantum age,"what makes a quantum computer more powerful than a classical computer? it’s a surprisingly subtle question that physicists are still grappling with, decades into the quantum age.",what makes a quantum computer more powerful than a classical computer it s a surprisingly subtle question that physicists are still grappling with decades into the quantum age,"['what', 'makes', 'a', 'quantum', 'computer', 'more', 'powerful', 'than', 'a', 'classical', 'computer', 'it', 's', 'a', 'surprisingly', 'subtle', 'question', 'that', 'physicists', 'are', 'still', 'grappling', 'with', 'decades', 'into', 'the', 'quantum', 'age']","['makes', 'quantum', 'computer', 'powerful', 'classical', 'computer', 'surprisingly', 'subtle', 'question', 'physicists', 'still', 'grappling', 'decades', 'quantum', 'age']","['make', 'quantum', 'computer', 'powerful', 'classical', 'computer', 'surprisingly', 'subtle', 'question', 'physicist', 'still', 'grappling', 'decade', 'quantum', 'age']"
The Mathematician Who Sculpted the Shape of Space,Steve Nadis,"October 16, 2023","Eugenio Calabi, who died on September 25, conceived of novel geometric objects that later became fundamental to string theory.",eugenio calabi died september conceived novel geometric object later became fundamental string theory,"eugenio calabi, who died on september 25, conceived of novel geometric objects that later became fundamental to string theory.",eugenio calabi who died on september conceived of novel geometric objects that later became fundamental to string theory,"['eugenio', 'calabi', 'who', 'died', 'on', 'september', 'conceived', 'of', 'novel', 'geometric', 'objects', 'that', 'later', 'became', 'fundamental', 'to', 'string', 'theory']","['eugenio', 'calabi', 'died', 'september', 'conceived', 'novel', 'geometric', 'objects', 'later', 'became', 'fundamental', 'string', 'theory']","['eugenio', 'calabi', 'died', 'september', 'conceived', 'novel', 'geometric', 'object', 'later', 'became', 'fundamental', 'string', 'theory']"
Echoes of Electromagnetism Found in Number Theory,Kevin Hartnett,"October 12, 2023",A new magnum opus posits the existence of a hidden mathematical link akin to the connection between electricity and magnetism.,new magnum opus posit existence hidden mathematical link akin connection electricity magnetism,a new magnum opus posits the existence of a hidden mathematical link akin to the connection between electricity and magnetism.,a new magnum opus posits the existence of a hidden mathematical link akin to the connection between electricity and magnetism,"['a', 'new', 'magnum', 'opus', 'posits', 'the', 'existence', 'of', 'a', 'hidden', 'mathematical', 'link', 'akin', 'to', 'the', 'connection', 'between', 'electricity', 'and', 'magnetism']","['new', 'magnum', 'opus', 'posits', 'existence', 'hidden', 'mathematical', 'link', 'akin', 'connection', 'electricity', 'magnetism']","['new', 'magnum', 'opus', 'posit', 'existence', 'hidden', 'mathematical', 'link', 'akin', 'connection', 'electricity', 'magnetism']"
Invisible ‘Demon’ Discovered in Odd Superconductor,Charlie Wood,"October 9, 2023",Physicists have long suspected that hunks of metal could vibrate in a peculiar way that would be all but invisible. Now physicists have spotted these “demon modes.”,physicist long suspected hunk metal could vibrate peculiar way would invisible physicist spotted demon mode,physicists have long suspected that hunks of metal could vibrate in a peculiar way that would be all but invisible. now physicists have spotted these “demon modes.”,physicists have long suspected that hunks of metal could vibrate in a peculiar way that would be all but invisible now physicists have spotted these demon modes,"['physicists', 'have', 'long', 'suspected', 'that', 'hunks', 'of', 'metal', 'could', 'vibrate', 'in', 'a', 'peculiar', 'way', 'that', 'would', 'be', 'all', 'but', 'invisible', 'now', 'physicists', 'have', 'spotted', 'these', 'demon', 'modes']","['physicists', 'long', 'suspected', 'hunks', 'metal', 'could', 'vibrate', 'peculiar', 'way', 'would', 'invisible', 'physicists', 'spotted', 'demon', 'modes']","['physicist', 'long', 'suspected', 'hunk', 'metal', 'could', 'vibrate', 'peculiar', 'way', 'would', 'invisible', 'physicist', 'spotted', 'demon', 'mode']"
Nobel Prize Honors Inventors of ‘Quantum Dot’ Nanoparticles,Yasemin Saplakoglu,"October 4, 2023",The Nobel Prize in Chemistry has been awarded to three researchers who harnessed the quantum behaviors of semiconductor nanocrystals.,nobel prize chemistry awarded three researcher harnessed quantum behavior semiconductor nanocrystals,the nobel prize in chemistry has been awarded to three researchers who harnessed the quantum behaviors of semiconductor nanocrystals.,the nobel prize in chemistry has been awarded to three researchers who harnessed the quantum behaviors of semiconductor nanocrystals,"['the', 'nobel', 'prize', 'in', 'chemistry', 'has', 'been', 'awarded', 'to', 'three', 'researchers', 'who', 'harnessed', 'the', 'quantum', 'behaviors', 'of', 'semiconductor', 'nanocrystals']","['nobel', 'prize', 'chemistry', 'awarded', 'three', 'researchers', 'harnessed', 'quantum', 'behaviors', 'semiconductor', 'nanocrystals']","['nobel', 'prize', 'chemistry', 'awarded', 'three', 'researcher', 'harnessed', 'quantum', 'behavior', 'semiconductor', 'nanocrystals']"
Physicists Who Explored Tiny Glimpses of Time Win Nobel Prize,Charlie Wood,"October 3, 2023",The development of attosecond pulses of light allowed researchers to explore the frame-by-frame movement of electrons.,development attosecond pulse light allowed researcher explore frame frame movement electron,the development of attosecond pulses of light allowed researchers to explore the frame-by-frame movement of electrons.,the development of attosecond pulses of light allowed researchers to explore the frame by frame movement of electrons,"['the', 'development', 'of', 'attosecond', 'pulses', 'of', 'light', 'allowed', 'researchers', 'to', 'explore', 'the', 'frame', 'by', 'frame', 'movement', 'of', 'electrons']","['development', 'attosecond', 'pulses', 'light', 'allowed', 'researchers', 'explore', 'frame', 'frame', 'movement', 'electrons']","['development', 'attosecond', 'pulse', 'light', 'allowed', 'researcher', 'explore', 'frame', 'frame', 'movement', 'electron']"
"In the Milky Way’s Stars, a History of Violence",Rebecca Boyle,"September 28, 2023","Our galaxy's stars keep a record of its past. By reading those stories, astronomers are learning more about how the Milky Way came to be — and about the galaxy we live in today.",galaxy star keep record past reading story astronomer learning milky way came galaxy live today,"our galaxy's stars keep a record of its past. by reading those stories, astronomers are learning more about how the milky way came to be — and about the galaxy we live in today.",our galaxy s stars keep a record of its past by reading those stories astronomers are learning more about how the milky way came to be and about the galaxy we live in today,"['our', 'galaxy', 's', 'stars', 'keep', 'a', 'record', 'of', 'its', 'past', 'by', 'reading', 'those', 'stories', 'astronomers', 'are', 'learning', 'more', 'about', 'how', 'the', 'milky', 'way', 'came', 'to', 'be', 'and', 'about', 'the', 'galaxy', 'we', 'live', 'in', 'today']","['galaxy', 'stars', 'keep', 'record', 'past', 'reading', 'stories', 'astronomers', 'learning', 'milky', 'way', 'came', 'galaxy', 'live', 'today']","['galaxy', 'star', 'keep', 'record', 'past', 'reading', 'story', 'astronomer', 'learning', 'milky', 'way', 'came', 'galaxy', 'live', 'today']"
The Experimental Cosmologist Hunting for the First Sunrise,Sarah Scoles,"September 20, 2023","To catch even a whiff of the universe’s earliest epochs — an age of darkness, and one of new light — Cynthia Chiang builds her own equipment. Then she deploys it at the ends of the Earth.",catch even whiff universe earliest epoch age darkness one new light cynthia chiang build equipment deploys end earth,"to catch even a whiff of the universe’s earliest epochs — an age of darkness, and one of new light — cynthia chiang builds her own equipment. then she deploys it at the ends of the earth.",to catch even a whiff of the universe s earliest epochs an age of darkness and one of new light cynthia chiang builds her own equipment then she deploys it at the ends of the earth,"['to', 'catch', 'even', 'a', 'whiff', 'of', 'the', 'universe', 's', 'earliest', 'epochs', 'an', 'age', 'of', 'darkness', 'and', 'one', 'of', 'new', 'light', 'cynthia', 'chiang', 'builds', 'her', 'own', 'equipment', 'then', 'she', 'deploys', 'it', 'at', 'the', 'ends', 'of', 'the', 'earth']","['catch', 'even', 'whiff', 'universe', 'earliest', 'epochs', 'age', 'darkness', 'one', 'new', 'light', 'cynthia', 'chiang', 'builds', 'equipment', 'deploys', 'ends', 'earth']","['catch', 'even', 'whiff', 'universe', 'earliest', 'epoch', 'age', 'darkness', 'one', 'new', 'light', 'cynthia', 'chiang', 'build', 'equipment', 'deploys', 'end', 'earth']"
Physicists Observe ‘Unobservable’ Quantum Phase Transition,Charlie Wood,"September 11, 2023",Measurement and entanglement both have a “spooky” nonlocal flavor to them. Now physicists are harnessing that nonlocality to probe the spread of quantum information and control it.,measurement entanglement spooky nonlocal flavor physicist harnessing nonlocality probe spread quantum information control,measurement and entanglement both have a “spooky” nonlocal flavor to them. now physicists are harnessing that nonlocality to probe the spread of quantum information and control it.,measurement and entanglement both have a spooky nonlocal flavor to them now physicists are harnessing that nonlocality to probe the spread of quantum information and control it,"['measurement', 'and', 'entanglement', 'both', 'have', 'a', 'spooky', 'nonlocal', 'flavor', 'to', 'them', 'now', 'physicists', 'are', 'harnessing', 'that', 'nonlocality', 'to', 'probe', 'the', 'spread', 'of', 'quantum', 'information', 'and', 'control', 'it']","['measurement', 'entanglement', 'spooky', 'nonlocal', 'flavor', 'physicists', 'harnessing', 'nonlocality', 'probe', 'spread', 'quantum', 'information', 'control']","['measurement', 'entanglement', 'spooky', 'nonlocal', 'flavor', 'physicist', 'harnessing', 'nonlocality', 'probe', 'spread', 'quantum', 'information', 'control']"
How Scientists Are Tackling the Tricky Task of Solar Cycle Prediction,Javier Barbuzano,"September 7, 2023",Scientists have struggled to accurately forecast the strength of the sun’s 11-year cycle — even after centuries of solar observations.,scientist struggled accurately forecast strength sun year cycle even century solar observation,scientists have struggled to accurately forecast the strength of the sun’s 11-year cycle — even after centuries of solar observations.,scientists have struggled to accurately forecast the strength of the sun s year cycle even after centuries of solar observations,"['scientists', 'have', 'struggled', 'to', 'accurately', 'forecast', 'the', 'strength', 'of', 'the', 'sun', 's', 'year', 'cycle', 'even', 'after', 'centuries', 'of', 'solar', 'observations']","['scientists', 'struggled', 'accurately', 'forecast', 'strength', 'sun', 'year', 'cycle', 'even', 'centuries', 'solar', 'observations']","['scientist', 'struggled', 'accurately', 'forecast', 'strength', 'sun', 'year', 'cycle', 'even', 'century', 'solar', 'observation']"
"In a Monster Star’s Light, a Hint of Darkness",Joshua Sokol,"August 29, 2023",Astronomers are scouring the cosmos for fingerprints of the invisible — tiny clumps of pure dark matter that might solve a long-standing cosmic mystery.,astronomer scouring cosmos fingerprint invisible tiny clump pure dark matter might solve long standing cosmic mystery,astronomers are scouring the cosmos for fingerprints of the invisible — tiny clumps of pure dark matter that might solve a long-standing cosmic mystery.,astronomers are scouring the cosmos for fingerprints of the invisible tiny clumps of pure dark matter that might solve a long standing cosmic mystery,"['astronomers', 'are', 'scouring', 'the', 'cosmos', 'for', 'fingerprints', 'of', 'the', 'invisible', 'tiny', 'clumps', 'of', 'pure', 'dark', 'matter', 'that', 'might', 'solve', 'a', 'long', 'standing', 'cosmic', 'mystery']","['astronomers', 'scouring', 'cosmos', 'fingerprints', 'invisible', 'tiny', 'clumps', 'pure', 'dark', 'matter', 'might', 'solve', 'long', 'standing', 'cosmic', 'mystery']","['astronomer', 'scouring', 'cosmos', 'fingerprint', 'invisible', 'tiny', 'clump', 'pure', 'dark', 'matter', 'might', 'solve', 'long', 'standing', 'cosmic', 'mystery']"
New Codes Could Make Quantum Computing 10 Times More Efficient,Charlie Wood,"August 25, 2023","Quantum computing is still really, really hard. But the rise of a powerful class of error-correcting codes suggests that the task might be slightly more feasible than many feared.",quantum computing still really really hard rise powerful class error correcting code suggests task might slightly feasible many feared,"quantum computing is still really, really hard. but the rise of a powerful class of error-correcting codes suggests that the task might be slightly more feasible than many feared.",quantum computing is still really really hard but the rise of a powerful class of error correcting codes suggests that the task might be slightly more feasible than many feared,"['quantum', 'computing', 'is', 'still', 'really', 'really', 'hard', 'but', 'the', 'rise', 'of', 'a', 'powerful', 'class', 'of', 'error', 'correcting', 'codes', 'suggests', 'that', 'the', 'task', 'might', 'be', 'slightly', 'more', 'feasible', 'than', 'many', 'feared']","['quantum', 'computing', 'still', 'really', 'really', 'hard', 'rise', 'powerful', 'class', 'error', 'correcting', 'codes', 'suggests', 'task', 'might', 'slightly', 'feasible', 'many', 'feared']","['quantum', 'computing', 'still', 'really', 'really', 'hard', 'rise', 'powerful', 'class', 'error', 'correcting', 'code', 'suggests', 'task', 'might', 'slightly', 'feasible', 'many', 'feared']"
Quaking Giants Might Solve the Mysteries of Stellar Magnetism,Jackson Ryan,"August 21, 2023","In their jiggles and shakes, red giant stars encode a record of the magnetic fields near their cores.",jiggle shake red giant star encode record magnetic field near core,"in their jiggles and shakes, red giant stars encode a record of the magnetic fields near their cores.",in their jiggles and shakes red giant stars encode a record of the magnetic fields near their cores,"['in', 'their', 'jiggles', 'and', 'shakes', 'red', 'giant', 'stars', 'encode', 'a', 'record', 'of', 'the', 'magnetic', 'fields', 'near', 'their', 'cores']","['jiggles', 'shakes', 'red', 'giant', 'stars', 'encode', 'record', 'magnetic', 'fields', 'near', 'cores']","['jiggle', 'shake', 'red', 'giant', 'star', 'encode', 'record', 'magnetic', 'field', 'near', 'core']"
Math Proof Draws New Boundaries Around Black Hole Formation,Steve Nadis,"August 16, 2023","For a half century, mathematicians have tried to define the exact circumstances under which a black hole is destined to exist. A new proof shows how a cube can help answer the question.",half century mathematician tried define exact circumstance black hole destined exist new proof show cube help answer question,"for a half century, mathematicians have tried to define the exact circumstances under which a black hole is destined to exist. a new proof shows how a cube can help answer the question.",for a half century mathematicians have tried to define the exact circumstances under which a black hole is destined to exist a new proof shows how a cube can help answer the question,"['for', 'a', 'half', 'century', 'mathematicians', 'have', 'tried', 'to', 'define', 'the', 'exact', 'circumstances', 'under', 'which', 'a', 'black', 'hole', 'is', 'destined', 'to', 'exist', 'a', 'new', 'proof', 'shows', 'how', 'a', 'cube', 'can', 'help', 'answer', 'the', 'question']","['half', 'century', 'mathematicians', 'tried', 'define', 'exact', 'circumstances', 'black', 'hole', 'destined', 'exist', 'new', 'proof', 'shows', 'cube', 'help', 'answer', 'question']","['half', 'century', 'mathematician', 'tried', 'define', 'exact', 'circumstance', 'black', 'hole', 'destined', 'exist', 'new', 'proof', 'show', 'cube', 'help', 'answer', 'question']"
JWST Spots Giant Black Holes All Over the Early Universe,Charlie Wood,"August 14, 2023",Giant black holes were supposed to be bit players in the early cosmic story. But recent James Webb Space Telescope observations are finding an unexpected abundance of the beasts.,giant black hole supposed bit player early cosmic story recent james webb space telescope observation finding unexpected abundance beast,giant black holes were supposed to be bit players in the early cosmic story. but recent james webb space telescope observations are finding an unexpected abundance of the beasts.,giant black holes were supposed to be bit players in the early cosmic story but recent james webb space telescope observations are finding an unexpected abundance of the beasts,"['giant', 'black', 'holes', 'were', 'supposed', 'to', 'be', 'bit', 'players', 'in', 'the', 'early', 'cosmic', 'story', 'but', 'recent', 'james', 'webb', 'space', 'telescope', 'observations', 'are', 'finding', 'an', 'unexpected', 'abundance', 'of', 'the', 'beasts']","['giant', 'black', 'holes', 'supposed', 'bit', 'players', 'early', 'cosmic', 'story', 'recent', 'james', 'webb', 'space', 'telescope', 'observations', 'finding', 'unexpected', 'abundance', 'beasts']","['giant', 'black', 'hole', 'supposed', 'bit', 'player', 'early', 'cosmic', 'story', 'recent', 'james', 'webb', 'space', 'telescope', 'observation', 'finding', 'unexpected', 'abundance', 'beast']"
Exoplanets Could Help Us Learn How Planets Make Magnetism,Jonathan O'Callaghan,"August 7, 2023",New observations of a faraway rocky world that might have its own magnetic field could help astronomers understand the seemingly haphazard magnetic fields swaddling our solar system’s planets.,new observation faraway rocky world might magnetic field could help astronomer understand seemingly haphazard magnetic field swaddling solar system planet,new observations of a faraway rocky world that might have its own magnetic field could help astronomers understand the seemingly haphazard magnetic fields swaddling our solar system’s planets.,new observations of a faraway rocky world that might have its own magnetic field could help astronomers understand the seemingly haphazard magnetic fields swaddling our solar system s planets,"['new', 'observations', 'of', 'a', 'faraway', 'rocky', 'world', 'that', 'might', 'have', 'its', 'own', 'magnetic', 'field', 'could', 'help', 'astronomers', 'understand', 'the', 'seemingly', 'haphazard', 'magnetic', 'fields', 'swaddling', 'our', 'solar', 'system', 's', 'planets']","['new', 'observations', 'faraway', 'rocky', 'world', 'might', 'magnetic', 'field', 'could', 'help', 'astronomers', 'understand', 'seemingly', 'haphazard', 'magnetic', 'fields', 'swaddling', 'solar', 'system', 'planets']","['new', 'observation', 'faraway', 'rocky', 'world', 'might', 'magnetic', 'field', 'could', 'help', 'astronomer', 'understand', 'seemingly', 'haphazard', 'magnetic', 'field', 'swaddling', 'solar', 'system', 'planet']"
Quantum Complexity Shows How to Escape Hawking’s Black Hole Paradox,Charlie Wood,"August 2, 2023","Inside of a black hole, the two theoretical pillars of 20th-century physics appear to clash. Now a group of young physicists think they have resolved the conflict by appealing to the central pillar of the new century — the physics of quantum information.",inside black hole two theoretical pillar th century physic appear clash group young physicist think resolved conflict appealing central pillar new century physic quantum information,"inside of a black hole, the two theoretical pillars of 20th-century physics appear to clash. now a group of young physicists think they have resolved the conflict by appealing to the central pillar of the new century — the physics of quantum information.",inside of a black hole the two theoretical pillars of th century physics appear to clash now a group of young physicists think they have resolved the conflict by appealing to the central pillar of the new century the physics of quantum information,"['inside', 'of', 'a', 'black', 'hole', 'the', 'two', 'theoretical', 'pillars', 'of', 'th', 'century', 'physics', 'appear', 'to', 'clash', 'now', 'a', 'group', 'of', 'young', 'physicists', 'think', 'they', 'have', 'resolved', 'the', 'conflict', 'by', 'appealing', 'to', 'the', 'central', 'pillar', 'of', 'the', 'new', 'century', 'the', 'physics', 'of', 'quantum', 'information']","['inside', 'black', 'hole', 'two', 'theoretical', 'pillars', 'th', 'century', 'physics', 'appear', 'clash', 'group', 'young', 'physicists', 'think', 'resolved', 'conflict', 'appealing', 'central', 'pillar', 'new', 'century', 'physics', 'quantum', 'information']","['inside', 'black', 'hole', 'two', 'theoretical', 'pillar', 'th', 'century', 'physic', 'appear', 'clash', 'group', 'young', 'physicist', 'think', 'resolved', 'conflict', 'appealing', 'central', 'pillar', 'new', 'century', 'physic', 'quantum', 'information']"
Does Nothingness Exist?,Steven Strogatz,"July 26, 2023","Even empty space bubbles with energy, according to quantum mechanics — and that fact affects almost every facet of physical reality. The theoretical physicist Isabel Garcia Garcia explains to Steven Strogatz why it’s so important in modern physics to understand what a true vacuum is.",even empty space bubble energy according quantum mechanic fact affect almost every facet physical reality theoretical physicist isabel garcia garcia explains steven strogatz important modern physic understand true vacuum,"even empty space bubbles with energy, according to quantum mechanics — and that fact affects almost every facet of physical reality. the theoretical physicist isabel garcia garcia explains to steven strogatz why it’s so important in modern physics to understand what a true vacuum is.",even empty space bubbles with energy according to quantum mechanics and that fact affects almost every facet of physical reality the theoretical physicist isabel garcia garcia explains to steven strogatz why it s so important in modern physics to understand what a true vacuum is,"['even', 'empty', 'space', 'bubbles', 'with', 'energy', 'according', 'to', 'quantum', 'mechanics', 'and', 'that', 'fact', 'affects', 'almost', 'every', 'facet', 'of', 'physical', 'reality', 'the', 'theoretical', 'physicist', 'isabel', 'garcia', 'garcia', 'explains', 'to', 'steven', 'strogatz', 'why', 'it', 's', 'so', 'important', 'in', 'modern', 'physics', 'to', 'understand', 'what', 'a', 'true', 'vacuum', 'is']","['even', 'empty', 'space', 'bubbles', 'energy', 'according', 'quantum', 'mechanics', 'fact', 'affects', 'almost', 'every', 'facet', 'physical', 'reality', 'theoretical', 'physicist', 'isabel', 'garcia', 'garcia', 'explains', 'steven', 'strogatz', 'important', 'modern', 'physics', 'understand', 'true', 'vacuum']","['even', 'empty', 'space', 'bubble', 'energy', 'according', 'quantum', 'mechanic', 'fact', 'affect', 'almost', 'every', 'facet', 'physical', 'reality', 'theoretical', 'physicist', 'isabel', 'garcia', 'garcia', 'explains', 'steven', 'strogatz', 'important', 'modern', 'physic', 'understand', 'true', 'vacuum']"
How (Nearly) Nothing Might Solve Cosmology’s Biggest Questions,Lyndie Chiou,"July 25, 2023","By measuring the universe’s emptiest spaces, scientists can study how matter clumps together and how fast it flies apart.",measuring universe emptiest space scientist study matter clump together fast fly apart,"by measuring the universe’s emptiest spaces, scientists can study how matter clumps together and how fast it flies apart.",by measuring the universe s emptiest spaces scientists can study how matter clumps together and how fast it flies apart,"['by', 'measuring', 'the', 'universe', 's', 'emptiest', 'spaces', 'scientists', 'can', 'study', 'how', 'matter', 'clumps', 'together', 'and', 'how', 'fast', 'it', 'flies', 'apart']","['measuring', 'universe', 'emptiest', 'spaces', 'scientists', 'study', 'matter', 'clumps', 'together', 'fast', 'flies', 'apart']","['measuring', 'universe', 'emptiest', 'space', 'scientist', 'study', 'matter', 'clump', 'together', 'fast', 'fly', 'apart']"
"To Move Fast, Quantum Maze Solvers Must Forget the Past",Ben Brubaker,"July 20, 2023","Quantum algorithms can find their way out of mazes exponentially faster than classical ones, at the cost of forgetting the path they took. A new result suggests that the trade-off may be inevitable.",quantum algorithm find way maze exponentially faster classical one cost forgetting path took new result suggests trade may inevitable,"quantum algorithms can find their way out of mazes exponentially faster than classical ones, at the cost of forgetting the path they took. a new result suggests that the trade-off may be inevitable.",quantum algorithms can find their way out of mazes exponentially faster than classical ones at the cost of forgetting the path they took a new result suggests that the trade off may be inevitable,"['quantum', 'algorithms', 'can', 'find', 'their', 'way', 'out', 'of', 'mazes', 'exponentially', 'faster', 'than', 'classical', 'ones', 'at', 'the', 'cost', 'of', 'forgetting', 'the', 'path', 'they', 'took', 'a', 'new', 'result', 'suggests', 'that', 'the', 'trade', 'off', 'may', 'be', 'inevitable']","['quantum', 'algorithms', 'find', 'way', 'mazes', 'exponentially', 'faster', 'classical', 'ones', 'cost', 'forgetting', 'path', 'took', 'new', 'result', 'suggests', 'trade', 'may', 'inevitable']","['quantum', 'algorithm', 'find', 'way', 'maze', 'exponentially', 'faster', 'classical', 'one', 'cost', 'forgetting', 'path', 'took', 'new', 'result', 'suggests', 'trade', 'may', 'inevitable']"
How Quantum Physicists Explained Earth’s Oscillating Weather Patterns,Katie McCormick,"July 18, 2023",By treating Earth as a topological insulator — a state of quantum matter — physicists found a powerful explanation for the movements of the planet’s air and seas.,treating earth topological insulator state quantum matter physicist found powerful explanation movement planet air sea,by treating earth as a topological insulator — a state of quantum matter — physicists found a powerful explanation for the movements of the planet’s air and seas.,by treating earth as a topological insulator a state of quantum matter physicists found a powerful explanation for the movements of the planet s air and seas,"['by', 'treating', 'earth', 'as', 'a', 'topological', 'insulator', 'a', 'state', 'of', 'quantum', 'matter', 'physicists', 'found', 'a', 'powerful', 'explanation', 'for', 'the', 'movements', 'of', 'the', 'planet', 's', 'air', 'and', 'seas']","['treating', 'earth', 'topological', 'insulator', 'state', 'quantum', 'matter', 'physicists', 'found', 'powerful', 'explanation', 'movements', 'planet', 'air', 'seas']","['treating', 'earth', 'topological', 'insulator', 'state', 'quantum', 'matter', 'physicist', 'found', 'powerful', 'explanation', 'movement', 'planet', 'air', 'sea']"
The Physicist Who’s Challenging the Quantum Orthodoxy,Thomas Lewton,"July 10, 2023","For decades, physicists have struggled to develop a quantum theory of gravity. But what if gravity — and space-time — are fundamentally classical?",decade physicist struggled develop quantum theory gravity gravity space time fundamentally classical,"for decades, physicists have struggled to develop a quantum theory of gravity. but what if gravity — and space-time — are fundamentally classical?",for decades physicists have struggled to develop a quantum theory of gravity but what if gravity and space time are fundamentally classical,"['for', 'decades', 'physicists', 'have', 'struggled', 'to', 'develop', 'a', 'quantum', 'theory', 'of', 'gravity', 'but', 'what', 'if', 'gravity', 'and', 'space', 'time', 'are', 'fundamentally', 'classical']","['decades', 'physicists', 'struggled', 'develop', 'quantum', 'theory', 'gravity', 'gravity', 'space', 'time', 'fundamentally', 'classical']","['decade', 'physicist', 'struggled', 'develop', 'quantum', 'theory', 'gravity', 'gravity', 'space', 'time', 'fundamentally', 'classical']"
"A New Map of the Universe, Painted With Cosmic Neutrinos",Thomas Lewton,"June 29, 2023","Physicists finally know where at least some of these high-energy particles come from, which helps make the neutrinos useful for exploring fundamental physics.",physicist finally know least high energy particle come help make neutrino useful exploring fundamental physic,"physicists finally know where at least some of these high-energy particles come from, which helps make the neutrinos useful for exploring fundamental physics.",physicists finally know where at least some of these high energy particles come from which helps make the neutrinos useful for exploring fundamental physics,"['physicists', 'finally', 'know', 'where', 'at', 'least', 'some', 'of', 'these', 'high', 'energy', 'particles', 'come', 'from', 'which', 'helps', 'make', 'the', 'neutrinos', 'useful', 'for', 'exploring', 'fundamental', 'physics']","['physicists', 'finally', 'know', 'least', 'high', 'energy', 'particles', 'come', 'helps', 'make', 'neutrinos', 'useful', 'exploring', 'fundamental', 'physics']","['physicist', 'finally', 'know', 'least', 'high', 'energy', 'particle', 'come', 'help', 'make', 'neutrino', 'useful', 'exploring', 'fundamental', 'physic']"
An Enormous Gravity ‘Hum’ Moves Through the Universe,Jonathan O'Callaghan,"June 28, 2023",Astronomers have found a background din of exceptionally long-wavelength gravitational waves pervading the cosmos.,astronomer found background din exceptionally long wavelength gravitational wave pervading cosmos,astronomers have found a background din of exceptionally long-wavelength gravitational waves pervading the cosmos.,astronomers have found a background din of exceptionally long wavelength gravitational waves pervading the cosmos,"['astronomers', 'have', 'found', 'a', 'background', 'din', 'of', 'exceptionally', 'long', 'wavelength', 'gravitational', 'waves', 'pervading', 'the', 'cosmos']","['astronomers', 'found', 'background', 'din', 'exceptionally', 'long', 'wavelength', 'gravitational', 'waves', 'pervading', 'cosmos']","['astronomer', 'found', 'background', 'din', 'exceptionally', 'long', 'wavelength', 'gravitational', 'wave', 'pervading', 'cosmos']"
What Can Jellyfish Teach Us About Fluid Dynamics?,Steven Strogatz,"June 28, 2023","Jellyfish and other aquatic creatures embody solutions to diverse problems in engineering, medicine and mathematics. John Dabiri, a fluid dynamics expert, talks with Steven Strogatz about what jellyfish can teach us about going with the flow.",jellyfish aquatic creature embody solution diverse problem engineering medicine mathematics john dabiri fluid dynamic expert talk steven strogatz jellyfish teach u going flow,"jellyfish and other aquatic creatures embody solutions to diverse problems in engineering, medicine and mathematics. john dabiri, a fluid dynamics expert, talks with steven strogatz about what jellyfish can teach us about going with the flow.",jellyfish and other aquatic creatures embody solutions to diverse problems in engineering medicine and mathematics john dabiri a fluid dynamics expert talks with steven strogatz about what jellyfish can teach us about going with the flow,"['jellyfish', 'and', 'other', 'aquatic', 'creatures', 'embody', 'solutions', 'to', 'diverse', 'problems', 'in', 'engineering', 'medicine', 'and', 'mathematics', 'john', 'dabiri', 'a', 'fluid', 'dynamics', 'expert', 'talks', 'with', 'steven', 'strogatz', 'about', 'what', 'jellyfish', 'can', 'teach', 'us', 'about', 'going', 'with', 'the', 'flow']","['jellyfish', 'aquatic', 'creatures', 'embody', 'solutions', 'diverse', 'problems', 'engineering', 'medicine', 'mathematics', 'john', 'dabiri', 'fluid', 'dynamics', 'expert', 'talks', 'steven', 'strogatz', 'jellyfish', 'teach', 'us', 'going', 'flow']","['jellyfish', 'aquatic', 'creature', 'embody', 'solution', 'diverse', 'problem', 'engineering', 'medicine', 'mathematics', 'john', 'dabiri', 'fluid', 'dynamic', 'expert', 'talk', 'steven', 'strogatz', 'jellyfish', 'teach', 'u', 'going', 'flow']"
The Simple Geometry That Predicts Molecular Mosaics,Elise Cutts,"June 21, 2023","By treating molecules as geometric tessellations, scientists devised a new way to forecast how 2D materials might self-assemble.",treating molecule geometric tessellation scientist devised new way forecast material might self assemble,"by treating molecules as geometric tessellations, scientists devised a new way to forecast how 2d materials might self-assemble.",by treating molecules as geometric tessellations scientists devised a new way to forecast how d materials might self assemble,"['by', 'treating', 'molecules', 'as', 'geometric', 'tessellations', 'scientists', 'devised', 'a', 'new', 'way', 'to', 'forecast', 'how', 'd', 'materials', 'might', 'self', 'assemble']","['treating', 'molecules', 'geometric', 'tessellations', 'scientists', 'devised', 'new', 'way', 'forecast', 'materials', 'might', 'self', 'assemble']","['treating', 'molecule', 'geometric', 'tessellation', 'scientist', 'devised', 'new', 'way', 'forecast', 'material', 'might', 'self', 'assemble']"
What Causes Giant Rogue Waves?,Steven Strogatz,"June 14, 2023",Wave-science researcher Ton van den Bremer and Steven Strogatz discuss how rogue waves can form in relatively calm seas and whether their threat can be predicted.,wave science researcher ton van den bremer steven strogatz discus rogue wave form relatively calm sea whether threat predicted,wave-science researcher ton van den bremer and steven strogatz discuss how rogue waves can form in relatively calm seas and whether their threat can be predicted.,wave science researcher ton van den bremer and steven strogatz discuss how rogue waves can form in relatively calm seas and whether their threat can be predicted,"['wave', 'science', 'researcher', 'ton', 'van', 'den', 'bremer', 'and', 'steven', 'strogatz', 'discuss', 'how', 'rogue', 'waves', 'can', 'form', 'in', 'relatively', 'calm', 'seas', 'and', 'whether', 'their', 'threat', 'can', 'be', 'predicted']","['wave', 'science', 'researcher', 'ton', 'van', 'den', 'bremer', 'steven', 'strogatz', 'discuss', 'rogue', 'waves', 'form', 'relatively', 'calm', 'seas', 'whether', 'threat', 'predicted']","['wave', 'science', 'researcher', 'ton', 'van', 'den', 'bremer', 'steven', 'strogatz', 'discus', 'rogue', 'wave', 'form', 'relatively', 'calm', 'sea', 'whether', 'threat', 'predicted']"
A New Experiment Casts Doubt on the Leading Theory of the Nucleus,Katie McCormick,"June 12, 2023","By measuring inflated helium nuclei, physicists have challenged our best understanding of the force that binds protons and neutrons.",measuring inflated helium nucleus physicist challenged best understanding force bind proton neutron,"by measuring inflated helium nuclei, physicists have challenged our best understanding of the force that binds protons and neutrons.",by measuring inflated helium nuclei physicists have challenged our best understanding of the force that binds protons and neutrons,"['by', 'measuring', 'inflated', 'helium', 'nuclei', 'physicists', 'have', 'challenged', 'our', 'best', 'understanding', 'of', 'the', 'force', 'that', 'binds', 'protons', 'and', 'neutrons']","['measuring', 'inflated', 'helium', 'nuclei', 'physicists', 'challenged', 'best', 'understanding', 'force', 'binds', 'protons', 'neutrons']","['measuring', 'inflated', 'helium', 'nucleus', 'physicist', 'challenged', 'best', 'understanding', 'force', 'bind', 'proton', 'neutron']"
An Explorer of Abyssal Depths Looks to Oceans on Other Worlds,Steve Nadis,"June 7, 2023",The marine geochemist Chris German brings decades of experience studying seafloor hydrothermal vents to NASA’s preparations for visits to other ocean worlds in our solar system.,marine geochemist chris german brings decade experience studying seafloor hydrothermal vent nasa preparation visit ocean world solar system,the marine geochemist chris german brings decades of experience studying seafloor hydrothermal vents to nasa’s preparations for visits to other ocean worlds in our solar system.,the marine geochemist chris german brings decades of experience studying seafloor hydrothermal vents to nasa s preparations for visits to other ocean worlds in our solar system,"['the', 'marine', 'geochemist', 'chris', 'german', 'brings', 'decades', 'of', 'experience', 'studying', 'seafloor', 'hydrothermal', 'vents', 'to', 'nasa', 's', 'preparations', 'for', 'visits', 'to', 'other', 'ocean', 'worlds', 'in', 'our', 'solar', 'system']","['marine', 'geochemist', 'chris', 'german', 'brings', 'decades', 'experience', 'studying', 'seafloor', 'hydrothermal', 'vents', 'nasa', 'preparations', 'visits', 'ocean', 'worlds', 'solar', 'system']","['marine', 'geochemist', 'chris', 'german', 'brings', 'decade', 'experience', 'studying', 'seafloor', 'hydrothermal', 'vent', 'nasa', 'preparation', 'visit', 'ocean', 'world', 'solar', 'system']"
"In New Paradox, Black Holes Appear to Evade Heat Death",George Musser,"June 6, 2023",The puzzling behavior of black hole interiors has led researchers to propose a new physical law: the second law of quantum complexity.,puzzling behavior black hole interior led researcher propose new physical law second law quantum complexity,the puzzling behavior of black hole interiors has led researchers to propose a new physical law: the second law of quantum complexity.,the puzzling behavior of black hole interiors has led researchers to propose a new physical law the second law of quantum complexity,"['the', 'puzzling', 'behavior', 'of', 'black', 'hole', 'interiors', 'has', 'led', 'researchers', 'to', 'propose', 'a', 'new', 'physical', 'law', 'the', 'second', 'law', 'of', 'quantum', 'complexity']","['puzzling', 'behavior', 'black', 'hole', 'interiors', 'led', 'researchers', 'propose', 'new', 'physical', 'law', 'second', 'law', 'quantum', 'complexity']","['puzzling', 'behavior', 'black', 'hole', 'interior', 'led', 'researcher', 'propose', 'new', 'physical', 'law', 'second', 'law', 'quantum', 'complexity']"
The Physicist Who Glues Together Universes,Charlie Wood,"May 25, 2023","Renate Loll has helped pioneer a radically new approach to quantum gravity. She assumes that the fabric of space-time is a blend of all possible fabrics, and she has developed the computational tools needed to calculate the far-reaching implications of that assumption.",renate loll helped pioneer radically new approach quantum gravity assumes fabric space time blend possible fabric developed computational tool needed calculate far reaching implication assumption,"renate loll has helped pioneer a radically new approach to quantum gravity. she assumes that the fabric of space-time is a blend of all possible fabrics, and she has developed the computational tools needed to calculate the far-reaching implications of that assumption.",renate loll has helped pioneer a radically new approach to quantum gravity she assumes that the fabric of space time is a blend of all possible fabrics and she has developed the computational tools needed to calculate the far reaching implications of that assumption,"['renate', 'loll', 'has', 'helped', 'pioneer', 'a', 'radically', 'new', 'approach', 'to', 'quantum', 'gravity', 'she', 'assumes', 'that', 'the', 'fabric', 'of', 'space', 'time', 'is', 'a', 'blend', 'of', 'all', 'possible', 'fabrics', 'and', 'she', 'has', 'developed', 'the', 'computational', 'tools', 'needed', 'to', 'calculate', 'the', 'far', 'reaching', 'implications', 'of', 'that', 'assumption']","['renate', 'loll', 'helped', 'pioneer', 'radically', 'new', 'approach', 'quantum', 'gravity', 'assumes', 'fabric', 'space', 'time', 'blend', 'possible', 'fabrics', 'developed', 'computational', 'tools', 'needed', 'calculate', 'far', 'reaching', 'implications', 'assumption']","['renate', 'loll', 'helped', 'pioneer', 'radically', 'new', 'approach', 'quantum', 'gravity', 'assumes', 'fabric', 'space', 'time', 'blend', 'possible', 'fabric', 'developed', 'computational', 'tool', 'needed', 'calculate', 'far', 'reaching', 'implication', 'assumption']"
Are There Reasons to Believe in a Multiverse?,Steven Strogatz,"May 17, 2023",Several areas of physics suggest reasons to think that unobservable universes with different natural laws could lie beyond ours. The theoretical physicist David Kaplan talks with Steven Strogatz about the mysteries that a multiverse would solve.,several area physic suggest reason think unobservable universe different natural law could lie beyond theoretical physicist david kaplan talk steven strogatz mystery multiverse would solve,several areas of physics suggest reasons to think that unobservable universes with different natural laws could lie beyond ours. the theoretical physicist david kaplan talks with steven strogatz about the mysteries that a multiverse would solve.,several areas of physics suggest reasons to think that unobservable universes with different natural laws could lie beyond ours the theoretical physicist david kaplan talks with steven strogatz about the mysteries that a multiverse would solve,"['several', 'areas', 'of', 'physics', 'suggest', 'reasons', 'to', 'think', 'that', 'unobservable', 'universes', 'with', 'different', 'natural', 'laws', 'could', 'lie', 'beyond', 'ours', 'the', 'theoretical', 'physicist', 'david', 'kaplan', 'talks', 'with', 'steven', 'strogatz', 'about', 'the', 'mysteries', 'that', 'a', 'multiverse', 'would', 'solve']","['several', 'areas', 'physics', 'suggest', 'reasons', 'think', 'unobservable', 'universes', 'different', 'natural', 'laws', 'could', 'lie', 'beyond', 'theoretical', 'physicist', 'david', 'kaplan', 'talks', 'steven', 'strogatz', 'mysteries', 'multiverse', 'would', 'solve']","['several', 'area', 'physic', 'suggest', 'reason', 'think', 'unobservable', 'universe', 'different', 'natural', 'law', 'could', 'lie', 'beyond', 'theoretical', 'physicist', 'david', 'kaplan', 'talk', 'steven', 'strogatz', 'mystery', 'multiverse', 'would', 'solve']"
New Proof Finds the ‘Ultimate Instability’ in a Solar System Model,Jordana Cepelewicz,"May 16, 2023","For the first time, mathematicians have proved that planetary orbits in a solar system will always be unstable.",first time mathematician proved planetary orbit solar system always unstable,"for the first time, mathematicians have proved that planetary orbits in a solar system will always be unstable.",for the first time mathematicians have proved that planetary orbits in a solar system will always be unstable,"['for', 'the', 'first', 'time', 'mathematicians', 'have', 'proved', 'that', 'planetary', 'orbits', 'in', 'a', 'solar', 'system', 'will', 'always', 'be', 'unstable']","['first', 'time', 'mathematicians', 'proved', 'planetary', 'orbits', 'solar', 'system', 'always', 'unstable']","['first', 'time', 'mathematician', 'proved', 'planetary', 'orbit', 'solar', 'system', 'always', 'unstable']"
The Tiny Physics Behind Immense Cosmic Eruptions,Zack Savitsky,"May 15, 2023","A new theory describes how particle interactions fuel fast magnetic reconnection, the process behind solar flares and other astrophysical jets.",new theory describes particle interaction fuel fast magnetic reconnection process behind solar flare astrophysical jet,"a new theory describes how particle interactions fuel fast magnetic reconnection, the process behind solar flares and other astrophysical jets.",a new theory describes how particle interactions fuel fast magnetic reconnection the process behind solar flares and other astrophysical jets,"['a', 'new', 'theory', 'describes', 'how', 'particle', 'interactions', 'fuel', 'fast', 'magnetic', 'reconnection', 'the', 'process', 'behind', 'solar', 'flares', 'and', 'other', 'astrophysical', 'jets']","['new', 'theory', 'describes', 'particle', 'interactions', 'fuel', 'fast', 'magnetic', 'reconnection', 'process', 'behind', 'solar', 'flares', 'astrophysical', 'jets']","['new', 'theory', 'describes', 'particle', 'interaction', 'fuel', 'fast', 'magnetic', 'reconnection', 'process', 'behind', 'solar', 'flare', 'astrophysical', 'jet']"
Physicists Create Elusive Particles That Remember Their Pasts,Charlie Wood,"May 9, 2023","In two landmark experiments, researchers used quantum processors to engineer exotic particles that have captivated physicists for decades. The work is a step toward crash-proof quantum computers.",two landmark experiment researcher used quantum processor engineer exotic particle captivated physicist decade work step toward crash proof quantum computer,"in two landmark experiments, researchers used quantum processors to engineer exotic particles that have captivated physicists for decades. the work is a step toward crash-proof quantum computers.",in two landmark experiments researchers used quantum processors to engineer exotic particles that have captivated physicists for decades the work is a step toward crash proof quantum computers,"['in', 'two', 'landmark', 'experiments', 'researchers', 'used', 'quantum', 'processors', 'to', 'engineer', 'exotic', 'particles', 'that', 'have', 'captivated', 'physicists', 'for', 'decades', 'the', 'work', 'is', 'a', 'step', 'toward', 'crash', 'proof', 'quantum', 'computers']","['two', 'landmark', 'experiments', 'researchers', 'used', 'quantum', 'processors', 'engineer', 'exotic', 'particles', 'captivated', 'physicists', 'decades', 'work', 'step', 'toward', 'crash', 'proof', 'quantum', 'computers']","['two', 'landmark', 'experiment', 'researcher', 'used', 'quantum', 'processor', 'engineer', 'exotic', 'particle', 'captivated', 'physicist', 'decade', 'work', 'step', 'toward', 'crash', 'proof', 'quantum', 'computer']"
A New Idea for How to Assemble Life,Philip Ball,"May 4, 2023","If we want to understand complex constructions, such as ourselves, assembly theory says we must account for the entire history of how such entities came to be.",want understand complex construction assembly theory say must account entire history entity came,"if we want to understand complex constructions, such as ourselves, assembly theory says we must account for the entire history of how such entities came to be.",if we want to understand complex constructions such as ourselves assembly theory says we must account for the entire history of how such entities came to be,"['if', 'we', 'want', 'to', 'understand', 'complex', 'constructions', 'such', 'as', 'ourselves', 'assembly', 'theory', 'says', 'we', 'must', 'account', 'for', 'the', 'entire', 'history', 'of', 'how', 'such', 'entities', 'came', 'to', 'be']","['want', 'understand', 'complex', 'constructions', 'assembly', 'theory', 'says', 'must', 'account', 'entire', 'history', 'entities', 'came']","['want', 'understand', 'complex', 'construction', 'assembly', 'theory', 'say', 'must', 'account', 'entire', 'history', 'entity', 'came']"
Is Perpetual Motion Possible at the Quantum Level?,Steven Strogatz,"May 3, 2023",A new phase of matter called a “time crystal” plays with our expectations of thermodynamics. The physicist Vedika Khemani talks with Steven Strogatz about its surprising quantum behavior.,new phase matter called time crystal play expectation thermodynamics physicist vedika khemani talk steven strogatz surprising quantum behavior,a new phase of matter called a “time crystal” plays with our expectations of thermodynamics. the physicist vedika khemani talks with steven strogatz about its surprising quantum behavior.,a new phase of matter called a time crystal plays with our expectations of thermodynamics the physicist vedika khemani talks with steven strogatz about its surprising quantum behavior,"['a', 'new', 'phase', 'of', 'matter', 'called', 'a', 'time', 'crystal', 'plays', 'with', 'our', 'expectations', 'of', 'thermodynamics', 'the', 'physicist', 'vedika', 'khemani', 'talks', 'with', 'steven', 'strogatz', 'about', 'its', 'surprising', 'quantum', 'behavior']","['new', 'phase', 'matter', 'called', 'time', 'crystal', 'plays', 'expectations', 'thermodynamics', 'physicist', 'vedika', 'khemani', 'talks', 'steven', 'strogatz', 'surprising', 'quantum', 'behavior']","['new', 'phase', 'matter', 'called', 'time', 'crystal', 'play', 'expectation', 'thermodynamics', 'physicist', 'vedika', 'khemani', 'talk', 'steven', 'strogatz', 'surprising', 'quantum', 'behavior']"
Tiny Jets on the Sun Power the Colossal Solar Wind,Theo Nicitopoulos,"April 24, 2023",A new analysis argues that ubiquitous eruptions in the sun’s corona explain the vast flow of charged particles seen streaming out through the solar system.,new analysis argues ubiquitous eruption sun corona explain vast flow charged particle seen streaming solar system,a new analysis argues that ubiquitous eruptions in the sun’s corona explain the vast flow of charged particles seen streaming out through the solar system.,a new analysis argues that ubiquitous eruptions in the sun s corona explain the vast flow of charged particles seen streaming out through the solar system,"['a', 'new', 'analysis', 'argues', 'that', 'ubiquitous', 'eruptions', 'in', 'the', 'sun', 's', 'corona', 'explain', 'the', 'vast', 'flow', 'of', 'charged', 'particles', 'seen', 'streaming', 'out', 'through', 'the', 'solar', 'system']","['new', 'analysis', 'argues', 'ubiquitous', 'eruptions', 'sun', 'corona', 'explain', 'vast', 'flow', 'charged', 'particles', 'seen', 'streaming', 'solar', 'system']","['new', 'analysis', 'argues', 'ubiquitous', 'eruption', 'sun', 'corona', 'explain', 'vast', 'flow', 'charged', 'particle', 'seen', 'streaming', 'solar', 'system']"
A New Kind of Symmetry Shakes Up Physics,Kevin Hartnett,"April 18, 2023",So-called “higher symmetries” are illuminating everything from particle decays to the behavior of complex quantum systems.,called higher symmetry illuminating everything particle decay behavior complex quantum system,so-called “higher symmetries” are illuminating everything from particle decays to the behavior of complex quantum systems.,so called higher symmetries are illuminating everything from particle decays to the behavior of complex quantum systems,"['so', 'called', 'higher', 'symmetries', 'are', 'illuminating', 'everything', 'from', 'particle', 'decays', 'to', 'the', 'behavior', 'of', 'complex', 'quantum', 'systems']","['called', 'higher', 'symmetries', 'illuminating', 'everything', 'particle', 'decays', 'behavior', 'complex', 'quantum', 'systems']","['called', 'higher', 'symmetry', 'illuminating', 'everything', 'particle', 'decay', 'behavior', 'complex', 'quantum', 'system']"
The Electron Is So Round That It’s Ruling Out Potential New Particles,Zack Savitsky,"April 10, 2023","If the electron’s charge wasn’t perfectly round, it could reveal the existence of hidden particles. A new measurement approaches perfection.",electron charge perfectly round could reveal existence hidden particle new measurement approach perfection,"if the electron’s charge wasn’t perfectly round, it could reveal the existence of hidden particles. a new measurement approaches perfection.",if the electron s charge wasn t perfectly round it could reveal the existence of hidden particles a new measurement approaches perfection,"['if', 'the', 'electron', 's', 'charge', 'wasn', 't', 'perfectly', 'round', 'it', 'could', 'reveal', 'the', 'existence', 'of', 'hidden', 'particles', 'a', 'new', 'measurement', 'approaches', 'perfection']","['electron', 'charge', 'perfectly', 'round', 'could', 'reveal', 'existence', 'hidden', 'particles', 'new', 'measurement', 'approaches', 'perfection']","['electron', 'charge', 'perfectly', 'round', 'could', 'reveal', 'existence', 'hidden', 'particle', 'new', 'measurement', 'approach', 'perfection']"
How to Tame the Endless Infinities Hiding in the Heart of Particle Physics,Charlie Wood,"April 6, 2023","In the math of particle physics, every calculation should result in infinity. The set of techniques known as “resurgence” points toward an escape.",math particle physic every calculation result infinity set technique known resurgence point toward escape,"in the math of particle physics, every calculation should result in infinity. the set of techniques known as “resurgence” points toward an escape.",in the math of particle physics every calculation should result in infinity the set of techniques known as resurgence points toward an escape,"['in', 'the', 'math', 'of', 'particle', 'physics', 'every', 'calculation', 'should', 'result', 'in', 'infinity', 'the', 'set', 'of', 'techniques', 'known', 'as', 'resurgence', 'points', 'toward', 'an', 'escape']","['math', 'particle', 'physics', 'every', 'calculation', 'result', 'infinity', 'set', 'techniques', 'known', 'resurgence', 'points', 'toward', 'escape']","['math', 'particle', 'physic', 'every', 'calculation', 'result', 'infinity', 'set', 'technique', 'known', 'resurgence', 'point', 'toward', 'escape']"
Astronomers Dig Up the Stars That Birthed the Milky Way,Lyndie Chiou,"March 28, 2023",There once was a cosmic seed that sprouted the Milky Way galaxy. Astronomers have discovered its last surviving remnants.,cosmic seed sprouted milky way galaxy astronomer discovered last surviving remnant,there once was a cosmic seed that sprouted the milky way galaxy. astronomers have discovered its last surviving remnants.,there once was a cosmic seed that sprouted the milky way galaxy astronomers have discovered its last surviving remnants,"['there', 'once', 'was', 'a', 'cosmic', 'seed', 'that', 'sprouted', 'the', 'milky', 'way', 'galaxy', 'astronomers', 'have', 'discovered', 'its', 'last', 'surviving', 'remnants']","['cosmic', 'seed', 'sprouted', 'milky', 'way', 'galaxy', 'astronomers', 'discovered', 'last', 'surviving', 'remnants']","['cosmic', 'seed', 'sprouted', 'milky', 'way', 'galaxy', 'astronomer', 'discovered', 'last', 'surviving', 'remnant']"
Wormhole Experiment Called Into Question,Charlie Wood,"March 23, 2023","Last fall, a team of physicists announced that they had teleported a qubit through a holographic wormhole in a quantum computer. Now another group suggests that’s not quite what happened.",last fall team physicist announced teleported qubit holographic wormhole quantum computer another group suggests not quite happened,"last fall, a team of physicists announced that they had teleported a qubit through a holographic wormhole in a quantum computer. now another group suggests that’s not quite what happened.",last fall a team of physicists announced that they had teleported a qubit through a holographic wormhole in a quantum computer now another group suggests that s not quite what happened,"['last', 'fall', 'a', 'team', 'of', 'physicists', 'announced', 'that', 'they', 'had', 'teleported', 'a', 'qubit', 'through', 'a', 'holographic', 'wormhole', 'in', 'a', 'quantum', 'computer', 'now', 'another', 'group', 'suggests', 'that', 's', 'not', 'quite', 'what', 'happened']","['last', 'fall', 'team', 'physicists', 'announced', 'teleported', 'qubit', 'holographic', 'wormhole', 'quantum', 'computer', 'another', 'group', 'suggests', 'not', 'quite', 'happened']","['last', 'fall', 'team', 'physicist', 'announced', 'teleported', 'qubit', 'holographic', 'wormhole', 'quantum', 'computer', 'another', 'group', 'suggests', 'not', 'quite', 'happened']"
Shadows in the Big Bang Afterglow Reveal Invisible Cosmic Structures,Zack Savitsky,"March 13, 2023",Cosmologists are using secondary signatures from the cosmic microwave background to map the universe’s hidden matter.,cosmologist using secondary signature cosmic microwave background map universe hidden matter,cosmologists are using secondary signatures from the cosmic microwave background to map the universe’s hidden matter.,cosmologists are using secondary signatures from the cosmic microwave background to map the universe s hidden matter,"['cosmologists', 'are', 'using', 'secondary', 'signatures', 'from', 'the', 'cosmic', 'microwave', 'background', 'to', 'map', 'the', 'universe', 's', 'hidden', 'matter']","['cosmologists', 'using', 'secondary', 'signatures', 'cosmic', 'microwave', 'background', 'map', 'universe', 'hidden', 'matter']","['cosmologist', 'using', 'secondary', 'signature', 'cosmic', 'microwave', 'background', 'map', 'universe', 'hidden', 'matter']"
Room-Temperature Superconductor Discovery Meets With Resistance,Charlie Wood,"March 8, 2023",A paper in Nature reports the discovery of a superconductor that operates at room temperatures and near-room pressures. The claim has divided the research community.,paper nature report discovery superconductor operates room temperature near room pressure claim divided research community,a paper in nature reports the discovery of a superconductor that operates at room temperatures and near-room pressures. the claim has divided the research community.,a paper in nature reports the discovery of a superconductor that operates at room temperatures and near room pressures the claim has divided the research community,"['a', 'paper', 'in', 'nature', 'reports', 'the', 'discovery', 'of', 'a', 'superconductor', 'that', 'operates', 'at', 'room', 'temperatures', 'and', 'near', 'room', 'pressures', 'the', 'claim', 'has', 'divided', 'the', 'research', 'community']","['paper', 'nature', 'reports', 'discovery', 'superconductor', 'operates', 'room', 'temperatures', 'near', 'room', 'pressures', 'claim', 'divided', 'research', 'community']","['paper', 'nature', 'report', 'discovery', 'superconductor', 'operates', 'room', 'temperature', 'near', 'room', 'pressure', 'claim', 'divided', 'research', 'community']"
"Black Holes Will Eventually Destroy All Quantum States, Researchers Argue",Thomas Lewton,"March 7, 2023",New calculations suggest that the event horizons around black holes will ‘decohere’ quantum possibilities — even those that are far away.,new calculation suggest event horizon around black hole decohere quantum possibility even far away,new calculations suggest that the event horizons around black holes will ‘decohere’ quantum possibilities — even those that are far away.,new calculations suggest that the event horizons around black holes will decohere quantum possibilities even those that are far away,"['new', 'calculations', 'suggest', 'that', 'the', 'event', 'horizons', 'around', 'black', 'holes', 'will', 'decohere', 'quantum', 'possibilities', 'even', 'those', 'that', 'are', 'far', 'away']","['new', 'calculations', 'suggest', 'event', 'horizons', 'around', 'black', 'holes', 'decohere', 'quantum', 'possibilities', 'even', 'far', 'away']","['new', 'calculation', 'suggest', 'event', 'horizon', 'around', 'black', 'hole', 'decohere', 'quantum', 'possibility', 'even', 'far', 'away']"
Strange Solar Gamma Rays Discovered at Even Higher Energies,Katie McCormick,"February 27, 2023","There appear to be too many gamma rays coming from the sun. New higher-energy measurements reveal that this excess continues for a bit, then disappears — a cutoff that could help clarify what’s going on.",appear many gamma ray coming sun new higher energy measurement reveal excess continues bit disappears cutoff could help clarify going,"there appear to be too many gamma rays coming from the sun. new higher-energy measurements reveal that this excess continues for a bit, then disappears — a cutoff that could help clarify what’s going on.",there appear to be too many gamma rays coming from the sun new higher energy measurements reveal that this excess continues for a bit then disappears a cutoff that could help clarify what s going on,"['there', 'appear', 'to', 'be', 'too', 'many', 'gamma', 'rays', 'coming', 'from', 'the', 'sun', 'new', 'higher', 'energy', 'measurements', 'reveal', 'that', 'this', 'excess', 'continues', 'for', 'a', 'bit', 'then', 'disappears', 'a', 'cutoff', 'that', 'could', 'help', 'clarify', 'what', 's', 'going', 'on']","['appear', 'many', 'gamma', 'rays', 'coming', 'sun', 'new', 'higher', 'energy', 'measurements', 'reveal', 'excess', 'continues', 'bit', 'disappears', 'cutoff', 'could', 'help', 'clarify', 'going']","['appear', 'many', 'gamma', 'ray', 'coming', 'sun', 'new', 'higher', 'energy', 'measurement', 'reveal', 'excess', 'continues', 'bit', 'disappears', 'cutoff', 'could', 'help', 'clarify', 'going']"
Physicists Use Quantum Mechanics to Pull Energy out of Nothing,Charlie Wood,"February 22, 2023",The quantum energy teleportation protocol was proposed in 2008 and largely ignored. Now two independent experiments have shown that it works.,quantum energy teleportation protocol proposed largely ignored two independent experiment shown work,the quantum energy teleportation protocol was proposed in 2008 and largely ignored. now two independent experiments have shown that it works.,the quantum energy teleportation protocol was proposed in and largely ignored now two independent experiments have shown that it works,"['the', 'quantum', 'energy', 'teleportation', 'protocol', 'was', 'proposed', 'in', 'and', 'largely', 'ignored', 'now', 'two', 'independent', 'experiments', 'have', 'shown', 'that', 'it', 'works']","['quantum', 'energy', 'teleportation', 'protocol', 'proposed', 'largely', 'ignored', 'two', 'independent', 'experiments', 'shown', 'works']","['quantum', 'energy', 'teleportation', 'protocol', 'proposed', 'largely', 'ignored', 'two', 'independent', 'experiment', 'shown', 'work']"
How Will the Universe End?,Steven Strogatz,"February 22, 2023","Big Freeze, Big Rip, Big Crunch, Bounce or vacuum decay? Steven Strogatz speaks with theoretical cosmologist Katie Mack about the five ways that scientists think the universe could come to an end.",big freeze big rip big crunch bounce vacuum decay steven strogatz speaks theoretical cosmologist katie mack five way scientist think universe could come end,"big freeze, big rip, big crunch, bounce or vacuum decay? steven strogatz speaks with theoretical cosmologist katie mack about the five ways that scientists think the universe could come to an end.",big freeze big rip big crunch bounce or vacuum decay steven strogatz speaks with theoretical cosmologist katie mack about the five ways that scientists think the universe could come to an end,"['big', 'freeze', 'big', 'rip', 'big', 'crunch', 'bounce', 'or', 'vacuum', 'decay', 'steven', 'strogatz', 'speaks', 'with', 'theoretical', 'cosmologist', 'katie', 'mack', 'about', 'the', 'five', 'ways', 'that', 'scientists', 'think', 'the', 'universe', 'could', 'come', 'to', 'an', 'end']","['big', 'freeze', 'big', 'rip', 'big', 'crunch', 'bounce', 'vacuum', 'decay', 'steven', 'strogatz', 'speaks', 'theoretical', 'cosmologist', 'katie', 'mack', 'five', 'ways', 'scientists', 'think', 'universe', 'could', 'come', 'end']","['big', 'freeze', 'big', 'rip', 'big', 'crunch', 'bounce', 'vacuum', 'decay', 'steven', 'strogatz', 'speaks', 'theoretical', 'cosmologist', 'katie', 'mack', 'five', 'way', 'scientist', 'think', 'universe', 'could', 'come', 'end']"
"The Joy of Asking About Infinity, Jellyfish and the End of the Universe",Polly Stryker,"February 9, 2023","As The Joy of Why podcast returns for a second season, producer Polly Stryker and host Steven Strogatz invite listeners to join them and their brilliant new guests on another voyage of discovery.",joy podcast return second season producer polly stryker host steven strogatz invite listener join brilliant new guest another voyage discovery,"as the joy of why podcast returns for a second season, producer polly stryker and host steven strogatz invite listeners to join them and their brilliant new guests on another voyage of discovery.",as the joy of why podcast returns for a second season producer polly stryker and host steven strogatz invite listeners to join them and their brilliant new guests on another voyage of discovery,"['as', 'the', 'joy', 'of', 'why', 'podcast', 'returns', 'for', 'a', 'second', 'season', 'producer', 'polly', 'stryker', 'and', 'host', 'steven', 'strogatz', 'invite', 'listeners', 'to', 'join', 'them', 'and', 'their', 'brilliant', 'new', 'guests', 'on', 'another', 'voyage', 'of', 'discovery']","['joy', 'podcast', 'returns', 'second', 'season', 'producer', 'polly', 'stryker', 'host', 'steven', 'strogatz', 'invite', 'listeners', 'join', 'brilliant', 'new', 'guests', 'another', 'voyage', 'discovery']","['joy', 'podcast', 'return', 'second', 'season', 'producer', 'polly', 'stryker', 'host', 'steven', 'strogatz', 'invite', 'listener', 'join', 'brilliant', 'new', 'guest', 'another', 'voyage', 'discovery']"
What Lights the Universe’s Standard Candles?,Lyndie Chiou,"February 8, 2023","Type Ia supernovas are astronomers’ best tools for measuring cosmic distances. In a first, researchers have managed to re-create one on a supercomputer, giving a boost to a leading hypothesis for how they form.",type ia supernova astronomer best tool measuring cosmic distance first researcher managed create one supercomputer giving boost leading hypothesis form,"type ia supernovas are astronomers’ best tools for measuring cosmic distances. in a first, researchers have managed to re-create one on a supercomputer, giving a boost to a leading hypothesis for how they form.",type ia supernovas are astronomers best tools for measuring cosmic distances in a first researchers have managed to re create one on a supercomputer giving a boost to a leading hypothesis for how they form,"['type', 'ia', 'supernovas', 'are', 'astronomers', 'best', 'tools', 'for', 'measuring', 'cosmic', 'distances', 'in', 'a', 'first', 'researchers', 'have', 'managed', 'to', 're', 'create', 'one', 'on', 'a', 'supercomputer', 'giving', 'a', 'boost', 'to', 'a', 'leading', 'hypothesis', 'for', 'how', 'they', 'form']","['type', 'ia', 'supernovas', 'astronomers', 'best', 'tools', 'measuring', 'cosmic', 'distances', 'first', 'researchers', 'managed', 'create', 'one', 'supercomputer', 'giving', 'boost', 'leading', 'hypothesis', 'form']","['type', 'ia', 'supernova', 'astronomer', 'best', 'tool', 'measuring', 'cosmic', 'distance', 'first', 'researcher', 'managed', 'create', 'one', 'supercomputer', 'giving', 'boost', 'leading', 'hypothesis', 'form']"
How Our Reality May Be a Sum of All Possible Realities,Charlie Wood,"February 6, 2023","Richard Feynman’s path integral is both a powerful prediction machine and a philosophy about how the world is. But physicists are still struggling to figure out how to use it, and what it means.",richard feynman path integral powerful prediction machine philosophy world physicist still struggling figure use mean,"richard feynman’s path integral is both a powerful prediction machine and a philosophy about how the world is. but physicists are still struggling to figure out how to use it, and what it means.",richard feynman s path integral is both a powerful prediction machine and a philosophy about how the world is but physicists are still struggling to figure out how to use it and what it means,"['richard', 'feynman', 's', 'path', 'integral', 'is', 'both', 'a', 'powerful', 'prediction', 'machine', 'and', 'a', 'philosophy', 'about', 'how', 'the', 'world', 'is', 'but', 'physicists', 'are', 'still', 'struggling', 'to', 'figure', 'out', 'how', 'to', 'use', 'it', 'and', 'what', 'it', 'means']","['richard', 'feynman', 'path', 'integral', 'powerful', 'prediction', 'machine', 'philosophy', 'world', 'physicists', 'still', 'struggling', 'figure', 'use', 'means']","['richard', 'feynman', 'path', 'integral', 'powerful', 'prediction', 'machine', 'philosophy', 'world', 'physicist', 'still', 'struggling', 'figure', 'use', 'mean']"
Astronomers Say They Have Spotted the Universe’s First Stars,Jonathan O'Callaghan,"January 30, 2023",Theory has it that “Population III” stars brought light to the cosmos. The James Webb Space Telescope may have just glimpsed them.,theory population iii star brought light cosmos james webb space telescope may glimpsed,theory has it that “population iii” stars brought light to the cosmos. the james webb space telescope may have just glimpsed them.,theory has it that population iii stars brought light to the cosmos the james webb space telescope may have just glimpsed them,"['theory', 'has', 'it', 'that', 'population', 'iii', 'stars', 'brought', 'light', 'to', 'the', 'cosmos', 'the', 'james', 'webb', 'space', 'telescope', 'may', 'have', 'just', 'glimpsed', 'them']","['theory', 'population', 'iii', 'stars', 'brought', 'light', 'cosmos', 'james', 'webb', 'space', 'telescope', 'may', 'glimpsed']","['theory', 'population', 'iii', 'star', 'brought', 'light', 'cosmos', 'james', 'webb', 'space', 'telescope', 'may', 'glimpsed']"
How Quantum Physicists ‘Flipped Time’ (and How They Didn’t),Charlie Wood,"January 27, 2023",Two teams have made photons act as if time were simultaneously flowing in two directions. The experiments demonstrate a way to potentially boost the performance of quantum devices.,two team made photon act time simultaneously flowing two direction experiment demonstrate way potentially boost performance quantum device,two teams have made photons act as if time were simultaneously flowing in two directions. the experiments demonstrate a way to potentially boost the performance of quantum devices.,two teams have made photons act as if time were simultaneously flowing in two directions the experiments demonstrate a way to potentially boost the performance of quantum devices,"['two', 'teams', 'have', 'made', 'photons', 'act', 'as', 'if', 'time', 'were', 'simultaneously', 'flowing', 'in', 'two', 'directions', 'the', 'experiments', 'demonstrate', 'a', 'way', 'to', 'potentially', 'boost', 'the', 'performance', 'of', 'quantum', 'devices']","['two', 'teams', 'made', 'photons', 'act', 'time', 'simultaneously', 'flowing', 'two', 'directions', 'experiments', 'demonstrate', 'way', 'potentially', 'boost', 'performance', 'quantum', 'devices']","['two', 'team', 'made', 'photon', 'act', 'time', 'simultaneously', 'flowing', 'two', 'direction', 'experiment', 'demonstrate', 'way', 'potentially', 'boost', 'performance', 'quantum', 'device']"
Mathematicians Find an Infinity of Possible Black Hole Shapes,Steve Nadis,"January 24, 2023","In three-dimensional space, the surface of a black hole must be a sphere. But a new result shows that in higher dimensions, an infinite number of configurations are possible.",three dimensional space surface black hole must sphere new result show higher dimension infinite number configuration possible,"in three-dimensional space, the surface of a black hole must be a sphere. but a new result shows that in higher dimensions, an infinite number of configurations are possible.",in three dimensional space the surface of a black hole must be a sphere but a new result shows that in higher dimensions an infinite number of configurations are possible,"['in', 'three', 'dimensional', 'space', 'the', 'surface', 'of', 'a', 'black', 'hole', 'must', 'be', 'a', 'sphere', 'but', 'a', 'new', 'result', 'shows', 'that', 'in', 'higher', 'dimensions', 'an', 'infinite', 'number', 'of', 'configurations', 'are', 'possible']","['three', 'dimensional', 'space', 'surface', 'black', 'hole', 'must', 'sphere', 'new', 'result', 'shows', 'higher', 'dimensions', 'infinite', 'number', 'configurations', 'possible']","['three', 'dimensional', 'space', 'surface', 'black', 'hole', 'must', 'sphere', 'new', 'result', 'show', 'higher', 'dimension', 'infinite', 'number', 'configuration', 'possible']"
Standard Model of Cosmology Survives a Telescope’s Surprising Finds,Rebecca Boyle,"January 20, 2023",Reports that the James Webb Space Telescope killed the reigning cosmological model turn out to have been exaggerated. But astronomers still have much to learn from distant galaxies glimpsed by Webb.,report james webb space telescope killed reigning cosmological model turn exaggerated astronomer still much learn distant galaxy glimpsed webb,reports that the james webb space telescope killed the reigning cosmological model turn out to have been exaggerated. but astronomers still have much to learn from distant galaxies glimpsed by webb.,reports that the james webb space telescope killed the reigning cosmological model turn out to have been exaggerated but astronomers still have much to learn from distant galaxies glimpsed by webb,"['reports', 'that', 'the', 'james', 'webb', 'space', 'telescope', 'killed', 'the', 'reigning', 'cosmological', 'model', 'turn', 'out', 'to', 'have', 'been', 'exaggerated', 'but', 'astronomers', 'still', 'have', 'much', 'to', 'learn', 'from', 'distant', 'galaxies', 'glimpsed', 'by', 'webb']","['reports', 'james', 'webb', 'space', 'telescope', 'killed', 'reigning', 'cosmological', 'model', 'turn', 'exaggerated', 'astronomers', 'still', 'much', 'learn', 'distant', 'galaxies', 'glimpsed', 'webb']","['report', 'james', 'webb', 'space', 'telescope', 'killed', 'reigning', 'cosmological', 'model', 'turn', 'exaggerated', 'astronomer', 'still', 'much', 'learn', 'distant', 'galaxy', 'glimpsed', 'webb']"
Starfish Whisperer Develops a Physical Language of Life,Charlie Wood,"January 11, 2023",Nikta Fakhri is adapting and extending concepts from physics to describe how tiny biological components give rise to living organisms.,nikta fakhri adapting extending concept physic describe tiny biological component give rise living organism,nikta fakhri is adapting and extending concepts from physics to describe how tiny biological components give rise to living organisms.,nikta fakhri is adapting and extending concepts from physics to describe how tiny biological components give rise to living organisms,"['nikta', 'fakhri', 'is', 'adapting', 'and', 'extending', 'concepts', 'from', 'physics', 'to', 'describe', 'how', 'tiny', 'biological', 'components', 'give', 'rise', 'to', 'living', 'organisms']","['nikta', 'fakhri', 'adapting', 'extending', 'concepts', 'physics', 'describe', 'tiny', 'biological', 'components', 'give', 'rise', 'living', 'organisms']","['nikta', 'fakhri', 'adapting', 'extending', 'concept', 'physic', 'describe', 'tiny', 'biological', 'component', 'give', 'rise', 'living', 'organism']"
New Algorithm Closes Quantum Supremacy Window,Ben Brubaker,"January 9, 2023","Random circuit sampling, a popular technique for showing the power of quantum computers, doesn’t scale up if errors go unchecked.",random circuit sampling popular technique showing power quantum computer scale error go unchecked,"random circuit sampling, a popular technique for showing the power of quantum computers, doesn’t scale up if errors go unchecked.",random circuit sampling a popular technique for showing the power of quantum computers doesn t scale up if errors go unchecked,"['random', 'circuit', 'sampling', 'a', 'popular', 'technique', 'for', 'showing', 'the', 'power', 'of', 'quantum', 'computers', 'doesn', 't', 'scale', 'up', 'if', 'errors', 'go', 'unchecked']","['random', 'circuit', 'sampling', 'popular', 'technique', 'showing', 'power', 'quantum', 'computers', 'scale', 'errors', 'go', 'unchecked']","['random', 'circuit', 'sampling', 'popular', 'technique', 'showing', 'power', 'quantum', 'computer', 'scale', 'error', 'go', 'unchecked']"
"Inside Ancient Asteroids, Gamma Rays Made Building Blocks of Life",John Rennie,"January 4, 2023",A new radiation-based mechanism adds to the ways that amino acids could have been made in space and brought to the young Earth.,new radiation based mechanism add way amino acid could made space brought young earth,a new radiation-based mechanism adds to the ways that amino acids could have been made in space and brought to the young earth.,a new radiation based mechanism adds to the ways that amino acids could have been made in space and brought to the young earth,"['a', 'new', 'radiation', 'based', 'mechanism', 'adds', 'to', 'the', 'ways', 'that', 'amino', 'acids', 'could', 'have', 'been', 'made', 'in', 'space', 'and', 'brought', 'to', 'the', 'young', 'earth']","['new', 'radiation', 'based', 'mechanism', 'adds', 'ways', 'amino', 'acids', 'could', 'made', 'space', 'brought', 'young', 'earth']","['new', 'radiation', 'based', 'mechanism', 'add', 'way', 'amino', 'acid', 'could', 'made', 'space', 'brought', 'young', 'earth']"
‘Fullertubes’ Join the Family of Carbon Crystals,James R. Riordon,"December 20, 2022","The buckminsterfullerene revolution never came, but some researchers are eagerly exploring the properties of newfound carbon crystals known as fullertubes.",buckminsterfullerene revolution never came researcher eagerly exploring property newfound carbon crystal known fullertubes,"the buckminsterfullerene revolution never came, but some researchers are eagerly exploring the properties of newfound carbon crystals known as fullertubes.",the buckminsterfullerene revolution never came but some researchers are eagerly exploring the properties of newfound carbon crystals known as fullertubes,"['the', 'buckminsterfullerene', 'revolution', 'never', 'came', 'but', 'some', 'researchers', 'are', 'eagerly', 'exploring', 'the', 'properties', 'of', 'newfound', 'carbon', 'crystals', 'known', 'as', 'fullertubes']","['buckminsterfullerene', 'revolution', 'never', 'came', 'researchers', 'eagerly', 'exploring', 'properties', 'newfound', 'carbon', 'crystals', 'known', 'fullertubes']","['buckminsterfullerene', 'revolution', 'never', 'came', 'researcher', 'eagerly', 'exploring', 'property', 'newfound', 'carbon', 'crystal', 'known', 'fullertubes']"
She Turns Fluids Into ‘Black Holes’ and ‘Inflating Universes’,Thomas Lewton,"December 12, 2022","By using fluids to model inaccessible realms of the cosmos, Silke Weinfurtner is “looking for a deeper truth beyond one system.” But what can such experiments teach us?",using fluid model inaccessible realm cosmos silke weinfurtner looking deeper truth beyond one system experiment teach u,"by using fluids to model inaccessible realms of the cosmos, silke weinfurtner is “looking for a deeper truth beyond one system.” but what can such experiments teach us?",by using fluids to model inaccessible realms of the cosmos silke weinfurtner is looking for a deeper truth beyond one system but what can such experiments teach us,"['by', 'using', 'fluids', 'to', 'model', 'inaccessible', 'realms', 'of', 'the', 'cosmos', 'silke', 'weinfurtner', 'is', 'looking', 'for', 'a', 'deeper', 'truth', 'beyond', 'one', 'system', 'but', 'what', 'can', 'such', 'experiments', 'teach', 'us']","['using', 'fluids', 'model', 'inaccessible', 'realms', 'cosmos', 'silke', 'weinfurtner', 'looking', 'deeper', 'truth', 'beyond', 'one', 'system', 'experiments', 'teach', 'us']","['using', 'fluid', 'model', 'inaccessible', 'realm', 'cosmos', 'silke', 'weinfurtner', 'looking', 'deeper', 'truth', 'beyond', 'one', 'system', 'experiment', 'teach', 'u']"
Asymmetry Detected in the Distribution of Galaxies,Katie McCormick,"December 5, 2022","Two new studies suggest that certain tetrahedral arrangements of galaxies outnumber their mirror images, potentially reflecting details of the universe’s birth. But confirmation is needed.",two new study suggest certain tetrahedral arrangement galaxy outnumber mirror image potentially reflecting detail universe birth confirmation needed,"two new studies suggest that certain tetrahedral arrangements of galaxies outnumber their mirror images, potentially reflecting details of the universe’s birth. but confirmation is needed.",two new studies suggest that certain tetrahedral arrangements of galaxies outnumber their mirror images potentially reflecting details of the universe s birth but confirmation is needed,"['two', 'new', 'studies', 'suggest', 'that', 'certain', 'tetrahedral', 'arrangements', 'of', 'galaxies', 'outnumber', 'their', 'mirror', 'images', 'potentially', 'reflecting', 'details', 'of', 'the', 'universe', 's', 'birth', 'but', 'confirmation', 'is', 'needed']","['two', 'new', 'studies', 'suggest', 'certain', 'tetrahedral', 'arrangements', 'galaxies', 'outnumber', 'mirror', 'images', 'potentially', 'reflecting', 'details', 'universe', 'birth', 'confirmation', 'needed']","['two', 'new', 'study', 'suggest', 'certain', 'tetrahedral', 'arrangement', 'galaxy', 'outnumber', 'mirror', 'image', 'potentially', 'reflecting', 'detail', 'universe', 'birth', 'confirmation', 'needed']"
Crucial Computer Program for Particle Physics at Risk of Obsolescence,Matt von Hippel,"December 1, 2022",Maintenance of the software that’s used for the hardest physics calculations rests almost entirely with a retiree. The situation reveals the problematic incentive structure of academia.,maintenance software used hardest physic calculation rest almost entirely retiree situation reveals problematic incentive structure academia,maintenance of the software that’s used for the hardest physics calculations rests almost entirely with a retiree. the situation reveals the problematic incentive structure of academia.,maintenance of the software that s used for the hardest physics calculations rests almost entirely with a retiree the situation reveals the problematic incentive structure of academia,"['maintenance', 'of', 'the', 'software', 'that', 's', 'used', 'for', 'the', 'hardest', 'physics', 'calculations', 'rests', 'almost', 'entirely', 'with', 'a', 'retiree', 'the', 'situation', 'reveals', 'the', 'problematic', 'incentive', 'structure', 'of', 'academia']","['maintenance', 'software', 'used', 'hardest', 'physics', 'calculations', 'rests', 'almost', 'entirely', 'retiree', 'situation', 'reveals', 'problematic', 'incentive', 'structure', 'academia']","['maintenance', 'software', 'used', 'hardest', 'physic', 'calculation', 'rest', 'almost', 'entirely', 'retiree', 'situation', 'reveals', 'problematic', 'incentive', 'structure', 'academia']"
Physicists Create a Holographic Wormhole Using a Quantum Computer,Natalie Wolchover,"November 30, 2022",The unprecedented experiment explores the possibility that space-time somehow emerges from quantum information.,unprecedented experiment explores possibility space time somehow emerges quantum information,the unprecedented experiment explores the possibility that space-time somehow emerges from quantum information.,the unprecedented experiment explores the possibility that space time somehow emerges from quantum information,"['the', 'unprecedented', 'experiment', 'explores', 'the', 'possibility', 'that', 'space', 'time', 'somehow', 'emerges', 'from', 'quantum', 'information']","['unprecedented', 'experiment', 'explores', 'possibility', 'space', 'time', 'somehow', 'emerges', 'quantum', 'information']","['unprecedented', 'experiment', 'explores', 'possibility', 'space', 'time', 'somehow', 'emerges', 'quantum', 'information']"
Why This Universe? A New Calculation Suggests Our Cosmos Is Typical.,Charlie Wood,"November 17, 2022",Two physicists have calculated that the universe has a higher entropy — and is therefore more likely — than alternative possible universes.,two physicist calculated universe higher entropy therefore likely alternative possible universe,two physicists have calculated that the universe has a higher entropy — and is therefore more likely — than alternative possible universes.,two physicists have calculated that the universe has a higher entropy and is therefore more likely than alternative possible universes,"['two', 'physicists', 'have', 'calculated', 'that', 'the', 'universe', 'has', 'a', 'higher', 'entropy', 'and', 'is', 'therefore', 'more', 'likely', 'than', 'alternative', 'possible', 'universes']","['two', 'physicists', 'calculated', 'universe', 'higher', 'entropy', 'therefore', 'likely', 'alternative', 'possible', 'universes']","['two', 'physicist', 'calculated', 'universe', 'higher', 'entropy', 'therefore', 'likely', 'alternative', 'possible', 'universe']"
How to Think About Relativity,Sean Carroll,"November 14, 2022","Albert Einstein’s ideas about space-time aren’t exactly intuitive, and they aren’t exactly Einstein’s, either.",albert einstein idea space time exactly intuitive exactly einstein either,"albert einstein’s ideas about space-time aren’t exactly intuitive, and they aren’t exactly einstein’s, either.",albert einstein s ideas about space time aren t exactly intuitive and they aren t exactly einstein s either,"['albert', 'einstein', 's', 'ideas', 'about', 'space', 'time', 'aren', 't', 'exactly', 'intuitive', 'and', 'they', 'aren', 't', 'exactly', 'einstein', 's', 'either']","['albert', 'einstein', 'ideas', 'space', 'time', 'exactly', 'intuitive', 'exactly', 'einstein', 'either']","['albert', 'einstein', 'idea', 'space', 'time', 'exactly', 'intuitive', 'exactly', 'einstein', 'either']"
The Enduring Mystery of the Dragonfly 44 Galaxy,Lyndie Chiou,"November 7, 2022",A growing catalog of huge but dim galaxies such as Dragonfly 44 is forcing astronomers to invent new theories of galactic evolution.,growing catalog huge dim galaxy dragonfly forcing astronomer invent new theory galactic evolution,a growing catalog of huge but dim galaxies such as dragonfly 44 is forcing astronomers to invent new theories of galactic evolution.,a growing catalog of huge but dim galaxies such as dragonfly is forcing astronomers to invent new theories of galactic evolution,"['a', 'growing', 'catalog', 'of', 'huge', 'but', 'dim', 'galaxies', 'such', 'as', 'dragonfly', 'is', 'forcing', 'astronomers', 'to', 'invent', 'new', 'theories', 'of', 'galactic', 'evolution']","['growing', 'catalog', 'huge', 'dim', 'galaxies', 'dragonfly', 'forcing', 'astronomers', 'invent', 'new', 'theories', 'galactic', 'evolution']","['growing', 'catalog', 'huge', 'dim', 'galaxy', 'dragonfly', 'forcing', 'astronomer', 'invent', 'new', 'theory', 'galactic', 'evolution']"
A Dream of Discovering Alien Life Finds New Hope,Joshua Sokol,"November 3, 2022","For Lisa Kaltenegger and her generation of exoplanet astronomers, decades of planning have set the stage for an epochal detection.",lisa kaltenegger generation exoplanet astronomer decade planning set stage epochal detection,"for lisa kaltenegger and her generation of exoplanet astronomers, decades of planning have set the stage for an epochal detection.",for lisa kaltenegger and her generation of exoplanet astronomers decades of planning have set the stage for an epochal detection,"['for', 'lisa', 'kaltenegger', 'and', 'her', 'generation', 'of', 'exoplanet', 'astronomers', 'decades', 'of', 'planning', 'have', 'set', 'the', 'stage', 'for', 'an', 'epochal', 'detection']","['lisa', 'kaltenegger', 'generation', 'exoplanet', 'astronomers', 'decades', 'planning', 'set', 'stage', 'epochal', 'detection']","['lisa', 'kaltenegger', 'generation', 'exoplanet', 'astronomer', 'decade', 'planning', 'set', 'stage', 'epochal', 'detection']"
Brightest-Ever Space Explosion Reveals Possible Hints of Dark Matter,Jonathan O'Callaghan,"October 26, 2022","A recent gamma-ray burst known as the BOAT — “brightest of all time” — appears to have produced a high-energy particle that shouldn’t exist. For some, dark matter provides the explanation.",recent gamma ray burst known boat brightest time appears produced high energy particle exist dark matter provides explanation,"a recent gamma-ray burst known as the boat — “brightest of all time” — appears to have produced a high-energy particle that shouldn’t exist. for some, dark matter provides the explanation.",a recent gamma ray burst known as the boat brightest of all time appears to have produced a high energy particle that shouldn t exist for some dark matter provides the explanation,"['a', 'recent', 'gamma', 'ray', 'burst', 'known', 'as', 'the', 'boat', 'brightest', 'of', 'all', 'time', 'appears', 'to', 'have', 'produced', 'a', 'high', 'energy', 'particle', 'that', 'shouldn', 't', 'exist', 'for', 'some', 'dark', 'matter', 'provides', 'the', 'explanation']","['recent', 'gamma', 'ray', 'burst', 'known', 'boat', 'brightest', 'time', 'appears', 'produced', 'high', 'energy', 'particle', 'exist', 'dark', 'matter', 'provides', 'explanation']","['recent', 'gamma', 'ray', 'burst', 'known', 'boat', 'brightest', 'time', 'appears', 'produced', 'high', 'energy', 'particle', 'exist', 'dark', 'matter', 'provides', 'explanation']"
Experiments Spell Doom for Decades-Old Explanation of Quantum Weirdness,Philip Ball,"October 20, 2022",Physical-collapse theories have long offered a natural solution to the central mystery of the quantum world. But a series of increasingly precise experiments are making them untenable.,physical collapse theory long offered natural solution central mystery quantum world series increasingly precise experiment making untenable,physical-collapse theories have long offered a natural solution to the central mystery of the quantum world. but a series of increasingly precise experiments are making them untenable.,physical collapse theories have long offered a natural solution to the central mystery of the quantum world but a series of increasingly precise experiments are making them untenable,"['physical', 'collapse', 'theories', 'have', 'long', 'offered', 'a', 'natural', 'solution', 'to', 'the', 'central', 'mystery', 'of', 'the', 'quantum', 'world', 'but', 'a', 'series', 'of', 'increasingly', 'precise', 'experiments', 'are', 'making', 'them', 'untenable']","['physical', 'collapse', 'theories', 'long', 'offered', 'natural', 'solution', 'central', 'mystery', 'quantum', 'world', 'series', 'increasingly', 'precise', 'experiments', 'making', 'untenable']","['physical', 'collapse', 'theory', 'long', 'offered', 'natural', 'solution', 'central', 'mystery', 'quantum', 'world', 'series', 'increasingly', 'precise', 'experiment', 'making', 'untenable']"
"Inside the Proton, the ‘Most Complicated Thing You Could Possibly Imagine’",Charlie Wood,"October 19, 2022","The positively charged particle at the heart of the atom is an object of unspeakable complexity, one that changes its appearance depending on how it is probed.",positively charged particle heart atom object unspeakable complexity one change appearance depending probed,"the positively charged particle at the heart of the atom is an object of unspeakable complexity, one that changes its appearance depending on how it is probed.",the positively charged particle at the heart of the atom is an object of unspeakable complexity one that changes its appearance depending on how it is probed,"['the', 'positively', 'charged', 'particle', 'at', 'the', 'heart', 'of', 'the', 'atom', 'is', 'an', 'object', 'of', 'unspeakable', 'complexity', 'one', 'that', 'changes', 'its', 'appearance', 'depending', 'on', 'how', 'it', 'is', 'probed']","['positively', 'charged', 'particle', 'heart', 'atom', 'object', 'unspeakable', 'complexity', 'one', 'changes', 'appearance', 'depending', 'probed']","['positively', 'charged', 'particle', 'heart', 'atom', 'object', 'unspeakable', 'complexity', 'one', 'change', 'appearance', 'depending', 'probed']"
Pioneering Quantum Physicists Win Nobel Prize in Physics,Charlie Wood,"October 4, 2022","Alain Aspect, John Clauser and Anton Zeilinger have won the 2022 Nobel Prize in Physics for groundbreaking experiments with entangled particles.",alain aspect john clauser anton zeilinger nobel prize physic groundbreaking experiment entangled particle,"alain aspect, john clauser and anton zeilinger have won the 2022 nobel prize in physics for groundbreaking experiments with entangled particles.",alain aspect john clauser and anton zeilinger have won the nobel prize in physics for groundbreaking experiments with entangled particles,"['alain', 'aspect', 'john', 'clauser', 'and', 'anton', 'zeilinger', 'have', 'won', 'the', 'nobel', 'prize', 'in', 'physics', 'for', 'groundbreaking', 'experiments', 'with', 'entangled', 'particles']","['alain', 'aspect', 'john', 'clauser', 'anton', 'zeilinger', 'nobel', 'prize', 'physics', 'groundbreaking', 'experiments', 'entangled', 'particles']","['alain', 'aspect', 'john', 'clauser', 'anton', 'zeilinger', 'nobel', 'prize', 'physic', 'groundbreaking', 'experiment', 'entangled', 'particle']"
Physicists Rewrite a Quantum Rule That Clashes With Our Universe,Charlie Wood,"September 26, 2022",The past and the future are tightly linked in conventional quantum mechanics. Perhaps too tightly. A tweak to the theory could let quantum possibilities increase as space expands.,past future tightly linked conventional quantum mechanic perhaps tightly tweak theory could let quantum possibility increase space expands,the past and the future are tightly linked in conventional quantum mechanics. perhaps too tightly. a tweak to the theory could let quantum possibilities increase as space expands.,the past and the future are tightly linked in conventional quantum mechanics perhaps too tightly a tweak to the theory could let quantum possibilities increase as space expands,"['the', 'past', 'and', 'the', 'future', 'are', 'tightly', 'linked', 'in', 'conventional', 'quantum', 'mechanics', 'perhaps', 'too', 'tightly', 'a', 'tweak', 'to', 'the', 'theory', 'could', 'let', 'quantum', 'possibilities', 'increase', 'as', 'space', 'expands']","['past', 'future', 'tightly', 'linked', 'conventional', 'quantum', 'mechanics', 'perhaps', 'tightly', 'tweak', 'theory', 'could', 'let', 'quantum', 'possibilities', 'increase', 'space', 'expands']","['past', 'future', 'tightly', 'linked', 'conventional', 'quantum', 'mechanic', 'perhaps', 'tightly', 'tweak', 'theory', 'could', 'let', 'quantum', 'possibility', 'increase', 'space', 'expands']"
High-Temperature Superconductivity Understood at Last,Charlie Wood,"September 21, 2022","A new atomic-scale experiment all but settles the origin of the strong form of superconductivity seen in cuprate crystals, confirming a 35-year-old theory.",new atomic scale experiment settle origin strong form superconductivity seen cuprate crystal confirming year old theory,"a new atomic-scale experiment all but settles the origin of the strong form of superconductivity seen in cuprate crystals, confirming a 35-year-old theory.",a new atomic scale experiment all but settles the origin of the strong form of superconductivity seen in cuprate crystals confirming a year old theory,"['a', 'new', 'atomic', 'scale', 'experiment', 'all', 'but', 'settles', 'the', 'origin', 'of', 'the', 'strong', 'form', 'of', 'superconductivity', 'seen', 'in', 'cuprate', 'crystals', 'confirming', 'a', 'year', 'old', 'theory']","['new', 'atomic', 'scale', 'experiment', 'settles', 'origin', 'strong', 'form', 'superconductivity', 'seen', 'cuprate', 'crystals', 'confirming', 'year', 'old', 'theory']","['new', 'atomic', 'scale', 'experiment', 'settle', 'origin', 'strong', 'form', 'superconductivity', 'seen', 'cuprate', 'crystal', 'confirming', 'year', 'old', 'theory']"
Chaos Researchers Can Now Predict Perilous Points of No Return,Ben Brubaker,"September 15, 2022",A custom-built machine learning algorithm can predict when a complex system is about to switch to a wildly different mode of behavior.,custom built machine learning algorithm predict complex system switch wildly different mode behavior,a custom-built machine learning algorithm can predict when a complex system is about to switch to a wildly different mode of behavior.,a custom built machine learning algorithm can predict when a complex system is about to switch to a wildly different mode of behavior,"['a', 'custom', 'built', 'machine', 'learning', 'algorithm', 'can', 'predict', 'when', 'a', 'complex', 'system', 'is', 'about', 'to', 'switch', 'to', 'a', 'wildly', 'different', 'mode', 'of', 'behavior']","['custom', 'built', 'machine', 'learning', 'algorithm', 'predict', 'complex', 'system', 'switch', 'wildly', 'different', 'mode', 'behavior']","['custom', 'built', 'machine', 'learning', 'algorithm', 'predict', 'complex', 'system', 'switch', 'wildly', 'different', 'mode', 'behavior']"
A Black Hole’s Orbiting Ring of Light Could Encrypt Its Inner Secrets,Thomas Lewton,"September 8, 2022","Physicists have discovered that the ring of photons orbiting a black hole exhibits a special kind of symmetry, hinting at a deeper meaning.",physicist discovered ring photon orbiting black hole exhibit special kind symmetry hinting deeper meaning,"physicists have discovered that the ring of photons orbiting a black hole exhibits a special kind of symmetry, hinting at a deeper meaning.",physicists have discovered that the ring of photons orbiting a black hole exhibits a special kind of symmetry hinting at a deeper meaning,"['physicists', 'have', 'discovered', 'that', 'the', 'ring', 'of', 'photons', 'orbiting', 'a', 'black', 'hole', 'exhibits', 'a', 'special', 'kind', 'of', 'symmetry', 'hinting', 'at', 'a', 'deeper', 'meaning']","['physicists', 'discovered', 'ring', 'photons', 'orbiting', 'black', 'hole', 'exhibits', 'special', 'kind', 'symmetry', 'hinting', 'deeper', 'meaning']","['physicist', 'discovered', 'ring', 'photon', 'orbiting', 'black', 'hole', 'exhibit', 'special', 'kind', 'symmetry', 'hinting', 'deeper', 'meaning']"
Webb Space Telescope Snaps Its First Photo of an Exoplanet,Jonathan O'Callaghan,"September 1, 2022",The grainy image of a “super-Jupiter” is a sign of what’s to come as the telescope’s exoplanet observations ramp up.,grainy image super jupiter sign come telescope exoplanet observation ramp,the grainy image of a “super-jupiter” is a sign of what’s to come as the telescope’s exoplanet observations ramp up.,the grainy image of a super jupiter is a sign of what s to come as the telescope s exoplanet observations ramp up,"['the', 'grainy', 'image', 'of', 'a', 'super', 'jupiter', 'is', 'a', 'sign', 'of', 'what', 's', 'to', 'come', 'as', 'the', 'telescope', 's', 'exoplanet', 'observations', 'ramp', 'up']","['grainy', 'image', 'super', 'jupiter', 'sign', 'come', 'telescope', 'exoplanet', 'observations', 'ramp']","['grainy', 'image', 'super', 'jupiter', 'sign', 'come', 'telescope', 'exoplanet', 'observation', 'ramp']"
What Drives Galaxies? The Milky Way’s Black Hole May Be the Key.,Thomas Lewton,"August 23, 2022","Supermassive black holes have come to the fore as engines of galactic evolution, but new observations of the Milky Way and its central hole don’t yet hang together.",supermassive black hole come fore engine galactic evolution new observation milky way central hole yet hang together,"supermassive black holes have come to the fore as engines of galactic evolution, but new observations of the milky way and its central hole don’t yet hang together.",supermassive black holes have come to the fore as engines of galactic evolution but new observations of the milky way and its central hole don t yet hang together,"['supermassive', 'black', 'holes', 'have', 'come', 'to', 'the', 'fore', 'as', 'engines', 'of', 'galactic', 'evolution', 'but', 'new', 'observations', 'of', 'the', 'milky', 'way', 'and', 'its', 'central', 'hole', 'don', 't', 'yet', 'hang', 'together']","['supermassive', 'black', 'holes', 'come', 'fore', 'engines', 'galactic', 'evolution', 'new', 'observations', 'milky', 'way', 'central', 'hole', 'yet', 'hang', 'together']","['supermassive', 'black', 'hole', 'come', 'fore', 'engine', 'galactic', 'evolution', 'new', 'observation', 'milky', 'way', 'central', 'hole', 'yet', 'hang', 'together']"
Physics Duo Finds Magic in Two Dimensions,Charlie Wood,"August 16, 2022","In exploring a family of two-dimensional crystals, a husband-and-wife team is uncovering a potent variety of new electron behaviors.",exploring family two dimensional crystal husband wife team uncovering potent variety new electron behavior,"in exploring a family of two-dimensional crystals, a husband-and-wife team is uncovering a potent variety of new electron behaviors.",in exploring a family of two dimensional crystals a husband and wife team is uncovering a potent variety of new electron behaviors,"['in', 'exploring', 'a', 'family', 'of', 'two', 'dimensional', 'crystals', 'a', 'husband', 'and', 'wife', 'team', 'is', 'uncovering', 'a', 'potent', 'variety', 'of', 'new', 'electron', 'behaviors']","['exploring', 'family', 'two', 'dimensional', 'crystals', 'husband', 'wife', 'team', 'uncovering', 'potent', 'variety', 'new', 'electron', 'behaviors']","['exploring', 'family', 'two', 'dimensional', 'crystal', 'husband', 'wife', 'team', 'uncovering', 'potent', 'variety', 'new', 'electron', 'behavior']"
What Is Quantum Field Theory and Why Is It Incomplete?,Steven Strogatz,"August 10, 2022","Quantum field theory may be the most successful scientific theory of all time, but there’s reason to think it’s missing something. Steven Strogatz speaks with theoretical physicist David Tong about this enigmatic theory.",quantum field theory may successful scientific theory time reason think missing something steven strogatz speaks theoretical physicist david tong enigmatic theory,"quantum field theory may be the most successful scientific theory of all time, but there’s reason to think it’s missing something. steven strogatz speaks with theoretical physicist david tong about this enigmatic theory.",quantum field theory may be the most successful scientific theory of all time but there s reason to think it s missing something steven strogatz speaks with theoretical physicist david tong about this enigmatic theory,"['quantum', 'field', 'theory', 'may', 'be', 'the', 'most', 'successful', 'scientific', 'theory', 'of', 'all', 'time', 'but', 'there', 's', 'reason', 'to', 'think', 'it', 's', 'missing', 'something', 'steven', 'strogatz', 'speaks', 'with', 'theoretical', 'physicist', 'david', 'tong', 'about', 'this', 'enigmatic', 'theory']","['quantum', 'field', 'theory', 'may', 'successful', 'scientific', 'theory', 'time', 'reason', 'think', 'missing', 'something', 'steven', 'strogatz', 'speaks', 'theoretical', 'physicist', 'david', 'tong', 'enigmatic', 'theory']","['quantum', 'field', 'theory', 'may', 'successful', 'scientific', 'theory', 'time', 'reason', 'think', 'missing', 'something', 'steven', 'strogatz', 'speaks', 'theoretical', 'physicist', 'david', 'tong', 'enigmatic', 'theory']"
How the Physics of Nothing Underlies Everything,Charlie Wood,"August 9, 2022",The key to understanding the origin and fate of the universe may be a more complete understanding of the vacuum.,key understanding origin fate universe may complete understanding vacuum,the key to understanding the origin and fate of the universe may be a more complete understanding of the vacuum.,the key to understanding the origin and fate of the universe may be a more complete understanding of the vacuum,"['the', 'key', 'to', 'understanding', 'the', 'origin', 'and', 'fate', 'of', 'the', 'universe', 'may', 'be', 'a', 'more', 'complete', 'understanding', 'of', 'the', 'vacuum']","['key', 'understanding', 'origin', 'fate', 'universe', 'may', 'complete', 'understanding', 'vacuum']","['key', 'understanding', 'origin', 'fate', 'universe', 'may', 'complete', 'understanding', 'vacuum']"
"At Long Last, Mathematical Proof That Black Holes Are Stable",Steve Nadis,"August 4, 2022","The solutions to Einstein’s equations that describe a spinning black hole won’t blow up, even when poked or prodded.",solution einstein equation describe spinning black hole blow even poked prodded,"the solutions to einstein’s equations that describe a spinning black hole won’t blow up, even when poked or prodded.",the solutions to einstein s equations that describe a spinning black hole won t blow up even when poked or prodded,"['the', 'solutions', 'to', 'einstein', 's', 'equations', 'that', 'describe', 'a', 'spinning', 'black', 'hole', 'won', 't', 'blow', 'up', 'even', 'when', 'poked', 'or', 'prodded']","['solutions', 'einstein', 'equations', 'describe', 'spinning', 'black', 'hole', 'blow', 'even', 'poked', 'prodded']","['solution', 'einstein', 'equation', 'describe', 'spinning', 'black', 'hole', 'blow', 'even', 'poked', 'prodded']"
Particle Physicists Puzzle Over a New Duality,Katie McCormick,"August 1, 2022",A hidden link has been found between two seemingly unrelated particle collision outcomes. It’s the latest example of a mysterious web of mathematical connections between disparate theories of physics.,hidden link found two seemingly unrelated particle collision outcome latest example mysterious web mathematical connection disparate theory physic,a hidden link has been found between two seemingly unrelated particle collision outcomes. it’s the latest example of a mysterious web of mathematical connections between disparate theories of physics.,a hidden link has been found between two seemingly unrelated particle collision outcomes it s the latest example of a mysterious web of mathematical connections between disparate theories of physics,"['a', 'hidden', 'link', 'has', 'been', 'found', 'between', 'two', 'seemingly', 'unrelated', 'particle', 'collision', 'outcomes', 'it', 's', 'the', 'latest', 'example', 'of', 'a', 'mysterious', 'web', 'of', 'mathematical', 'connections', 'between', 'disparate', 'theories', 'of', 'physics']","['hidden', 'link', 'found', 'two', 'seemingly', 'unrelated', 'particle', 'collision', 'outcomes', 'latest', 'example', 'mysterious', 'web', 'mathematical', 'connections', 'disparate', 'theories', 'physics']","['hidden', 'link', 'found', 'two', 'seemingly', 'unrelated', 'particle', 'collision', 'outcome', 'latest', 'example', 'mysterious', 'web', 'mathematical', 'connection', 'disparate', 'theory', 'physic']"
"Two Weeks In, the Webb Space Telescope Is Reshaping Astronomy",Jonathan O'Callaghan,"July 25, 2022","In the days after the mega-telescope started delivering data, astronomers reported new discoveries about galaxies, stars, exoplanets and even Jupiter.",day mega telescope started delivering data astronomer reported new discovery galaxy star exoplanets even jupiter,"in the days after the mega-telescope started delivering data, astronomers reported new discoveries about galaxies, stars, exoplanets and even jupiter.",in the days after the mega telescope started delivering data astronomers reported new discoveries about galaxies stars exoplanets and even jupiter,"['in', 'the', 'days', 'after', 'the', 'mega', 'telescope', 'started', 'delivering', 'data', 'astronomers', 'reported', 'new', 'discoveries', 'about', 'galaxies', 'stars', 'exoplanets', 'and', 'even', 'jupiter']","['days', 'mega', 'telescope', 'started', 'delivering', 'data', 'astronomers', 'reported', 'new', 'discoveries', 'galaxies', 'stars', 'exoplanets', 'even', 'jupiter']","['day', 'mega', 'telescope', 'started', 'delivering', 'data', 'astronomer', 'reported', 'new', 'discovery', 'galaxy', 'star', 'exoplanets', 'even', 'jupiter']"
The Astrophysicist Who Sculpts Stars Before They Are Born,Zack Savitsky,"July 20, 2022",Nia Imara is working to understand the mysterious clouds of gas and dust that collapse into stars.,nia imara working understand mysterious cloud gas dust collapse star,nia imara is working to understand the mysterious clouds of gas and dust that collapse into stars.,nia imara is working to understand the mysterious clouds of gas and dust that collapse into stars,"['nia', 'imara', 'is', 'working', 'to', 'understand', 'the', 'mysterious', 'clouds', 'of', 'gas', 'and', 'dust', 'that', 'collapse', 'into', 'stars']","['nia', 'imara', 'working', 'understand', 'mysterious', 'clouds', 'gas', 'dust', 'collapse', 'stars']","['nia', 'imara', 'working', 'understand', 'mysterious', 'cloud', 'gas', 'dust', 'collapse', 'star']"
"Mass and Angular Momentum, Left Ambiguous by Einstein, Get Defined",Steve Nadis,"July 13, 2022","Surprising as it may sound, 107 years after the introduction of general relativity, the meanings of basic concepts are still being worked out.",surprising may sound year introduction general relativity meaning basic concept still worked,"surprising as it may sound, 107 years after the introduction of general relativity, the meanings of basic concepts are still being worked out.",surprising as it may sound years after the introduction of general relativity the meanings of basic concepts are still being worked out,"['surprising', 'as', 'it', 'may', 'sound', 'years', 'after', 'the', 'introduction', 'of', 'general', 'relativity', 'the', 'meanings', 'of', 'basic', 'concepts', 'are', 'still', 'being', 'worked', 'out']","['surprising', 'may', 'sound', 'years', 'introduction', 'general', 'relativity', 'meanings', 'basic', 'concepts', 'still', 'worked']","['surprising', 'may', 'sound', 'year', 'introduction', 'general', 'relativity', 'meaning', 'basic', 'concept', 'still', 'worked']"
Life Helps Make Almost Half of All Minerals on Earth,Joanna Thompson,"July 1, 2022",A new origins-based system for classifying minerals reveals the huge geochemical imprint that life has left on Earth. It could help us identify other worlds with life too.,new origin based system classifying mineral reveals huge geochemical imprint life left earth could help u identify world life,a new origins-based system for classifying minerals reveals the huge geochemical imprint that life has left on earth. it could help us identify other worlds with life too.,a new origins based system for classifying minerals reveals the huge geochemical imprint that life has left on earth it could help us identify other worlds with life too,"['a', 'new', 'origins', 'based', 'system', 'for', 'classifying', 'minerals', 'reveals', 'the', 'huge', 'geochemical', 'imprint', 'that', 'life', 'has', 'left', 'on', 'earth', 'it', 'could', 'help', 'us', 'identify', 'other', 'worlds', 'with', 'life', 'too']","['new', 'origins', 'based', 'system', 'classifying', 'minerals', 'reveals', 'huge', 'geochemical', 'imprint', 'life', 'left', 'earth', 'could', 'help', 'us', 'identify', 'worlds', 'life']","['new', 'origin', 'based', 'system', 'classifying', 'mineral', 'reveals', 'huge', 'geochemical', 'imprint', 'life', 'left', 'earth', 'could', 'help', 'u', 'identify', 'world', 'life']"
Controversy Continues Over Whether Hot Water Freezes Faster Than Cold,Adam Mann,"June 29, 2022","Decades after a Tanzanian teenager initiated study of the “Mpemba effect,” the effort to confirm or refute it is leading physicists toward new theories about how substances relax to equilibrium.",decade tanzanian teenager initiated study mpemba effect effort confirm refute leading physicist toward new theory substance relax equilibrium,"decades after a tanzanian teenager initiated study of the “mpemba effect,” the effort to confirm or refute it is leading physicists toward new theories about how substances relax to equilibrium.",decades after a tanzanian teenager initiated study of the mpemba effect the effort to confirm or refute it is leading physicists toward new theories about how substances relax to equilibrium,"['decades', 'after', 'a', 'tanzanian', 'teenager', 'initiated', 'study', 'of', 'the', 'mpemba', 'effect', 'the', 'effort', 'to', 'confirm', 'or', 'refute', 'it', 'is', 'leading', 'physicists', 'toward', 'new', 'theories', 'about', 'how', 'substances', 'relax', 'to', 'equilibrium']","['decades', 'tanzanian', 'teenager', 'initiated', 'study', 'mpemba', 'effect', 'effort', 'confirm', 'refute', 'leading', 'physicists', 'toward', 'new', 'theories', 'substances', 'relax', 'equilibrium']","['decade', 'tanzanian', 'teenager', 'initiated', 'study', 'mpemba', 'effect', 'effort', 'confirm', 'refute', 'leading', 'physicist', 'toward', 'new', 'theory', 'substance', 'relax', 'equilibrium']"
The Spooky Quantum Phenomenon You’ve Never Heard Of,Katie McCormick,"June 22, 2022",Quantum computers may derive their power from the “magical” way that properties of particles change depending on the context.,quantum computer may derive power magical way property particle change depending context,quantum computers may derive their power from the “magical” way that properties of particles change depending on the context.,quantum computers may derive their power from the magical way that properties of particles change depending on the context,"['quantum', 'computers', 'may', 'derive', 'their', 'power', 'from', 'the', 'magical', 'way', 'that', 'properties', 'of', 'particles', 'change', 'depending', 'on', 'the', 'context']","['quantum', 'computers', 'may', 'derive', 'power', 'magical', 'way', 'properties', 'particles', 'change', 'depending', 'context']","['quantum', 'computer', 'may', 'derive', 'power', 'magical', 'way', 'property', 'particle', 'change', 'depending', 'context']"
Wheel Made of ‘Odd Matter’ Spontaneously Rolls Uphill,Ben Brubaker,"June 15, 2022",Physicists have solved a key problem of robotic locomotion by revising the usual rules of interaction between simple component parts.,physicist solved key problem robotic locomotion revising usual rule interaction simple component part,physicists have solved a key problem of robotic locomotion by revising the usual rules of interaction between simple component parts.,physicists have solved a key problem of robotic locomotion by revising the usual rules of interaction between simple component parts,"['physicists', 'have', 'solved', 'a', 'key', 'problem', 'of', 'robotic', 'locomotion', 'by', 'revising', 'the', 'usual', 'rules', 'of', 'interaction', 'between', 'simple', 'component', 'parts']","['physicists', 'solved', 'key', 'problem', 'robotic', 'locomotion', 'revising', 'usual', 'rules', 'interaction', 'simple', 'component', 'parts']","['physicist', 'solved', 'key', 'problem', 'robotic', 'locomotion', 'revising', 'usual', 'rule', 'interaction', 'simple', 'component', 'part']"
Astronomers Reimagine the Making of the Planets,Rebecca Boyle,"June 9, 2022",Observations of faraway planets have forced a near-total rewrite of the story of how our solar system came to be.,observation faraway planet forced near total rewrite story solar system came,observations of faraway planets have forced a near-total rewrite of the story of how our solar system came to be.,observations of faraway planets have forced a near total rewrite of the story of how our solar system came to be,"['observations', 'of', 'faraway', 'planets', 'have', 'forced', 'a', 'near', 'total', 'rewrite', 'of', 'the', 'story', 'of', 'how', 'our', 'solar', 'system', 'came', 'to', 'be']","['observations', 'faraway', 'planets', 'forced', 'near', 'total', 'rewrite', 'story', 'solar', 'system', 'came']","['observation', 'faraway', 'planet', 'forced', 'near', 'total', 'rewrite', 'story', 'solar', 'system', 'came']"
How to Make the Universe Think for Us,Charlie Wood,"May 31, 2022","Physicists are building neural networks out of vibrations, voltages and lasers, arguing that the future of computing lies in exploiting the universe’s complex physical behaviors.",physicist building neural network vibration voltage laser arguing future computing lie exploiting universe complex physical behavior,"physicists are building neural networks out of vibrations, voltages and lasers, arguing that the future of computing lies in exploiting the universe’s complex physical behaviors.",physicists are building neural networks out of vibrations voltages and lasers arguing that the future of computing lies in exploiting the universe s complex physical behaviors,"['physicists', 'are', 'building', 'neural', 'networks', 'out', 'of', 'vibrations', 'voltages', 'and', 'lasers', 'arguing', 'that', 'the', 'future', 'of', 'computing', 'lies', 'in', 'exploiting', 'the', 'universe', 's', 'complex', 'physical', 'behaviors']","['physicists', 'building', 'neural', 'networks', 'vibrations', 'voltages', 'lasers', 'arguing', 'future', 'computing', 'lies', 'exploiting', 'universe', 'complex', 'physical', 'behaviors']","['physicist', 'building', 'neural', 'network', 'vibration', 'voltage', 'laser', 'arguing', 'future', 'computing', 'lie', 'exploiting', 'universe', 'complex', 'physical', 'behavior']"
Physicists Rewrite the Fundamental Law That Leads to Disorder,Philip Ball,"May 26, 2022","The second law of thermodynamics is among the most sacred in all of science, but it has always rested on 19th century arguments about probability. New arguments trace its true source to the flows of quantum information.",second law thermodynamics among sacred science always rested th century argument probability new argument trace true source flow quantum information,"the second law of thermodynamics is among the most sacred in all of science, but it has always rested on 19th century arguments about probability. new arguments trace its true source to the flows of quantum information.",the second law of thermodynamics is among the most sacred in all of science but it has always rested on th century arguments about probability new arguments trace its true source to the flows of quantum information,"['the', 'second', 'law', 'of', 'thermodynamics', 'is', 'among', 'the', 'most', 'sacred', 'in', 'all', 'of', 'science', 'but', 'it', 'has', 'always', 'rested', 'on', 'th', 'century', 'arguments', 'about', 'probability', 'new', 'arguments', 'trace', 'its', 'true', 'source', 'to', 'the', 'flows', 'of', 'quantum', 'information']","['second', 'law', 'thermodynamics', 'among', 'sacred', 'science', 'always', 'rested', 'th', 'century', 'arguments', 'probability', 'new', 'arguments', 'trace', 'true', 'source', 'flows', 'quantum', 'information']","['second', 'law', 'thermodynamics', 'among', 'sacred', 'science', 'always', 'rested', 'th', 'century', 'argument', 'probability', 'new', 'argument', 'trace', 'true', 'source', 'flow', 'quantum', 'information']"
Will the James Webb Space Telescope Reveal Another Earth?,Steven Strogatz,"May 18, 2022","The space telescope is one of the most ambitious scientific projects ever undertaken. Marcia Rieke and Nikole Lewis, two of the scientists leading JWST investigations, talk to Steven Strogatz about how it may transform our understanding of the universe.",space telescope one ambitious scientific project ever undertaken marcia rieke nikole lewis two scientist leading jwst investigation talk steven strogatz may transform understanding universe,"the space telescope is one of the most ambitious scientific projects ever undertaken. marcia rieke and nikole lewis, two of the scientists leading jwst investigations, talk to steven strogatz about how it may transform our understanding of the universe.",the space telescope is one of the most ambitious scientific projects ever undertaken marcia rieke and nikole lewis two of the scientists leading jwst investigations talk to steven strogatz about how it may transform our understanding of the universe,"['the', 'space', 'telescope', 'is', 'one', 'of', 'the', 'most', 'ambitious', 'scientific', 'projects', 'ever', 'undertaken', 'marcia', 'rieke', 'and', 'nikole', 'lewis', 'two', 'of', 'the', 'scientists', 'leading', 'jwst', 'investigations', 'talk', 'to', 'steven', 'strogatz', 'about', 'how', 'it', 'may', 'transform', 'our', 'understanding', 'of', 'the', 'universe']","['space', 'telescope', 'one', 'ambitious', 'scientific', 'projects', 'ever', 'undertaken', 'marcia', 'rieke', 'nikole', 'lewis', 'two', 'scientists', 'leading', 'jwst', 'investigations', 'talk', 'steven', 'strogatz', 'may', 'transform', 'understanding', 'universe']","['space', 'telescope', 'one', 'ambitious', 'scientific', 'project', 'ever', 'undertaken', 'marcia', 'rieke', 'nikole', 'lewis', 'two', 'scientist', 'leading', 'jwst', 'investigation', 'talk', 'steven', 'strogatz', 'may', 'transform', 'understanding', 'universe']"
Puzzling Quantum Scenario Appears Not to Conserve Energy,Katie McCormick,"May 16, 2022","By resolving a paradox about light in a box, researchers hope to clarify the concept of energy in quantum theory.",resolving paradox light box researcher hope clarify concept energy quantum theory,"by resolving a paradox about light in a box, researchers hope to clarify the concept of energy in quantum theory.",by resolving a paradox about light in a box researchers hope to clarify the concept of energy in quantum theory,"['by', 'resolving', 'a', 'paradox', 'about', 'light', 'in', 'a', 'box', 'researchers', 'hope', 'to', 'clarify', 'the', 'concept', 'of', 'energy', 'in', 'quantum', 'theory']","['resolving', 'paradox', 'light', 'box', 'researchers', 'hope', 'clarify', 'concept', 'energy', 'quantum', 'theory']","['resolving', 'paradox', 'light', 'box', 'researcher', 'hope', 'clarify', 'concept', 'energy', 'quantum', 'theory']"
Black Hole Image Reveals the Beast Inside the Milky Way’s Heart,Jonathan O'Callaghan,"May 12, 2022","In 2019, the Event Horizon Telescope released a historic image of a supermassive black hole in another galaxy. The follow-up — an image of Sagittarius A* — shows it shimmering at the center of our own.",event horizon telescope released historic image supermassive black hole another galaxy follow image sagittarius show shimmering center,"in 2019, the event horizon telescope released a historic image of a supermassive black hole in another galaxy. the follow-up — an image of sagittarius a* — shows it shimmering at the center of our own.",in the event horizon telescope released a historic image of a supermassive black hole in another galaxy the follow up an image of sagittarius a shows it shimmering at the center of our own,"['in', 'the', 'event', 'horizon', 'telescope', 'released', 'a', 'historic', 'image', 'of', 'a', 'supermassive', 'black', 'hole', 'in', 'another', 'galaxy', 'the', 'follow', 'up', 'an', 'image', 'of', 'sagittarius', 'a', 'shows', 'it', 'shimmering', 'at', 'the', 'center', 'of', 'our', 'own']","['event', 'horizon', 'telescope', 'released', 'historic', 'image', 'supermassive', 'black', 'hole', 'another', 'galaxy', 'follow', 'image', 'sagittarius', 'shows', 'shimmering', 'center']","['event', 'horizon', 'telescope', 'released', 'historic', 'image', 'supermassive', 'black', 'hole', 'another', 'galaxy', 'follow', 'image', 'sagittarius', 'show', 'shimmering', 'center']"
Powerful ‘Machine Scientists’ Distill the Laws of Physics From Raw Data,Charlie Wood,"May 10, 2022","Researchers say we’re on the cusp of “GoPro physics,” where a camera can point at an event and an algorithm can identify the underlying physics equation.",researcher say cusp gopro physic camera point event algorithm identify underlying physic equation,"researchers say we’re on the cusp of “gopro physics,” where a camera can point at an event and an algorithm can identify the underlying physics equation.",researchers say we re on the cusp of gopro physics where a camera can point at an event and an algorithm can identify the underlying physics equation,"['researchers', 'say', 'we', 're', 'on', 'the', 'cusp', 'of', 'gopro', 'physics', 'where', 'a', 'camera', 'can', 'point', 'at', 'an', 'event', 'and', 'an', 'algorithm', 'can', 'identify', 'the', 'underlying', 'physics', 'equation']","['researchers', 'say', 'cusp', 'gopro', 'physics', 'camera', 'point', 'event', 'algorithm', 'identify', 'underlying', 'physics', 'equation']","['researcher', 'say', 'cusp', 'gopro', 'physic', 'camera', 'point', 'event', 'algorithm', 'identify', 'underlying', 'physic', 'equation']"
"Where Do Space, Time and Gravity Come From?",Steven Strogatz,"May 4, 2022",Einstein’s description of curved space-time doesn’t easily mesh with a universe made up of quantum wavefunctions. Theoretical physicist Sean Carroll discusses the quest for quantum gravity with host Steven Strogatz.,einstein description curved space time easily mesh universe made quantum wavefunctions theoretical physicist sean carroll discusses quest quantum gravity host steven strogatz,einstein’s description of curved space-time doesn’t easily mesh with a universe made up of quantum wavefunctions. theoretical physicist sean carroll discusses the quest for quantum gravity with host steven strogatz.,einstein s description of curved space time doesn t easily mesh with a universe made up of quantum wavefunctions theoretical physicist sean carroll discusses the quest for quantum gravity with host steven strogatz,"['einstein', 's', 'description', 'of', 'curved', 'space', 'time', 'doesn', 't', 'easily', 'mesh', 'with', 'a', 'universe', 'made', 'up', 'of', 'quantum', 'wavefunctions', 'theoretical', 'physicist', 'sean', 'carroll', 'discusses', 'the', 'quest', 'for', 'quantum', 'gravity', 'with', 'host', 'steven', 'strogatz']","['einstein', 'description', 'curved', 'space', 'time', 'easily', 'mesh', 'universe', 'made', 'quantum', 'wavefunctions', 'theoretical', 'physicist', 'sean', 'carroll', 'discusses', 'quest', 'quantum', 'gravity', 'host', 'steven', 'strogatz']","['einstein', 'description', 'curved', 'space', 'time', 'easily', 'mesh', 'universe', 'made', 'quantum', 'wavefunctions', 'theoretical', 'physicist', 'sean', 'carroll', 'discusses', 'quest', 'quantum', 'gravity', 'host', 'steven', 'strogatz']"
Physicists Pin Down How Quantum Uncertainty Sharpens Measurements,Ben Brubaker,"May 3, 2022",Throwing out data seems to make measurements of distances and angles more precise. The reason why has been traced to Heisenberg’s uncertainty principle.,throwing data seems make measurement distance angle precise reason traced heisenberg uncertainty principle,throwing out data seems to make measurements of distances and angles more precise. the reason why has been traced to heisenberg’s uncertainty principle.,throwing out data seems to make measurements of distances and angles more precise the reason why has been traced to heisenberg s uncertainty principle,"['throwing', 'out', 'data', 'seems', 'to', 'make', 'measurements', 'of', 'distances', 'and', 'angles', 'more', 'precise', 'the', 'reason', 'why', 'has', 'been', 'traced', 'to', 'heisenberg', 's', 'uncertainty', 'principle']","['throwing', 'data', 'seems', 'make', 'measurements', 'distances', 'angles', 'precise', 'reason', 'traced', 'heisenberg', 'uncertainty', 'principle']","['throwing', 'data', 'seems', 'make', 'measurement', 'distance', 'angle', 'precise', 'reason', 'traced', 'heisenberg', 'uncertainty', 'principle']"
Secrets of the Moon’s Permanent Shadows Are Coming to Light,Jonathan O'Callaghan,"April 28, 2022","Robots are about to venture into the sunless depths of lunar craters to investigate ancient water ice trapped there, while remote studies find hints about how water arrives on rocky worlds.",robot venture sunless depth lunar crater investigate ancient water ice trapped remote study find hint water arrives rocky world,"robots are about to venture into the sunless depths of lunar craters to investigate ancient water ice trapped there, while remote studies find hints about how water arrives on rocky worlds.",robots are about to venture into the sunless depths of lunar craters to investigate ancient water ice trapped there while remote studies find hints about how water arrives on rocky worlds,"['robots', 'are', 'about', 'to', 'venture', 'into', 'the', 'sunless', 'depths', 'of', 'lunar', 'craters', 'to', 'investigate', 'ancient', 'water', 'ice', 'trapped', 'there', 'while', 'remote', 'studies', 'find', 'hints', 'about', 'how', 'water', 'arrives', 'on', 'rocky', 'worlds']","['robots', 'venture', 'sunless', 'depths', 'lunar', 'craters', 'investigate', 'ancient', 'water', 'ice', 'trapped', 'remote', 'studies', 'find', 'hints', 'water', 'arrives', 'rocky', 'worlds']","['robot', 'venture', 'sunless', 'depth', 'lunar', 'crater', 'investigate', 'ancient', 'water', 'ice', 'trapped', 'remote', 'study', 'find', 'hint', 'water', 'arrives', 'rocky', 'world']"
Pondering the Bits That Build Space-Time and Brains,Charlie Wood,"April 20, 2022","Vijay Balasubramanian investigates whether the fabric of the universe might be built from information, and what it means that physicists can even ask such a question.",vijay balasubramanian investigates whether fabric universe might built information mean physicist even ask question,"vijay balasubramanian investigates whether the fabric of the universe might be built from information, and what it means that physicists can even ask such a question.",vijay balasubramanian investigates whether the fabric of the universe might be built from information and what it means that physicists can even ask such a question,"['vijay', 'balasubramanian', 'investigates', 'whether', 'the', 'fabric', 'of', 'the', 'universe', 'might', 'be', 'built', 'from', 'information', 'and', 'what', 'it', 'means', 'that', 'physicists', 'can', 'even', 'ask', 'such', 'a', 'question']","['vijay', 'balasubramanian', 'investigates', 'whether', 'fabric', 'universe', 'might', 'built', 'information', 'means', 'physicists', 'even', 'ask', 'question']","['vijay', 'balasubramanian', 'investigates', 'whether', 'fabric', 'universe', 'might', 'built', 'information', 'mean', 'physicist', 'even', 'ask', 'question']"
Scientists Unravel How the Tonga Volcano Caused Worldwide Tsunamis,Robin George Andrews,"April 13, 2022","The Tonga eruption in January was “basically like Krakatoa 2.” This time, geophysicists could explain the tiny tsunamis that cropped up all over the planet, solving a 139-year-old mystery about Tonga’s predecessor.",tonga eruption january basically like krakatoa time geophysicist could explain tiny tsunami cropped planet solving year old mystery tonga predecessor,"the tonga eruption in january was “basically like krakatoa 2.” this time, geophysicists could explain the tiny tsunamis that cropped up all over the planet, solving a 139-year-old mystery about tonga’s predecessor.",the tonga eruption in january was basically like krakatoa this time geophysicists could explain the tiny tsunamis that cropped up all over the planet solving a year old mystery about tonga s predecessor,"['the', 'tonga', 'eruption', 'in', 'january', 'was', 'basically', 'like', 'krakatoa', 'this', 'time', 'geophysicists', 'could', 'explain', 'the', 'tiny', 'tsunamis', 'that', 'cropped', 'up', 'all', 'over', 'the', 'planet', 'solving', 'a', 'year', 'old', 'mystery', 'about', 'tonga', 's', 'predecessor']","['tonga', 'eruption', 'january', 'basically', 'like', 'krakatoa', 'time', 'geophysicists', 'could', 'explain', 'tiny', 'tsunamis', 'cropped', 'planet', 'solving', 'year', 'old', 'mystery', 'tonga', 'predecessor']","['tonga', 'eruption', 'january', 'basically', 'like', 'krakatoa', 'time', 'geophysicist', 'could', 'explain', 'tiny', 'tsunami', 'cropped', 'planet', 'solving', 'year', 'old', 'mystery', 'tonga', 'predecessor']"
Newly Measured Particle Seems Heavy Enough to Break Known Physics,Charlie Wood,"April 7, 2022",A new analysis of W bosons suggests these particles are significantly heavier than predicted by the Standard Model of particle physics.,new analysis w boson suggests particle significantly heavier predicted standard model particle physic,a new analysis of w bosons suggests these particles are significantly heavier than predicted by the standard model of particle physics.,a new analysis of w bosons suggests these particles are significantly heavier than predicted by the standard model of particle physics,"['a', 'new', 'analysis', 'of', 'w', 'bosons', 'suggests', 'these', 'particles', 'are', 'significantly', 'heavier', 'than', 'predicted', 'by', 'the', 'standard', 'model', 'of', 'particle', 'physics']","['new', 'analysis', 'w', 'bosons', 'suggests', 'particles', 'significantly', 'heavier', 'predicted', 'standard', 'model', 'particle', 'physics']","['new', 'analysis', 'w', 'boson', 'suggests', 'particle', 'significantly', 'heavier', 'predicted', 'standard', 'model', 'particle', 'physic']"
Beyond the Second Law,Nicole Yunger Halpern,"March 31, 2022","Thanks to the power of fluctuation relations, physicists are taking the second law of thermodynamics to settings once thought impossible.",thanks power fluctuation relation physicist taking second law thermodynamics setting thought impossible,"thanks to the power of fluctuation relations, physicists are taking the second law of thermodynamics to settings once thought impossible.",thanks to the power of fluctuation relations physicists are taking the second law of thermodynamics to settings once thought impossible,"['thanks', 'to', 'the', 'power', 'of', 'fluctuation', 'relations', 'physicists', 'are', 'taking', 'the', 'second', 'law', 'of', 'thermodynamics', 'to', 'settings', 'once', 'thought', 'impossible']","['thanks', 'power', 'fluctuation', 'relations', 'physicists', 'taking', 'second', 'law', 'thermodynamics', 'settings', 'thought', 'impossible']","['thanks', 'power', 'fluctuation', 'relation', 'physicist', 'taking', 'second', 'law', 'thermodynamics', 'setting', 'thought', 'impossible']"
Massive Black Holes Shown to Act Like Quantum Particles,Charlie Wood,"March 29, 2022","Physicists are using quantum math to understand what happens when black holes collide. In a surprise, they’ve shown that a single particle can describe a collision’s entire gravitational wave.",physicist using quantum math understand happens black hole collide surprise shown single particle describe collision entire gravitational wave,"physicists are using quantum math to understand what happens when black holes collide. in a surprise, they’ve shown that a single particle can describe a collision’s entire gravitational wave.",physicists are using quantum math to understand what happens when black holes collide in a surprise they ve shown that a single particle can describe a collision s entire gravitational wave,"['physicists', 'are', 'using', 'quantum', 'math', 'to', 'understand', 'what', 'happens', 'when', 'black', 'holes', 'collide', 'in', 'a', 'surprise', 'they', 've', 'shown', 'that', 'a', 'single', 'particle', 'can', 'describe', 'a', 'collision', 's', 'entire', 'gravitational', 'wave']","['physicists', 'using', 'quantum', 'math', 'understand', 'happens', 'black', 'holes', 'collide', 'surprise', 'shown', 'single', 'particle', 'describe', 'collision', 'entire', 'gravitational', 'wave']","['physicist', 'using', 'quantum', 'math', 'understand', 'happens', 'black', 'hole', 'collide', 'surprise', 'shown', 'single', 'particle', 'describe', 'collision', 'entire', 'gravitational', 'wave']"
A New Tool for Finding Dark Matter Digs Up Nothing,Thomas Lewton,"March 21, 2022","Physicists are devising clever new ways to exploit the extreme sensitivity of gravitational wave detectors like LIGO. But so far, they’ve seen no signs of exotica.",physicist devising clever new way exploit extreme sensitivity gravitational wave detector like ligo far seen no sign exotica,"physicists are devising clever new ways to exploit the extreme sensitivity of gravitational wave detectors like ligo. but so far, they’ve seen no signs of exotica.",physicists are devising clever new ways to exploit the extreme sensitivity of gravitational wave detectors like ligo but so far they ve seen no signs of exotica,"['physicists', 'are', 'devising', 'clever', 'new', 'ways', 'to', 'exploit', 'the', 'extreme', 'sensitivity', 'of', 'gravitational', 'wave', 'detectors', 'like', 'ligo', 'but', 'so', 'far', 'they', 've', 'seen', 'no', 'signs', 'of', 'exotica']","['physicists', 'devising', 'clever', 'new', 'ways', 'exploit', 'extreme', 'sensitivity', 'gravitational', 'wave', 'detectors', 'like', 'ligo', 'far', 'seen', 'no', 'signs', 'exotica']","['physicist', 'devising', 'clever', 'new', 'way', 'exploit', 'extreme', 'sensitivity', 'gravitational', 'wave', 'detector', 'like', 'ligo', 'far', 'seen', 'no', 'sign', 'exotica']"
Deep Curiosity InspiresThe Joy of WhyPodcast,Steven Strogatz,"March 17, 2022",The noted mathematician and author Steven Strogatz explains how the conversations with experts in his new Quanta Magazine podcast address his lifelong fascination with timeless mysteries.,noted mathematician author steven strogatz explains conversation expert new quantum magazine podcast address lifelong fascination timeless mystery,the noted mathematician and author steven strogatz explains how the conversations with experts in his new quanta magazine podcast address his lifelong fascination with timeless mysteries.,the noted mathematician and author steven strogatz explains how the conversations with experts in his new quanta magazine podcast address his lifelong fascination with timeless mysteries,"['the', 'noted', 'mathematician', 'and', 'author', 'steven', 'strogatz', 'explains', 'how', 'the', 'conversations', 'with', 'experts', 'in', 'his', 'new', 'quanta', 'magazine', 'podcast', 'address', 'his', 'lifelong', 'fascination', 'with', 'timeless', 'mysteries']","['noted', 'mathematician', 'author', 'steven', 'strogatz', 'explains', 'conversations', 'experts', 'new', 'quanta', 'magazine', 'podcast', 'address', 'lifelong', 'fascination', 'timeless', 'mysteries']","['noted', 'mathematician', 'author', 'steven', 'strogatz', 'explains', 'conversation', 'expert', 'new', 'quantum', 'magazine', 'podcast', 'address', 'lifelong', 'fascination', 'timeless', 'mystery']"
An Antimatter Experiment Shows Surprises Near Absolute Zero,Charlie Wood,"March 16, 2022",An experiment conducted on hybrid matter-antimatter atoms has defied researchers’ expectations.,experiment conducted hybrid matter antimatter atom defied researcher expectation,an experiment conducted on hybrid matter-antimatter atoms has defied researchers’ expectations.,an experiment conducted on hybrid matter antimatter atoms has defied researchers expectations,"['an', 'experiment', 'conducted', 'on', 'hybrid', 'matter', 'antimatter', 'atoms', 'has', 'defied', 'researchers', 'expectations']","['experiment', 'conducted', 'hybrid', 'matter', 'antimatter', 'atoms', 'defied', 'researchers', 'expectations']","['experiment', 'conducted', 'hybrid', 'matter', 'antimatter', 'atom', 'defied', 'researcher', 'expectation']"
Tiny Galaxies Reveal Secrets of Supermassive Black Holes,Charlie Wood,"March 14, 2022",Dwarf galaxies weren’t supposed to have big black holes. Their surprise discovery has revealed clues about how the universe’s biggest black holes could have formed.,dwarf galaxy supposed big black hole surprise discovery revealed clue universe biggest black hole could formed,dwarf galaxies weren’t supposed to have big black holes. their surprise discovery has revealed clues about how the universe’s biggest black holes could have formed.,dwarf galaxies weren t supposed to have big black holes their surprise discovery has revealed clues about how the universe s biggest black holes could have formed,"['dwarf', 'galaxies', 'weren', 't', 'supposed', 'to', 'have', 'big', 'black', 'holes', 'their', 'surprise', 'discovery', 'has', 'revealed', 'clues', 'about', 'how', 'the', 'universe', 's', 'biggest', 'black', 'holes', 'could', 'have', 'formed']","['dwarf', 'galaxies', 'supposed', 'big', 'black', 'holes', 'surprise', 'discovery', 'revealed', 'clues', 'universe', 'biggest', 'black', 'holes', 'could', 'formed']","['dwarf', 'galaxy', 'supposed', 'big', 'black', 'hole', 'surprise', 'discovery', 'revealed', 'clue', 'universe', 'biggest', 'black', 'hole', 'could', 'formed']"
A Deepening Crisis Forces Physicists to Rethink Structure of Nature’s Laws,Natalie Wolchover,"March 1, 2022",Physicists are reexamining a longstanding assumption: that big stuff consists of smaller stuff.,physicist reexamining longstanding assumption big stuff consists smaller stuff,physicists are reexamining a longstanding assumption: that big stuff consists of smaller stuff.,physicists are reexamining a longstanding assumption that big stuff consists of smaller stuff,"['physicists', 'are', 'reexamining', 'a', 'longstanding', 'assumption', 'that', 'big', 'stuff', 'consists', 'of', 'smaller', 'stuff']","['physicists', 'reexamining', 'longstanding', 'assumption', 'big', 'stuff', 'consists', 'smaller', 'stuff']","['physicist', 'reexamining', 'longstanding', 'assumption', 'big', 'stuff', 'consists', 'smaller', 'stuff']"
"Four Years On, New Experiment Sees No Sign of ‘Cosmic Dawn’",Ben Brubaker,"February 28, 2022","When astronomers tried to confirm a signal from the birth of the first stars after the Big Bang, they saw nothing.",astronomer tried confirm signal birth first star big bang saw nothing,"when astronomers tried to confirm a signal from the birth of the first stars after the big bang, they saw nothing.",when astronomers tried to confirm a signal from the birth of the first stars after the big bang they saw nothing,"['when', 'astronomers', 'tried', 'to', 'confirm', 'a', 'signal', 'from', 'the', 'birth', 'of', 'the', 'first', 'stars', 'after', 'the', 'big', 'bang', 'they', 'saw', 'nothing']","['astronomers', 'tried', 'confirm', 'signal', 'birth', 'first', 'stars', 'big', 'bang', 'saw', 'nothing']","['astronomer', 'tried', 'confirm', 'signal', 'birth', 'first', 'star', 'big', 'bang', 'saw', 'nothing']"
In Search of Cracks in Albert Einstein’s Theory of Gravity,Thomas Lewton,"February 23, 2022",Celia Escamilla-Rivera is combining large data sets with supercomputers to test general relativity against its little-known competitors.,celia escamilla rivera combining large data set supercomputer test general relativity little known competitor,celia escamilla-rivera is combining large data sets with supercomputers to test general relativity against its little-known competitors.,celia escamilla rivera is combining large data sets with supercomputers to test general relativity against its little known competitors,"['celia', 'escamilla', 'rivera', 'is', 'combining', 'large', 'data', 'sets', 'with', 'supercomputers', 'to', 'test', 'general', 'relativity', 'against', 'its', 'little', 'known', 'competitors']","['celia', 'escamilla', 'rivera', 'combining', 'large', 'data', 'sets', 'supercomputers', 'test', 'general', 'relativity', 'little', 'known', 'competitors']","['celia', 'escamilla', 'rivera', 'combining', 'large', 'data', 'set', 'supercomputer', 'test', 'general', 'relativity', 'little', 'known', 'competitor']"
The Mysterious Forces Inside the Nucleus Grow a Little Less Strange,Charlie Wood,"February 14, 2022","The strong force holds protons and neutrons together, but the theory behind it is largely inscrutable. Two new approaches show how it works.",strong force hold proton neutron together theory behind largely inscrutable two new approach show work,"the strong force holds protons and neutrons together, but the theory behind it is largely inscrutable. two new approaches show how it works.",the strong force holds protons and neutrons together but the theory behind it is largely inscrutable two new approaches show how it works,"['the', 'strong', 'force', 'holds', 'protons', 'and', 'neutrons', 'together', 'but', 'the', 'theory', 'behind', 'it', 'is', 'largely', 'inscrutable', 'two', 'new', 'approaches', 'show', 'how', 'it', 'works']","['strong', 'force', 'holds', 'protons', 'neutrons', 'together', 'theory', 'behind', 'largely', 'inscrutable', 'two', 'new', 'approaches', 'show', 'works']","['strong', 'force', 'hold', 'proton', 'neutron', 'together', 'theory', 'behind', 'largely', 'inscrutable', 'two', 'new', 'approach', 'show', 'work']"
Quantum Complexity Tamed by Machine Learning,Charlie Wood,"February 7, 2022","If only scientists understood exactly how electrons act in molecules, they’d be able to predict the behavior of everything from experimental drugs to high-temperature superconductors. Following decades of physics-based insights, artificial intelligence systems are taking the next leap.",scientist understood exactly electron act molecule able predict behavior everything experimental drug high temperature superconductors following decade physic based insight artificial intelligence system taking next leap,"if only scientists understood exactly how electrons act in molecules, they’d be able to predict the behavior of everything from experimental drugs to high-temperature superconductors. following decades of physics-based insights, artificial intelligence systems are taking the next leap.",if only scientists understood exactly how electrons act in molecules they d be able to predict the behavior of everything from experimental drugs to high temperature superconductors following decades of physics based insights artificial intelligence systems are taking the next leap,"['if', 'only', 'scientists', 'understood', 'exactly', 'how', 'electrons', 'act', 'in', 'molecules', 'they', 'd', 'be', 'able', 'to', 'predict', 'the', 'behavior', 'of', 'everything', 'from', 'experimental', 'drugs', 'to', 'high', 'temperature', 'superconductors', 'following', 'decades', 'of', 'physics', 'based', 'insights', 'artificial', 'intelligence', 'systems', 'are', 'taking', 'the', 'next', 'leap']","['scientists', 'understood', 'exactly', 'electrons', 'act', 'molecules', 'able', 'predict', 'behavior', 'everything', 'experimental', 'drugs', 'high', 'temperature', 'superconductors', 'following', 'decades', 'physics', 'based', 'insights', 'artificial', 'intelligence', 'systems', 'taking', 'next', 'leap']","['scientist', 'understood', 'exactly', 'electron', 'act', 'molecule', 'able', 'predict', 'behavior', 'everything', 'experimental', 'drug', 'high', 'temperature', 'superconductors', 'following', 'decade', 'physic', 'based', 'insight', 'artificial', 'intelligence', 'system', 'taking', 'next', 'leap']"
Machine Learning Gets a Quantum Speedup,Max G. Levy,"February 4, 2022","Two teams have shown how quantum approaches can solve problems faster than classical computers, bringing physics and computer science closer together.",two team shown quantum approach solve problem faster classical computer bringing physic computer science closer together,"two teams have shown how quantum approaches can solve problems faster than classical computers, bringing physics and computer science closer together.",two teams have shown how quantum approaches can solve problems faster than classical computers bringing physics and computer science closer together,"['two', 'teams', 'have', 'shown', 'how', 'quantum', 'approaches', 'can', 'solve', 'problems', 'faster', 'than', 'classical', 'computers', 'bringing', 'physics', 'and', 'computer', 'science', 'closer', 'together']","['two', 'teams', 'shown', 'quantum', 'approaches', 'solve', 'problems', 'faster', 'classical', 'computers', 'bringing', 'physics', 'computer', 'science', 'closer', 'together']","['two', 'team', 'shown', 'quantum', 'approach', 'solve', 'problem', 'faster', 'classical', 'computer', 'bringing', 'physic', 'computer', 'science', 'closer', 'together']"
A Solution to the Faint-Sun Paradox Reveals a Narrow Window for Life,Jonathan O'Callaghan,"January 27, 2022",We might have a past faint sun to owe for life’s existence. This has consequences for the possibility of life outside Earth.,might past faint sun owe life existence consequence possibility life outside earth,we might have a past faint sun to owe for life’s existence. this has consequences for the possibility of life outside earth.,we might have a past faint sun to owe for life s existence this has consequences for the possibility of life outside earth,"['we', 'might', 'have', 'a', 'past', 'faint', 'sun', 'to', 'owe', 'for', 'life', 's', 'existence', 'this', 'has', 'consequences', 'for', 'the', 'possibility', 'of', 'life', 'outside', 'earth']","['might', 'past', 'faint', 'sun', 'owe', 'life', 'existence', 'consequences', 'possibility', 'life', 'outside', 'earth']","['might', 'past', 'faint', 'sun', 'owe', 'life', 'existence', 'consequence', 'possibility', 'life', 'outside', 'earth']"
How the Physics of Resonance Shapes Reality,Ben Brubaker,"January 26, 2022",The same phenomenon by which an opera singer can shatter a wineglass also underlies the very existence of subatomic particles.,phenomenon opera singer shatter wineglass also underlies existence subatomic particle,the same phenomenon by which an opera singer can shatter a wineglass also underlies the very existence of subatomic particles.,the same phenomenon by which an opera singer can shatter a wineglass also underlies the very existence of subatomic particles,"['the', 'same', 'phenomenon', 'by', 'which', 'an', 'opera', 'singer', 'can', 'shatter', 'a', 'wineglass', 'also', 'underlies', 'the', 'very', 'existence', 'of', 'subatomic', 'particles']","['phenomenon', 'opera', 'singer', 'shatter', 'wineglass', 'also', 'underlies', 'existence', 'subatomic', 'particles']","['phenomenon', 'opera', 'singer', 'shatter', 'wineglass', 'also', 'underlies', 'existence', 'subatomic', 'particle']"
"In a Numerical Coincidence, Some See Evidence for String Theory",Natalie Wolchover,"January 21, 2022","In a quest to map out a quantum theory of gravity, researchers have used logical rules to calculate how much Einstein’s theory must change. The result matches string theory perfectly.",quest map quantum theory gravity researcher used logical rule calculate much einstein theory must change result match string theory perfectly,"in a quest to map out a quantum theory of gravity, researchers have used logical rules to calculate how much einstein’s theory must change. the result matches string theory perfectly.",in a quest to map out a quantum theory of gravity researchers have used logical rules to calculate how much einstein s theory must change the result matches string theory perfectly,"['in', 'a', 'quest', 'to', 'map', 'out', 'a', 'quantum', 'theory', 'of', 'gravity', 'researchers', 'have', 'used', 'logical', 'rules', 'to', 'calculate', 'how', 'much', 'einstein', 's', 'theory', 'must', 'change', 'the', 'result', 'matches', 'string', 'theory', 'perfectly']","['quest', 'map', 'quantum', 'theory', 'gravity', 'researchers', 'used', 'logical', 'rules', 'calculate', 'much', 'einstein', 'theory', 'must', 'change', 'result', 'matches', 'string', 'theory', 'perfectly']","['quest', 'map', 'quantum', 'theory', 'gravity', 'researcher', 'used', 'logical', 'rule', 'calculate', 'much', 'einstein', 'theory', 'must', 'change', 'result', 'match', 'string', 'theory', 'perfectly']"
Any Single Galaxy Reveals the Composition of an Entire Universe,Charlie Wood,"January 20, 2022","In computer simulations of possible universes, researchers have discovered that a neural network can infer the amount of matter in a whole universe by studying just one of its galaxies.",computer simulation possible universe researcher discovered neural network infer amount matter whole universe studying one galaxy,"in computer simulations of possible universes, researchers have discovered that a neural network can infer the amount of matter in a whole universe by studying just one of its galaxies.",in computer simulations of possible universes researchers have discovered that a neural network can infer the amount of matter in a whole universe by studying just one of its galaxies,"['in', 'computer', 'simulations', 'of', 'possible', 'universes', 'researchers', 'have', 'discovered', 'that', 'a', 'neural', 'network', 'can', 'infer', 'the', 'amount', 'of', 'matter', 'in', 'a', 'whole', 'universe', 'by', 'studying', 'just', 'one', 'of', 'its', 'galaxies']","['computer', 'simulations', 'possible', 'universes', 'researchers', 'discovered', 'neural', 'network', 'infer', 'amount', 'matter', 'whole', 'universe', 'studying', 'one', 'galaxies']","['computer', 'simulation', 'possible', 'universe', 'researcher', 'discovered', 'neural', 'network', 'infer', 'amount', 'matter', 'whole', 'universe', 'studying', 'one', 'galaxy']"
Symmetries Reveal Clues About the Holographic Universe,Katie McCormick,"January 12, 2022",Physicists have been busy exploring how our universe might emerge like a hologram out of a two-dimensional sheet. New clues have come from the symmetries found on an infinitely distant “celestial sphere.”,physicist busy exploring universe might emerge like hologram two dimensional sheet new clue come symmetry found infinitely distant celestial sphere,physicists have been busy exploring how our universe might emerge like a hologram out of a two-dimensional sheet. new clues have come from the symmetries found on an infinitely distant “celestial sphere.”,physicists have been busy exploring how our universe might emerge like a hologram out of a two dimensional sheet new clues have come from the symmetries found on an infinitely distant celestial sphere,"['physicists', 'have', 'been', 'busy', 'exploring', 'how', 'our', 'universe', 'might', 'emerge', 'like', 'a', 'hologram', 'out', 'of', 'a', 'two', 'dimensional', 'sheet', 'new', 'clues', 'have', 'come', 'from', 'the', 'symmetries', 'found', 'on', 'an', 'infinitely', 'distant', 'celestial', 'sphere']","['physicists', 'busy', 'exploring', 'universe', 'might', 'emerge', 'like', 'hologram', 'two', 'dimensional', 'sheet', 'new', 'clues', 'come', 'symmetries', 'found', 'infinitely', 'distant', 'celestial', 'sphere']","['physicist', 'busy', 'exploring', 'universe', 'might', 'emerge', 'like', 'hologram', 'two', 'dimensional', 'sheet', 'new', 'clue', 'come', 'symmetry', 'found', 'infinitely', 'distant', 'celestial', 'sphere']"
Euler’s 243-Year-Old ‘Impossible’ Puzzle Gets a Quantum Solution,Daniel Garisto,"January 10, 2022",A surprising new solution to Leonhard Euler’s famous “36 officers puzzle” offers a novel way of encoding quantum information.,surprising new solution leonhard euler famous officer puzzle offer novel way encoding quantum information,a surprising new solution to leonhard euler’s famous “36 officers puzzle” offers a novel way of encoding quantum information.,a surprising new solution to leonhard euler s famous officers puzzle offers a novel way of encoding quantum information,"['a', 'surprising', 'new', 'solution', 'to', 'leonhard', 'euler', 's', 'famous', 'officers', 'puzzle', 'offers', 'a', 'novel', 'way', 'of', 'encoding', 'quantum', 'information']","['surprising', 'new', 'solution', 'leonhard', 'euler', 'famous', 'officers', 'puzzle', 'offers', 'novel', 'way', 'encoding', 'quantum', 'information']","['surprising', 'new', 'solution', 'leonhard', 'euler', 'famous', 'officer', 'puzzle', 'offer', 'novel', 'way', 'encoding', 'quantum', 'information']"
An Injection of Chaos Solves Decades-Old Fluid Mystery,Adam Mann,"January 4, 2022","In the 1960s, drillers noticed that certain fluids would firm up if they flowed too fast. Researchers have finally explained why.",drillers noticed certain fluid would firm flowed fast researcher finally explained,"in the 1960s, drillers noticed that certain fluids would firm up if they flowed too fast. researchers have finally explained why.",in the s drillers noticed that certain fluids would firm up if they flowed too fast researchers have finally explained why,"['in', 'the', 's', 'drillers', 'noticed', 'that', 'certain', 'fluids', 'would', 'firm', 'up', 'if', 'they', 'flowed', 'too', 'fast', 'researchers', 'have', 'finally', 'explained', 'why']","['drillers', 'noticed', 'certain', 'fluids', 'would', 'firm', 'flowed', 'fast', 'researchers', 'finally', 'explained']","['drillers', 'noticed', 'certain', 'fluid', 'would', 'firm', 'flowed', 'fast', 'researcher', 'finally', 'explained']"
Detailed Footage Finally Reveals What Triggers Lightning,Thomas Lewton,"December 20, 2021",Scientists have never been able to adequately explain where lightning comes from. Now the first detailed observations of its emergence inside a cloud have exposed how electric fields grow strong enough to let bolts fly.,scientist never able adequately explain lightning come first detailed observation emergence inside cloud exposed electric field grow strong enough let bolt fly,scientists have never been able to adequately explain where lightning comes from. now the first detailed observations of its emergence inside a cloud have exposed how electric fields grow strong enough to let bolts fly.,scientists have never been able to adequately explain where lightning comes from now the first detailed observations of its emergence inside a cloud have exposed how electric fields grow strong enough to let bolts fly,"['scientists', 'have', 'never', 'been', 'able', 'to', 'adequately', 'explain', 'where', 'lightning', 'comes', 'from', 'now', 'the', 'first', 'detailed', 'observations', 'of', 'its', 'emergence', 'inside', 'a', 'cloud', 'have', 'exposed', 'how', 'electric', 'fields', 'grow', 'strong', 'enough', 'to', 'let', 'bolts', 'fly']","['scientists', 'never', 'able', 'adequately', 'explain', 'lightning', 'comes', 'first', 'detailed', 'observations', 'emergence', 'inside', 'cloud', 'exposed', 'electric', 'fields', 'grow', 'strong', 'enough', 'let', 'bolts', 'fly']","['scientist', 'never', 'able', 'adequately', 'explain', 'lightning', 'come', 'first', 'detailed', 'observation', 'emergence', 'inside', 'cloud', 'exposed', 'electric', 'field', 'grow', 'strong', 'enough', 'let', 'bolt', 'fly']"
Cosmologists Parry Attacks on the Vaunted Cosmological Principle,Charlie Wood,"December 13, 2021",A central pillar of cosmology — the universe is the same everywhere and in all directions — is surviving a storm of possible evidence against it.,central pillar cosmology universe everywhere direction surviving storm possible evidence,a central pillar of cosmology — the universe is the same everywhere and in all directions — is surviving a storm of possible evidence against it.,a central pillar of cosmology the universe is the same everywhere and in all directions is surviving a storm of possible evidence against it,"['a', 'central', 'pillar', 'of', 'cosmology', 'the', 'universe', 'is', 'the', 'same', 'everywhere', 'and', 'in', 'all', 'directions', 'is', 'surviving', 'a', 'storm', 'of', 'possible', 'evidence', 'against', 'it']","['central', 'pillar', 'cosmology', 'universe', 'everywhere', 'directions', 'surviving', 'storm', 'possible', 'evidence']","['central', 'pillar', 'cosmology', 'universe', 'everywhere', 'direction', 'surviving', 'storm', 'possible', 'evidence']"
Gravitational Waves Should Permanently Distort Space-Time,Katie McCormick,"December 8, 2021",The “gravitational memory effect” predicts that a passing gravitational wave should forever alter the structure of space-time. Physicists have linked the phenomenon to fundamental cosmic symmetries and a potential solution to the black hole information paradox.,gravitational memory effect predicts passing gravitational wave forever alter structure space time physicist linked phenomenon fundamental cosmic symmetry potential solution black hole information paradox,the “gravitational memory effect” predicts that a passing gravitational wave should forever alter the structure of space-time. physicists have linked the phenomenon to fundamental cosmic symmetries and a potential solution to the black hole information paradox.,the gravitational memory effect predicts that a passing gravitational wave should forever alter the structure of space time physicists have linked the phenomenon to fundamental cosmic symmetries and a potential solution to the black hole information paradox,"['the', 'gravitational', 'memory', 'effect', 'predicts', 'that', 'a', 'passing', 'gravitational', 'wave', 'should', 'forever', 'alter', 'the', 'structure', 'of', 'space', 'time', 'physicists', 'have', 'linked', 'the', 'phenomenon', 'to', 'fundamental', 'cosmic', 'symmetries', 'and', 'a', 'potential', 'solution', 'to', 'the', 'black', 'hole', 'information', 'paradox']","['gravitational', 'memory', 'effect', 'predicts', 'passing', 'gravitational', 'wave', 'forever', 'alter', 'structure', 'space', 'time', 'physicists', 'linked', 'phenomenon', 'fundamental', 'cosmic', 'symmetries', 'potential', 'solution', 'black', 'hole', 'information', 'paradox']","['gravitational', 'memory', 'effect', 'predicts', 'passing', 'gravitational', 'wave', 'forever', 'alter', 'structure', 'space', 'time', 'physicist', 'linked', 'phenomenon', 'fundamental', 'cosmic', 'symmetry', 'potential', 'solution', 'black', 'hole', 'information', 'paradox']"
The Webb Space Telescope Will Rewrite Cosmic History. If It Works.,Natalie Wolchover,"December 3, 2021","The James Webb Space Telescope has the potential to rewrite the history of the cosmos and reshape humanity’s position within it. But first, a lot of things have to work just right.",james webb space telescope potential rewrite history cosmos reshape humanity position within first lot thing work right,"the james webb space telescope has the potential to rewrite the history of the cosmos and reshape humanity’s position within it. but first, a lot of things have to work just right.",the james webb space telescope has the potential to rewrite the history of the cosmos and reshape humanity s position within it but first a lot of things have to work just right,"['the', 'james', 'webb', 'space', 'telescope', 'has', 'the', 'potential', 'to', 'rewrite', 'the', 'history', 'of', 'the', 'cosmos', 'and', 'reshape', 'humanity', 's', 'position', 'within', 'it', 'but', 'first', 'a', 'lot', 'of', 'things', 'have', 'to', 'work', 'just', 'right']","['james', 'webb', 'space', 'telescope', 'potential', 'rewrite', 'history', 'cosmos', 'reshape', 'humanity', 'position', 'within', 'first', 'lot', 'things', 'work', 'right']","['james', 'webb', 'space', 'telescope', 'potential', 'rewrite', 'history', 'cosmos', 'reshape', 'humanity', 'position', 'within', 'first', 'lot', 'thing', 'work', 'right']"
Quantum Simulators Create a Totally New Phase of Matter,Charlie Wood,"December 2, 2021",One of the first goals of quantum computing has been to recreate bizarre quantum systems that can’t be studied in an ordinary computer. A dark-horse quantum simulator has now done just that.,one first goal quantum computing recreate bizarre quantum system studied ordinary computer dark horse quantum simulator done,one of the first goals of quantum computing has been to recreate bizarre quantum systems that can’t be studied in an ordinary computer. a dark-horse quantum simulator has now done just that.,one of the first goals of quantum computing has been to recreate bizarre quantum systems that can t be studied in an ordinary computer a dark horse quantum simulator has now done just that,"['one', 'of', 'the', 'first', 'goals', 'of', 'quantum', 'computing', 'has', 'been', 'to', 'recreate', 'bizarre', 'quantum', 'systems', 'that', 'can', 't', 'be', 'studied', 'in', 'an', 'ordinary', 'computer', 'a', 'dark', 'horse', 'quantum', 'simulator', 'has', 'now', 'done', 'just', 'that']","['one', 'first', 'goals', 'quantum', 'computing', 'recreate', 'bizarre', 'quantum', 'systems', 'studied', 'ordinary', 'computer', 'dark', 'horse', 'quantum', 'simulator', 'done']","['one', 'first', 'goal', 'quantum', 'computing', 'recreate', 'bizarre', 'quantum', 'system', 'studied', 'ordinary', 'computer', 'dark', 'horse', 'quantum', 'simulator', 'done']"
The Algorithm That Lets Particle Physicists Count Higher Than Two,Charlie Wood,"November 22, 2021","Through his encyclopedic study of the electron, an obscure figure named Stefano Laporta found a handle on the subatomic world’s fearsome complexity. His algorithm has swept the field.",encyclopedic study electron obscure figure named stefano laporta found handle subatomic world fearsome complexity algorithm swept field,"through his encyclopedic study of the electron, an obscure figure named stefano laporta found a handle on the subatomic world’s fearsome complexity. his algorithm has swept the field.",through his encyclopedic study of the electron an obscure figure named stefano laporta found a handle on the subatomic world s fearsome complexity his algorithm has swept the field,"['through', 'his', 'encyclopedic', 'study', 'of', 'the', 'electron', 'an', 'obscure', 'figure', 'named', 'stefano', 'laporta', 'found', 'a', 'handle', 'on', 'the', 'subatomic', 'world', 's', 'fearsome', 'complexity', 'his', 'algorithm', 'has', 'swept', 'the', 'field']","['encyclopedic', 'study', 'electron', 'obscure', 'figure', 'named', 'stefano', 'laporta', 'found', 'handle', 'subatomic', 'world', 'fearsome', 'complexity', 'algorithm', 'swept', 'field']","['encyclopedic', 'study', 'electron', 'obscure', 'figure', 'named', 'stefano', 'laporta', 'found', 'handle', 'subatomic', 'world', 'fearsome', 'complexity', 'algorithm', 'swept', 'field']"
How Quantum Computers Will Correct Their Errors,Katie McCormick,"November 16, 2021",Quantum bits are fussy and fragile. Useful quantum computers will need to use an error-correction technique like the one that was recently demonstrated on a real machine.,quantum bit fussy fragile useful quantum computer need use error correction technique like one recently demonstrated real machine,quantum bits are fussy and fragile. useful quantum computers will need to use an error-correction technique like the one that was recently demonstrated on a real machine.,quantum bits are fussy and fragile useful quantum computers will need to use an error correction technique like the one that was recently demonstrated on a real machine,"['quantum', 'bits', 'are', 'fussy', 'and', 'fragile', 'useful', 'quantum', 'computers', 'will', 'need', 'to', 'use', 'an', 'error', 'correction', 'technique', 'like', 'the', 'one', 'that', 'was', 'recently', 'demonstrated', 'on', 'a', 'real', 'machine']","['quantum', 'bits', 'fussy', 'fragile', 'useful', 'quantum', 'computers', 'need', 'use', 'error', 'correction', 'technique', 'like', 'one', 'recently', 'demonstrated', 'real', 'machine']","['quantum', 'bit', 'fussy', 'fragile', 'useful', 'quantum', 'computer', 'need', 'use', 'error', 'correction', 'technique', 'like', 'one', 'recently', 'demonstrated', 'real', 'machine']"
A New Theory for Systems That Defy Newton’s Third Law,Stephen Ornes,"November 11, 2021","In nonreciprocal systems, where Newton’s third law falls apart, “exceptional points” are helping researchers understand phase transitions and possibly other phenomena.",nonreciprocal system newton third law fall apart exceptional point helping researcher understand phase transition possibly phenomenon,"in nonreciprocal systems, where newton’s third law falls apart, “exceptional points” are helping researchers understand phase transitions and possibly other phenomena.",in nonreciprocal systems where newton s third law falls apart exceptional points are helping researchers understand phase transitions and possibly other phenomena,"['in', 'nonreciprocal', 'systems', 'where', 'newton', 's', 'third', 'law', 'falls', 'apart', 'exceptional', 'points', 'are', 'helping', 'researchers', 'understand', 'phase', 'transitions', 'and', 'possibly', 'other', 'phenomena']","['nonreciprocal', 'systems', 'newton', 'third', 'law', 'falls', 'apart', 'exceptional', 'points', 'helping', 'researchers', 'understand', 'phase', 'transitions', 'possibly', 'phenomena']","['nonreciprocal', 'system', 'newton', 'third', 'law', 'fall', 'apart', 'exceptional', 'point', 'helping', 'researcher', 'understand', 'phase', 'transition', 'possibly', 'phenomenon']"
Laws of Logic Lead to New Restrictions on the Big Bang,Charlie Wood,"November 10, 2021",Physicists are translating commonsense principles into strict mathematical constraints on how our universe must have behaved at the beginning of time.,physicist translating commonsense principle strict mathematical constraint universe must behaved beginning time,physicists are translating commonsense principles into strict mathematical constraints on how our universe must have behaved at the beginning of time.,physicists are translating commonsense principles into strict mathematical constraints on how our universe must have behaved at the beginning of time,"['physicists', 'are', 'translating', 'commonsense', 'principles', 'into', 'strict', 'mathematical', 'constraints', 'on', 'how', 'our', 'universe', 'must', 'have', 'behaved', 'at', 'the', 'beginning', 'of', 'time']","['physicists', 'translating', 'commonsense', 'principles', 'strict', 'mathematical', 'constraints', 'universe', 'must', 'behaved', 'beginning', 'time']","['physicist', 'translating', 'commonsense', 'principle', 'strict', 'mathematical', 'constraint', 'universe', 'must', 'behaved', 'beginning', 'time']"
Researchers Revise Recipe for Building a Rocky Planet Like Earth,Jonathan O'Callaghan,"November 3, 2021","Over the past decade, researchers have completely rewritten the story of how gas giants such as Jupiter and Saturn form. They’re now debating whether the same process might hold for Earth.",past decade researcher completely rewritten story gas giant jupiter saturn form debating whether process might hold earth,"over the past decade, researchers have completely rewritten the story of how gas giants such as jupiter and saturn form. they’re now debating whether the same process might hold for earth.",over the past decade researchers have completely rewritten the story of how gas giants such as jupiter and saturn form they re now debating whether the same process might hold for earth,"['over', 'the', 'past', 'decade', 'researchers', 'have', 'completely', 'rewritten', 'the', 'story', 'of', 'how', 'gas', 'giants', 'such', 'as', 'jupiter', 'and', 'saturn', 'form', 'they', 're', 'now', 'debating', 'whether', 'the', 'same', 'process', 'might', 'hold', 'for', 'earth']","['past', 'decade', 'researchers', 'completely', 'rewritten', 'story', 'gas', 'giants', 'jupiter', 'saturn', 'form', 'debating', 'whether', 'process', 'might', 'hold', 'earth']","['past', 'decade', 'researcher', 'completely', 'rewritten', 'story', 'gas', 'giant', 'jupiter', 'saturn', 'form', 'debating', 'whether', 'process', 'might', 'hold', 'earth']"
Is the Great Neutrino Puzzle Pointing to Multiple Missing Particles?,Thomas Lewton,"October 28, 2021","Years of conflicting neutrino measurements have led physicists to propose a “dark sector” of invisible particles — one that could simultaneously explain dark matter, the puzzling expansion of the universe, and other mysteries.",year conflicting neutrino measurement led physicist propose dark sector invisible particle one could simultaneously explain dark matter puzzling expansion universe mystery,"years of conflicting neutrino measurements have led physicists to propose a “dark sector” of invisible particles — one that could simultaneously explain dark matter, the puzzling expansion of the universe, and other mysteries.",years of conflicting neutrino measurements have led physicists to propose a dark sector of invisible particles one that could simultaneously explain dark matter the puzzling expansion of the universe and other mysteries,"['years', 'of', 'conflicting', 'neutrino', 'measurements', 'have', 'led', 'physicists', 'to', 'propose', 'a', 'dark', 'sector', 'of', 'invisible', 'particles', 'one', 'that', 'could', 'simultaneously', 'explain', 'dark', 'matter', 'the', 'puzzling', 'expansion', 'of', 'the', 'universe', 'and', 'other', 'mysteries']","['years', 'conflicting', 'neutrino', 'measurements', 'led', 'physicists', 'propose', 'dark', 'sector', 'invisible', 'particles', 'one', 'could', 'simultaneously', 'explain', 'dark', 'matter', 'puzzling', 'expansion', 'universe', 'mysteries']","['year', 'conflicting', 'neutrino', 'measurement', 'led', 'physicist', 'propose', 'dark', 'sector', 'invisible', 'particle', 'one', 'could', 'simultaneously', 'explain', 'dark', 'matter', 'puzzling', 'expansion', 'universe', 'mystery']"
An Ultra-Precise Clock Links the Quantum World With Gravity,Katie McCormick,"October 25, 2021",Time was found to flow differently between the top and bottom of a single cloud of atoms. Physicists hope that such a system will one day help them combine quantum mechanics and Einstein’s theory of gravity.,time found flow differently top bottom single cloud atom physicist hope system one day help combine quantum mechanic einstein theory gravity,time was found to flow differently between the top and bottom of a single cloud of atoms. physicists hope that such a system will one day help them combine quantum mechanics and einstein’s theory of gravity.,time was found to flow differently between the top and bottom of a single cloud of atoms physicists hope that such a system will one day help them combine quantum mechanics and einstein s theory of gravity,"['time', 'was', 'found', 'to', 'flow', 'differently', 'between', 'the', 'top', 'and', 'bottom', 'of', 'a', 'single', 'cloud', 'of', 'atoms', 'physicists', 'hope', 'that', 'such', 'a', 'system', 'will', 'one', 'day', 'help', 'them', 'combine', 'quantum', 'mechanics', 'and', 'einstein', 's', 'theory', 'of', 'gravity']","['time', 'found', 'flow', 'differently', 'top', 'bottom', 'single', 'cloud', 'atoms', 'physicists', 'hope', 'system', 'one', 'day', 'help', 'combine', 'quantum', 'mechanics', 'einstein', 'theory', 'gravity']","['time', 'found', 'flow', 'differently', 'top', 'bottom', 'single', 'cloud', 'atom', 'physicist', 'hope', 'system', 'one', 'day', 'help', 'combine', 'quantum', 'mechanic', 'einstein', 'theory', 'gravity']"
The Uselessness of Useful Knowledge,Robbert Dijkgraaf,"October 20, 2021",Today’s powerful but little-understood artificial intelligence breakthroughs echo past examples of unexpected scientific progress.,today powerful little understood artificial intelligence breakthrough echo past example unexpected scientific progress,today’s powerful but little-understood artificial intelligence breakthroughs echo past examples of unexpected scientific progress.,today s powerful but little understood artificial intelligence breakthroughs echo past examples of unexpected scientific progress,"['today', 's', 'powerful', 'but', 'little', 'understood', 'artificial', 'intelligence', 'breakthroughs', 'echo', 'past', 'examples', 'of', 'unexpected', 'scientific', 'progress']","['today', 'powerful', 'little', 'understood', 'artificial', 'intelligence', 'breakthroughs', 'echo', 'past', 'examples', 'unexpected', 'scientific', 'progress']","['today', 'powerful', 'little', 'understood', 'artificial', 'intelligence', 'breakthrough', 'echo', 'past', 'example', 'unexpected', 'scientific', 'progress']"
A Hint of Dark Matter Sends Physicists Looking to the Skies,Jonathan O'Callaghan,"October 19, 2021","After a search of neutron stars finds preliminary evidence for hypothetical dark matter particles called axions, astrophysicists are devising new ways to spot them.",search neutron star find preliminary evidence hypothetical dark matter particle called axions astrophysicist devising new way spot,"after a search of neutron stars finds preliminary evidence for hypothetical dark matter particles called axions, astrophysicists are devising new ways to spot them.",after a search of neutron stars finds preliminary evidence for hypothetical dark matter particles called axions astrophysicists are devising new ways to spot them,"['after', 'a', 'search', 'of', 'neutron', 'stars', 'finds', 'preliminary', 'evidence', 'for', 'hypothetical', 'dark', 'matter', 'particles', 'called', 'axions', 'astrophysicists', 'are', 'devising', 'new', 'ways', 'to', 'spot', 'them']","['search', 'neutron', 'stars', 'finds', 'preliminary', 'evidence', 'hypothetical', 'dark', 'matter', 'particles', 'called', 'axions', 'astrophysicists', 'devising', 'new', 'ways', 'spot']","['search', 'neutron', 'star', 'find', 'preliminary', 'evidence', 'hypothetical', 'dark', 'matter', 'particle', 'called', 'axions', 'astrophysicist', 'devising', 'new', 'way', 'spot']"
The Astronomer Who’s About to See the Skies of Other Earths,Thomas Lewton,"October 12, 2021","After the ultra-powerful James Webb Space Telescope launches later this year, Laura Kreidberg will lead two efforts to check the weather on rocky planets orbiting other stars.",ultra powerful james webb space telescope launch later year laura kreidberg lead two effort check weather rocky planet orbiting star,"after the ultra-powerful james webb space telescope launches later this year, laura kreidberg will lead two efforts to check the weather on rocky planets orbiting other stars.",after the ultra powerful james webb space telescope launches later this year laura kreidberg will lead two efforts to check the weather on rocky planets orbiting other stars,"['after', 'the', 'ultra', 'powerful', 'james', 'webb', 'space', 'telescope', 'launches', 'later', 'this', 'year', 'laura', 'kreidberg', 'will', 'lead', 'two', 'efforts', 'to', 'check', 'the', 'weather', 'on', 'rocky', 'planets', 'orbiting', 'other', 'stars']","['ultra', 'powerful', 'james', 'webb', 'space', 'telescope', 'launches', 'later', 'year', 'laura', 'kreidberg', 'lead', 'two', 'efforts', 'check', 'weather', 'rocky', 'planets', 'orbiting', 'stars']","['ultra', 'powerful', 'james', 'webb', 'space', 'telescope', 'launch', 'later', 'year', 'laura', 'kreidberg', 'lead', 'two', 'effort', 'check', 'weather', 'rocky', 'planet', 'orbiting', 'star']"
Work on Earth’s Climate and Other Complex Systems Earns Nobel Prize in Physics,Natalie Wolchover,"October 5, 2021","Syukuro Manabe and Klaus Hasselmann have been honored for their work that led to reliable predictions of the effects of climate change. They will share the Nobel with Giorgio Parisi, who has made pioneering studies of chaotic physical systems.",syukuro manabe klaus hasselmann honored work led reliable prediction effect climate change share nobel giorgio parisi made pioneering study chaotic physical system,"syukuro manabe and klaus hasselmann have been honored for their work that led to reliable predictions of the effects of climate change. they will share the nobel with giorgio parisi, who has made pioneering studies of chaotic physical systems.",syukuro manabe and klaus hasselmann have been honored for their work that led to reliable predictions of the effects of climate change they will share the nobel with giorgio parisi who has made pioneering studies of chaotic physical systems,"['syukuro', 'manabe', 'and', 'klaus', 'hasselmann', 'have', 'been', 'honored', 'for', 'their', 'work', 'that', 'led', 'to', 'reliable', 'predictions', 'of', 'the', 'effects', 'of', 'climate', 'change', 'they', 'will', 'share', 'the', 'nobel', 'with', 'giorgio', 'parisi', 'who', 'has', 'made', 'pioneering', 'studies', 'of', 'chaotic', 'physical', 'systems']","['syukuro', 'manabe', 'klaus', 'hasselmann', 'honored', 'work', 'led', 'reliable', 'predictions', 'effects', 'climate', 'change', 'share', 'nobel', 'giorgio', 'parisi', 'made', 'pioneering', 'studies', 'chaotic', 'physical', 'systems']","['syukuro', 'manabe', 'klaus', 'hasselmann', 'honored', 'work', 'led', 'reliable', 'prediction', 'effect', 'climate', 'change', 'share', 'nobel', 'giorgio', 'parisi', 'made', 'pioneering', 'study', 'chaotic', 'physical', 'system']"
Major Quantum Computing Strategy Suffers Serious Setbacks,Philip Ball,"September 29, 2021",So-called topological quantum computing would avoid many of the problems that stand in the way of full-scale quantum computers. But high-profile missteps have led some experts to question whether the field is fooling itself.,called topological quantum computing would avoid many problem stand way full scale quantum computer high profile misstep led expert question whether field fooling,so-called topological quantum computing would avoid many of the problems that stand in the way of full-scale quantum computers. but high-profile missteps have led some experts to question whether the field is fooling itself.,so called topological quantum computing would avoid many of the problems that stand in the way of full scale quantum computers but high profile missteps have led some experts to question whether the field is fooling itself,"['so', 'called', 'topological', 'quantum', 'computing', 'would', 'avoid', 'many', 'of', 'the', 'problems', 'that', 'stand', 'in', 'the', 'way', 'of', 'full', 'scale', 'quantum', 'computers', 'but', 'high', 'profile', 'missteps', 'have', 'led', 'some', 'experts', 'to', 'question', 'whether', 'the', 'field', 'is', 'fooling', 'itself']","['called', 'topological', 'quantum', 'computing', 'would', 'avoid', 'many', 'problems', 'stand', 'way', 'full', 'scale', 'quantum', 'computers', 'high', 'profile', 'missteps', 'led', 'experts', 'question', 'whether', 'field', 'fooling']","['called', 'topological', 'quantum', 'computing', 'would', 'avoid', 'many', 'problem', 'stand', 'way', 'full', 'scale', 'quantum', 'computer', 'high', 'profile', 'misstep', 'led', 'expert', 'question', 'whether', 'field', 'fooling']"
‘Impossible’ Particle Discovery Adds Key Piece to the Strong Force Puzzle,Charlie Wood,"September 27, 2021",The unexpected discovery of the double-charm tetraquark has given physicists a new tool with which to hone their understanding of the strongest of nature’s fundamental forces.,unexpected discovery double charm tetraquark given physicist new tool hone understanding strongest nature fundamental force,the unexpected discovery of the double-charm tetraquark has given physicists a new tool with which to hone their understanding of the strongest of nature’s fundamental forces.,the unexpected discovery of the double charm tetraquark has given physicists a new tool with which to hone their understanding of the strongest of nature s fundamental forces,"['the', 'unexpected', 'discovery', 'of', 'the', 'double', 'charm', 'tetraquark', 'has', 'given', 'physicists', 'a', 'new', 'tool', 'with', 'which', 'to', 'hone', 'their', 'understanding', 'of', 'the', 'strongest', 'of', 'nature', 's', 'fundamental', 'forces']","['unexpected', 'discovery', 'double', 'charm', 'tetraquark', 'given', 'physicists', 'new', 'tool', 'hone', 'understanding', 'strongest', 'nature', 'fundamental', 'forces']","['unexpected', 'discovery', 'double', 'charm', 'tetraquark', 'given', 'physicist', 'new', 'tool', 'hone', 'understanding', 'strongest', 'nature', 'fundamental', 'force']"
A Massive Subterranean ‘Tree’ Is Moving Magma to Earth’s Surface,Robin George Andrews,"September 15, 2021","Deep in the mantle, a branching plume of intensely hot material appears to be the engine powering vast volcanic activity.",deep mantle branching plume intensely hot material appears engine powering vast volcanic activity,"deep in the mantle, a branching plume of intensely hot material appears to be the engine powering vast volcanic activity.",deep in the mantle a branching plume of intensely hot material appears to be the engine powering vast volcanic activity,"['deep', 'in', 'the', 'mantle', 'a', 'branching', 'plume', 'of', 'intensely', 'hot', 'material', 'appears', 'to', 'be', 'the', 'engine', 'powering', 'vast', 'volcanic', 'activity']","['deep', 'mantle', 'branching', 'plume', 'intensely', 'hot', 'material', 'appears', 'engine', 'powering', 'vast', 'volcanic', 'activity']","['deep', 'mantle', 'branching', 'plume', 'intensely', 'hot', 'material', 'appears', 'engine', 'powering', 'vast', 'volcanic', 'activity']"
One Lab’s Quest to Build Space-Time Out of Quantum Particles,Adam Becker,"September 7, 2021","For over two decades, physicists have pondered how the fabric of space-time may emerge from some kind of quantum entanglement. In Monika Schleier-Smith’s lab at Stanford University, the thought experiment is becoming real.",two decade physicist pondered fabric space time may emerge kind quantum entanglement monika schleier smith lab stanford university thought experiment becoming real,"for over two decades, physicists have pondered how the fabric of space-time may emerge from some kind of quantum entanglement. in monika schleier-smith’s lab at stanford university, the thought experiment is becoming real.",for over two decades physicists have pondered how the fabric of space time may emerge from some kind of quantum entanglement in monika schleier smith s lab at stanford university the thought experiment is becoming real,"['for', 'over', 'two', 'decades', 'physicists', 'have', 'pondered', 'how', 'the', 'fabric', 'of', 'space', 'time', 'may', 'emerge', 'from', 'some', 'kind', 'of', 'quantum', 'entanglement', 'in', 'monika', 'schleier', 'smith', 's', 'lab', 'at', 'stanford', 'university', 'the', 'thought', 'experiment', 'is', 'becoming', 'real']","['two', 'decades', 'physicists', 'pondered', 'fabric', 'space', 'time', 'may', 'emerge', 'kind', 'quantum', 'entanglement', 'monika', 'schleier', 'smith', 'lab', 'stanford', 'university', 'thought', 'experiment', 'becoming', 'real']","['two', 'decade', 'physicist', 'pondered', 'fabric', 'space', 'time', 'may', 'emerge', 'kind', 'quantum', 'entanglement', 'monika', 'schleier', 'smith', 'lab', 'stanford', 'university', 'thought', 'experiment', 'becoming', 'real']"
The New Thermodynamic Understanding of Clocks,Natalie Wolchover,"August 31, 2021",Investigations of the simplest possible clocks have revealed their fundamental limitations — as well as insights into the nature of time itself.,investigation simplest possible clock revealed fundamental limitation well insight nature time,investigations of the simplest possible clocks have revealed their fundamental limitations — as well as insights into the nature of time itself.,investigations of the simplest possible clocks have revealed their fundamental limitations as well as insights into the nature of time itself,"['investigations', 'of', 'the', 'simplest', 'possible', 'clocks', 'have', 'revealed', 'their', 'fundamental', 'limitations', 'as', 'well', 'as', 'insights', 'into', 'the', 'nature', 'of', 'time', 'itself']","['investigations', 'simplest', 'possible', 'clocks', 'revealed', 'fundamental', 'limitations', 'well', 'insights', 'nature', 'time']","['investigation', 'simplest', 'possible', 'clock', 'revealed', 'fundamental', 'limitation', 'well', 'insight', 'nature', 'time']"
This Physicist Discovered an Escape From Hawking’s Black Hole Paradox,Natalie Wolchover,"August 23, 2021",The five-decade-old paradox — long thought key to linking quantum theory with Einstein’s theory of gravity — is falling to a new generation of thinkers. Netta Engelhardt is leading the way.,five decade old paradox long thought key linking quantum theory einstein theory gravity falling new generation thinker netta engelhardt leading way,the five-decade-old paradox — long thought key to linking quantum theory with einstein’s theory of gravity — is falling to a new generation of thinkers. netta engelhardt is leading the way.,the five decade old paradox long thought key to linking quantum theory with einstein s theory of gravity is falling to a new generation of thinkers netta engelhardt is leading the way,"['the', 'five', 'decade', 'old', 'paradox', 'long', 'thought', 'key', 'to', 'linking', 'quantum', 'theory', 'with', 'einstein', 's', 'theory', 'of', 'gravity', 'is', 'falling', 'to', 'a', 'new', 'generation', 'of', 'thinkers', 'netta', 'engelhardt', 'is', 'leading', 'the', 'way']","['five', 'decade', 'old', 'paradox', 'long', 'thought', 'key', 'linking', 'quantum', 'theory', 'einstein', 'theory', 'gravity', 'falling', 'new', 'generation', 'thinkers', 'netta', 'engelhardt', 'leading', 'way']","['five', 'decade', 'old', 'paradox', 'long', 'thought', 'key', 'linking', 'quantum', 'theory', 'einstein', 'theory', 'gravity', 'falling', 'new', 'generation', 'thinker', 'netta', 'engelhardt', 'leading', 'way']"
How Big Can the Quantum World Be? Physicists Probe the Limits.,Philip Ball,"August 18, 2021","By showing that even large objects can exhibit bizarre quantum behaviors, physicists hope to illuminate the mystery of quantum collapse, identify the quantum nature of gravity, and perhaps even make Schrödinger’s cat a reality.",showing even large object exhibit bizarre quantum behavior physicist hope illuminate mystery quantum collapse identify quantum nature gravity perhaps even make schr dinger cat reality,"by showing that even large objects can exhibit bizarre quantum behaviors, physicists hope to illuminate the mystery of quantum collapse, identify the quantum nature of gravity, and perhaps even make schrödinger’s cat a reality.",by showing that even large objects can exhibit bizarre quantum behaviors physicists hope to illuminate the mystery of quantum collapse identify the quantum nature of gravity and perhaps even make schr dinger s cat a reality,"['by', 'showing', 'that', 'even', 'large', 'objects', 'can', 'exhibit', 'bizarre', 'quantum', 'behaviors', 'physicists', 'hope', 'to', 'illuminate', 'the', 'mystery', 'of', 'quantum', 'collapse', 'identify', 'the', 'quantum', 'nature', 'of', 'gravity', 'and', 'perhaps', 'even', 'make', 'schr', 'dinger', 's', 'cat', 'a', 'reality']","['showing', 'even', 'large', 'objects', 'exhibit', 'bizarre', 'quantum', 'behaviors', 'physicists', 'hope', 'illuminate', 'mystery', 'quantum', 'collapse', 'identify', 'quantum', 'nature', 'gravity', 'perhaps', 'even', 'make', 'schr', 'dinger', 'cat', 'reality']","['showing', 'even', 'large', 'object', 'exhibit', 'bizarre', 'quantum', 'behavior', 'physicist', 'hope', 'illuminate', 'mystery', 'quantum', 'collapse', 'identify', 'quantum', 'nature', 'gravity', 'perhaps', 'even', 'make', 'schr', 'dinger', 'cat', 'reality']"
Physicists Create a Bizarre ‘Wigner Crystal’ Made Purely of Electrons,Karmela Padavic-Callaghan,"August 12, 2021",The unambiguous discovery of a Wigner crystal relied on a novel technique for probing the insides of complex materials.,unambiguous discovery wigner crystal relied novel technique probing inside complex material,the unambiguous discovery of a wigner crystal relied on a novel technique for probing the insides of complex materials.,the unambiguous discovery of a wigner crystal relied on a novel technique for probing the insides of complex materials,"['the', 'unambiguous', 'discovery', 'of', 'a', 'wigner', 'crystal', 'relied', 'on', 'a', 'novel', 'technique', 'for', 'probing', 'the', 'insides', 'of', 'complex', 'materials']","['unambiguous', 'discovery', 'wigner', 'crystal', 'relied', 'novel', 'technique', 'probing', 'insides', 'complex', 'materials']","['unambiguous', 'discovery', 'wigner', 'crystal', 'relied', 'novel', 'technique', 'probing', 'inside', 'complex', 'material']"
How Steven Weinberg Transformed Physics and Physicists,Nima Arkani-Hamed,"August 11, 2021","When Steven Weinberg died last month, the world lost one of its most profound thinkers.",steven weinberg died last month world lost one profound thinker,"when steven weinberg died last month, the world lost one of its most profound thinkers.",when steven weinberg died last month the world lost one of its most profound thinkers,"['when', 'steven', 'weinberg', 'died', 'last', 'month', 'the', 'world', 'lost', 'one', 'of', 'its', 'most', 'profound', 'thinkers']","['steven', 'weinberg', 'died', 'last', 'month', 'world', 'lost', 'one', 'profound', 'thinkers']","['steven', 'weinberg', 'died', 'last', 'month', 'world', 'lost', 'one', 'profound', 'thinker']"
Turing Patterns Turn Up in a Tiny Crystal,Elena Renken,"August 10, 2021","The mechanism behind leopard spots and zebra stripes also appears to explain the patterned growth of a bismuth crystal, extending Alan Turing’s 1952 idea to the atomic scale.",mechanism behind leopard spot zebra stripe also appears explain patterned growth bismuth crystal extending alan turing idea atomic scale,"the mechanism behind leopard spots and zebra stripes also appears to explain the patterned growth of a bismuth crystal, extending alan turing’s 1952 idea to the atomic scale.",the mechanism behind leopard spots and zebra stripes also appears to explain the patterned growth of a bismuth crystal extending alan turing s idea to the atomic scale,"['the', 'mechanism', 'behind', 'leopard', 'spots', 'and', 'zebra', 'stripes', 'also', 'appears', 'to', 'explain', 'the', 'patterned', 'growth', 'of', 'a', 'bismuth', 'crystal', 'extending', 'alan', 'turing', 's', 'idea', 'to', 'the', 'atomic', 'scale']","['mechanism', 'behind', 'leopard', 'spots', 'zebra', 'stripes', 'also', 'appears', 'explain', 'patterned', 'growth', 'bismuth', 'crystal', 'extending', 'alan', 'turing', 'idea', 'atomic', 'scale']","['mechanism', 'behind', 'leopard', 'spot', 'zebra', 'stripe', 'also', 'appears', 'explain', 'patterned', 'growth', 'bismuth', 'crystal', 'extending', 'alan', 'turing', 'idea', 'atomic', 'scale']"
Neither Star nor Planet: A Strange Brown Dwarf Puzzles Astronomers,Jonathan O'Callaghan,"August 4, 2021",Brown dwarfs such as “The Accident” are illuminating the murky borderlands that separate planets from stars.,brown dwarf accident illuminating murky borderland separate planet star,brown dwarfs such as “the accident” are illuminating the murky borderlands that separate planets from stars.,brown dwarfs such as the accident are illuminating the murky borderlands that separate planets from stars,"['brown', 'dwarfs', 'such', 'as', 'the', 'accident', 'are', 'illuminating', 'the', 'murky', 'borderlands', 'that', 'separate', 'planets', 'from', 'stars']","['brown', 'dwarfs', 'accident', 'illuminating', 'murky', 'borderlands', 'separate', 'planets', 'stars']","['brown', 'dwarf', 'accident', 'illuminating', 'murky', 'borderland', 'separate', 'planet', 'star']"
Eternal Change for No Energy: A Time Crystal Finally Made Real,Natalie Wolchover,"July 30, 2021","Like a perpetual motion machine, a time crystal forever cycles between states without consuming energy. Physicists claim to have built this new phase of matter inside a quantum computer.",like perpetual motion machine time crystal forever cycle state without consuming energy physicist claim built new phase matter inside quantum computer,"like a perpetual motion machine, a time crystal forever cycles between states without consuming energy. physicists claim to have built this new phase of matter inside a quantum computer.",like a perpetual motion machine a time crystal forever cycles between states without consuming energy physicists claim to have built this new phase of matter inside a quantum computer,"['like', 'a', 'perpetual', 'motion', 'machine', 'a', 'time', 'crystal', 'forever', 'cycles', 'between', 'states', 'without', 'consuming', 'energy', 'physicists', 'claim', 'to', 'have', 'built', 'this', 'new', 'phase', 'of', 'matter', 'inside', 'a', 'quantum', 'computer']","['like', 'perpetual', 'motion', 'machine', 'time', 'crystal', 'forever', 'cycles', 'states', 'without', 'consuming', 'energy', 'physicists', 'claim', 'built', 'new', 'phase', 'matter', 'inside', 'quantum', 'computer']","['like', 'perpetual', 'motion', 'machine', 'time', 'crystal', 'forever', 'cycle', 'state', 'without', 'consuming', 'energy', 'physicist', 'claim', 'built', 'new', 'phase', 'matter', 'inside', 'quantum', 'computer']"
A Soil-Science Revolution Upends Plans to Fight Climate Change,Gabriel Popkin,"July 27, 2021",A centuries-old concept in soil science has recently been thrown out. Yet it remains a key ingredient in everything from climate models to advanced carbon-capture projects.,century old concept soil science recently thrown yet remains key ingredient everything climate model advanced carbon capture project,a centuries-old concept in soil science has recently been thrown out. yet it remains a key ingredient in everything from climate models to advanced carbon-capture projects.,a centuries old concept in soil science has recently been thrown out yet it remains a key ingredient in everything from climate models to advanced carbon capture projects,"['a', 'centuries', 'old', 'concept', 'in', 'soil', 'science', 'has', 'recently', 'been', 'thrown', 'out', 'yet', 'it', 'remains', 'a', 'key', 'ingredient', 'in', 'everything', 'from', 'climate', 'models', 'to', 'advanced', 'carbon', 'capture', 'projects']","['centuries', 'old', 'concept', 'soil', 'science', 'recently', 'thrown', 'yet', 'remains', 'key', 'ingredient', 'everything', 'climate', 'models', 'advanced', 'carbon', 'capture', 'projects']","['century', 'old', 'concept', 'soil', 'science', 'recently', 'thrown', 'yet', 'remains', 'key', 'ingredient', 'everything', 'climate', 'model', 'advanced', 'carbon', 'capture', 'project']"
"The ‘Weirdest’ Matter, Made of Partial Particles, Defies Description",Thomas Lewton,"July 26, 2021","Theorists are in a frenzy over “fractons,” bizarre, but potentially useful, hypothetical particles that can only move in combination with one another.",theorist frenzy fractons bizarre potentially useful hypothetical particle move combination one another,"theorists are in a frenzy over “fractons,” bizarre, but potentially useful, hypothetical particles that can only move in combination with one another.",theorists are in a frenzy over fractons bizarre but potentially useful hypothetical particles that can only move in combination with one another,"['theorists', 'are', 'in', 'a', 'frenzy', 'over', 'fractons', 'bizarre', 'but', 'potentially', 'useful', 'hypothetical', 'particles', 'that', 'can', 'only', 'move', 'in', 'combination', 'with', 'one', 'another']","['theorists', 'frenzy', 'fractons', 'bizarre', 'potentially', 'useful', 'hypothetical', 'particles', 'move', 'combination', 'one', 'another']","['theorist', 'frenzy', 'fractons', 'bizarre', 'potentially', 'useful', 'hypothetical', 'particle', 'move', 'combination', 'one', 'another']"
How Bell’s Theorem Proved ‘Spooky Action at a Distance’ Is Real,Ben Brubaker,"July 20, 2021",The root of today’s quantum revolution was John Stewart Bell’s 1964 theorem showing that quantum mechanics really permits instantaneous connections between far-apart locations.,root today quantum revolution john stewart bell theorem showing quantum mechanic really permit instantaneous connection far apart location,the root of today’s quantum revolution was john stewart bell’s 1964 theorem showing that quantum mechanics really permits instantaneous connections between far-apart locations.,the root of today s quantum revolution was john stewart bell s theorem showing that quantum mechanics really permits instantaneous connections between far apart locations,"['the', 'root', 'of', 'today', 's', 'quantum', 'revolution', 'was', 'john', 'stewart', 'bell', 's', 'theorem', 'showing', 'that', 'quantum', 'mechanics', 'really', 'permits', 'instantaneous', 'connections', 'between', 'far', 'apart', 'locations']","['root', 'today', 'quantum', 'revolution', 'john', 'stewart', 'bell', 'theorem', 'showing', 'quantum', 'mechanics', 'really', 'permits', 'instantaneous', 'connections', 'far', 'apart', 'locations']","['root', 'today', 'quantum', 'revolution', 'john', 'stewart', 'bell', 'theorem', 'showing', 'quantum', 'mechanic', 'really', 'permit', 'instantaneous', 'connection', 'far', 'apart', 'location']"
A Video Tour of the Standard Model,Kevin Hartnett,"July 16, 2021","The Standard Model is a sweeping equation that has correctly predicted the results of virtually every experiment ever conducted, as Quanta explores in a new video.",standard model sweeping equation correctly predicted result virtually every experiment ever conducted quantum explores new video,"the standard model is a sweeping equation that has correctly predicted the results of virtually every experiment ever conducted, as quanta explores in a new video.",the standard model is a sweeping equation that has correctly predicted the results of virtually every experiment ever conducted as quanta explores in a new video,"['the', 'standard', 'model', 'is', 'a', 'sweeping', 'equation', 'that', 'has', 'correctly', 'predicted', 'the', 'results', 'of', 'virtually', 'every', 'experiment', 'ever', 'conducted', 'as', 'quanta', 'explores', 'in', 'a', 'new', 'video']","['standard', 'model', 'sweeping', 'equation', 'correctly', 'predicted', 'results', 'virtually', 'every', 'experiment', 'ever', 'conducted', 'quanta', 'explores', 'new', 'video']","['standard', 'model', 'sweeping', 'equation', 'correctly', 'predicted', 'result', 'virtually', 'every', 'experiment', 'ever', 'conducted', 'quantum', 'explores', 'new', 'video']"
Brighter Than a Billion Billion Suns: Gamma-Ray Bursts Continue to Surprise,Jonathan O'Callaghan,"June 30, 2021","These ultrabright flashes have recently been tracked for days, upending ideas about the cataclysms that create them.",ultrabright flash recently tracked day upending idea cataclysm create,"these ultrabright flashes have recently been tracked for days, upending ideas about the cataclysms that create them.",these ultrabright flashes have recently been tracked for days upending ideas about the cataclysms that create them,"['these', 'ultrabright', 'flashes', 'have', 'recently', 'been', 'tracked', 'for', 'days', 'upending', 'ideas', 'about', 'the', 'cataclysms', 'that', 'create', 'them']","['ultrabright', 'flashes', 'recently', 'tracked', 'days', 'upending', 'ideas', 'cataclysms', 'create']","['ultrabright', 'flash', 'recently', 'tracked', 'day', 'upending', 'idea', 'cataclysm', 'create']"
Gas Giants’ Energy Crisis Solved After 50 Years,Robin George Andrews,"June 22, 2021","Jupiter and Saturn should be freezing cold. Instead, they’re hot. Researchers now know why.",jupiter saturn freezing cold instead hot researcher know,"jupiter and saturn should be freezing cold. instead, they’re hot. researchers now know why.",jupiter and saturn should be freezing cold instead they re hot researchers now know why,"['jupiter', 'and', 'saturn', 'should', 'be', 'freezing', 'cold', 'instead', 'they', 're', 'hot', 'researchers', 'now', 'know', 'why']","['jupiter', 'saturn', 'freezing', 'cold', 'instead', 'hot', 'researchers', 'know']","['jupiter', 'saturn', 'freezing', 'cold', 'instead', 'hot', 'researcher', 'know']"
Mathematicians Prove 2D Version of Quantum Gravity Really Works,Charlie Wood,"June 17, 2021","In three towering papers, a team of mathematicians has worked out the details of Liouville quantum field theory, a two-dimensional model of quantum gravity.",three towering paper team mathematician worked detail liouville quantum field theory two dimensional model quantum gravity,"in three towering papers, a team of mathematicians has worked out the details of liouville quantum field theory, a two-dimensional model of quantum gravity.",in three towering papers a team of mathematicians has worked out the details of liouville quantum field theory a two dimensional model of quantum gravity,"['in', 'three', 'towering', 'papers', 'a', 'team', 'of', 'mathematicians', 'has', 'worked', 'out', 'the', 'details', 'of', 'liouville', 'quantum', 'field', 'theory', 'a', 'two', 'dimensional', 'model', 'of', 'quantum', 'gravity']","['three', 'towering', 'papers', 'team', 'mathematicians', 'worked', 'details', 'liouville', 'quantum', 'field', 'theory', 'two', 'dimensional', 'model', 'quantum', 'gravity']","['three', 'towering', 'paper', 'team', 'mathematician', 'worked', 'detail', 'liouville', 'quantum', 'field', 'theory', 'two', 'dimensional', 'model', 'quantum', 'gravity']"
The Materials Scientist Who Studies the Innards of Exoplanets,Adam Mann,"June 15, 2021",Federica Coppari uses the world’s most powerful laser to recreate the cores of distant worlds.,federica coppari us world powerful laser recreate core distant world,federica coppari uses the world’s most powerful laser to recreate the cores of distant worlds.,federica coppari uses the world s most powerful laser to recreate the cores of distant worlds,"['federica', 'coppari', 'uses', 'the', 'world', 's', 'most', 'powerful', 'laser', 'to', 'recreate', 'the', 'cores', 'of', 'distant', 'worlds']","['federica', 'coppari', 'uses', 'world', 'powerful', 'laser', 'recreate', 'cores', 'distant', 'worlds']","['federica', 'coppari', 'us', 'world', 'powerful', 'laser', 'recreate', 'core', 'distant', 'world']"
Graphene Superconductors May Be Less Exotic Than Physicists Hoped,Charlie Wood,"June 14, 2021","Superconductivity has been discovered in graphene devices without any twists, suggesting the form of superconductivity in the material might be mundane after all.",superconductivity discovered graphene device without twist suggesting form superconductivity material might mundane,"superconductivity has been discovered in graphene devices without any twists, suggesting the form of superconductivity in the material might be mundane after all.",superconductivity has been discovered in graphene devices without any twists suggesting the form of superconductivity in the material might be mundane after all,"['superconductivity', 'has', 'been', 'discovered', 'in', 'graphene', 'devices', 'without', 'any', 'twists', 'suggesting', 'the', 'form', 'of', 'superconductivity', 'in', 'the', 'material', 'might', 'be', 'mundane', 'after', 'all']","['superconductivity', 'discovered', 'graphene', 'devices', 'without', 'twists', 'suggesting', 'form', 'superconductivity', 'material', 'might', 'mundane']","['superconductivity', 'discovered', 'graphene', 'device', 'without', 'twist', 'suggesting', 'form', 'superconductivity', 'material', 'might', 'mundane']"
The Mystery at the Heart of Physics That Only Math Can Solve,Kevin Hartnett,"June 10, 2021",The accelerating effort to understand the mathematics of quantum field theory will have profound consequences for both math and physics.,accelerating effort understand mathematics quantum field theory profound consequence math physic,the accelerating effort to understand the mathematics of quantum field theory will have profound consequences for both math and physics.,the accelerating effort to understand the mathematics of quantum field theory will have profound consequences for both math and physics,"['the', 'accelerating', 'effort', 'to', 'understand', 'the', 'mathematics', 'of', 'quantum', 'field', 'theory', 'will', 'have', 'profound', 'consequences', 'for', 'both', 'math', 'and', 'physics']","['accelerating', 'effort', 'understand', 'mathematics', 'quantum', 'field', 'theory', 'profound', 'consequences', 'math', 'physics']","['accelerating', 'effort', 'understand', 'mathematics', 'quantum', 'field', 'theory', 'profound', 'consequence', 'math', 'physic']"
Astronomers Find Secret Planet-Making Ingredient: Magnetic Fields,Robin George Andrews,"June 7, 2021",Scientists have long struggled to understand how common planets form. A new supercomputer simulation shows that the missing ingredient may be magnetism.,scientist long struggled understand common planet form new supercomputer simulation show missing ingredient may magnetism,scientists have long struggled to understand how common planets form. a new supercomputer simulation shows that the missing ingredient may be magnetism.,scientists have long struggled to understand how common planets form a new supercomputer simulation shows that the missing ingredient may be magnetism,"['scientists', 'have', 'long', 'struggled', 'to', 'understand', 'how', 'common', 'planets', 'form', 'a', 'new', 'supercomputer', 'simulation', 'shows', 'that', 'the', 'missing', 'ingredient', 'may', 'be', 'magnetism']","['scientists', 'long', 'struggled', 'understand', 'common', 'planets', 'form', 'new', 'supercomputer', 'simulation', 'shows', 'missing', 'ingredient', 'may', 'magnetism']","['scientist', 'long', 'struggled', 'understand', 'common', 'planet', 'form', 'new', 'supercomputer', 'simulation', 'show', 'missing', 'ingredient', 'may', 'magnetism']"
A Burp or a Blast? Seismic Signals Reveal the Volcanic Eruption to Come,Robin George Andrews,"June 1, 2021",Scientists have begun to decipher the subtle signs that reveal how explosive a volcanic eruption is going to be.,scientist begun decipher subtle sign reveal explosive volcanic eruption going,scientists have begun to decipher the subtle signs that reveal how explosive a volcanic eruption is going to be.,scientists have begun to decipher the subtle signs that reveal how explosive a volcanic eruption is going to be,"['scientists', 'have', 'begun', 'to', 'decipher', 'the', 'subtle', 'signs', 'that', 'reveal', 'how', 'explosive', 'a', 'volcanic', 'eruption', 'is', 'going', 'to', 'be']","['scientists', 'begun', 'decipher', 'subtle', 'signs', 'reveal', 'explosive', 'volcanic', 'eruption', 'going']","['scientist', 'begun', 'decipher', 'subtle', 'sign', 'reveal', 'explosive', 'volcanic', 'eruption', 'going']"
Squishy Neutron Star Setback Dampens Hopes of Exotic Matter,Jonathan O'Callaghan,"May 26, 2021",Groundbreaking results show that neutron stars of different masses may have the same size — upending astrophysical models.,groundbreaking result show neutron star different mass may size upending astrophysical model,groundbreaking results show that neutron stars of different masses may have the same size — upending astrophysical models.,groundbreaking results show that neutron stars of different masses may have the same size upending astrophysical models,"['groundbreaking', 'results', 'show', 'that', 'neutron', 'stars', 'of', 'different', 'masses', 'may', 'have', 'the', 'same', 'size', 'upending', 'astrophysical', 'models']","['groundbreaking', 'results', 'show', 'neutron', 'stars', 'different', 'masses', 'may', 'size', 'upending', 'astrophysical', 'models']","['groundbreaking', 'result', 'show', 'neutron', 'star', 'different', 'mass', 'may', 'size', 'upending', 'astrophysical', 'model']"
Physicists Identify the Engine Powering Black Hole Energy Beams,Natalie Wolchover,"May 20, 2021","Supermassive black holes emit jets of white-hot plasma that stretch thousands of light-years across the cosmos. For the first time, researchers have identified what’s creating these jets.",supermassive black hole emit jet white hot plasma stretch thousand light year across cosmos first time researcher identified creating jet,"supermassive black holes emit jets of white-hot plasma that stretch thousands of light-years across the cosmos. for the first time, researchers have identified what’s creating these jets.",supermassive black holes emit jets of white hot plasma that stretch thousands of light years across the cosmos for the first time researchers have identified what s creating these jets,"['supermassive', 'black', 'holes', 'emit', 'jets', 'of', 'white', 'hot', 'plasma', 'that', 'stretch', 'thousands', 'of', 'light', 'years', 'across', 'the', 'cosmos', 'for', 'the', 'first', 'time', 'researchers', 'have', 'identified', 'what', 's', 'creating', 'these', 'jets']","['supermassive', 'black', 'holes', 'emit', 'jets', 'white', 'hot', 'plasma', 'stretch', 'thousands', 'light', 'years', 'across', 'cosmos', 'first', 'time', 'researchers', 'identified', 'creating', 'jets']","['supermassive', 'black', 'hole', 'emit', 'jet', 'white', 'hot', 'plasma', 'stretch', 'thousand', 'light', 'year', 'across', 'cosmos', 'first', 'time', 'researcher', 'identified', 'creating', 'jet']"
New Black Hole Math Closes Cosmic Blind Spot,Steve Nadis,"May 13, 2021","A mathematical shortcut for analyzing black hole collisions works even in cases where it shouldn’t. As astronomers use it to search for new classes of hidden black holes, others wonder: Why?",mathematical shortcut analyzing black hole collision work even case astronomer use search new class hidden black hole others wonder,"a mathematical shortcut for analyzing black hole collisions works even in cases where it shouldn’t. as astronomers use it to search for new classes of hidden black holes, others wonder: why?",a mathematical shortcut for analyzing black hole collisions works even in cases where it shouldn t as astronomers use it to search for new classes of hidden black holes others wonder why,"['a', 'mathematical', 'shortcut', 'for', 'analyzing', 'black', 'hole', 'collisions', 'works', 'even', 'in', 'cases', 'where', 'it', 'shouldn', 't', 'as', 'astronomers', 'use', 'it', 'to', 'search', 'for', 'new', 'classes', 'of', 'hidden', 'black', 'holes', 'others', 'wonder', 'why']","['mathematical', 'shortcut', 'analyzing', 'black', 'hole', 'collisions', 'works', 'even', 'cases', 'astronomers', 'use', 'search', 'new', 'classes', 'hidden', 'black', 'holes', 'others', 'wonder']","['mathematical', 'shortcut', 'analyzing', 'black', 'hole', 'collision', 'work', 'even', 'case', 'astronomer', 'use', 'search', 'new', 'class', 'hidden', 'black', 'hole', 'others', 'wonder']"
Charlie Marcus Knows That Quantum Facts Aren’t Complicated,Steven Strogatz,"May 10, 2021","The secret to making a qubit for future quantum computers might depend on knowing how to tie knots in unusual materials, argues the physicist Charlie Marcus.",secret making qubit future quantum computer might depend knowing tie knot unusual material argues physicist charlie marcus,"the secret to making a qubit for future quantum computers might depend on knowing how to tie knots in unusual materials, argues the physicist charlie marcus.",the secret to making a qubit for future quantum computers might depend on knowing how to tie knots in unusual materials argues the physicist charlie marcus,"['the', 'secret', 'to', 'making', 'a', 'qubit', 'for', 'future', 'quantum', 'computers', 'might', 'depend', 'on', 'knowing', 'how', 'to', 'tie', 'knots', 'in', 'unusual', 'materials', 'argues', 'the', 'physicist', 'charlie', 'marcus']","['secret', 'making', 'qubit', 'future', 'quantum', 'computers', 'might', 'depend', 'knowing', 'tie', 'knots', 'unusual', 'materials', 'argues', 'physicist', 'charlie', 'marcus']","['secret', 'making', 'qubit', 'future', 'quantum', 'computer', 'might', 'depend', 'knowing', 'tie', 'knot', 'unusual', 'material', 'argues', 'physicist', 'charlie', 'marcus']"
Quantum Double-Slit Experiment Offers Hope for Earth-Size Telescope,Thomas Lewton,"May 5, 2021","A new proposal would use quantum hard drives to combine the light of multiple telescopes, letting astronomers create incredibly high-resolution optical images.",new proposal would use quantum hard drive combine light multiple telescope letting astronomer create incredibly high resolution optical image,"a new proposal would use quantum hard drives to combine the light of multiple telescopes, letting astronomers create incredibly high-resolution optical images.",a new proposal would use quantum hard drives to combine the light of multiple telescopes letting astronomers create incredibly high resolution optical images,"['a', 'new', 'proposal', 'would', 'use', 'quantum', 'hard', 'drives', 'to', 'combine', 'the', 'light', 'of', 'multiple', 'telescopes', 'letting', 'astronomers', 'create', 'incredibly', 'high', 'resolution', 'optical', 'images']","['new', 'proposal', 'would', 'use', 'quantum', 'hard', 'drives', 'combine', 'light', 'multiple', 'telescopes', 'letting', 'astronomers', 'create', 'incredibly', 'high', 'resolution', 'optical', 'images']","['new', 'proposal', 'would', 'use', 'quantum', 'hard', 'drive', 'combine', 'light', 'multiple', 'telescope', 'letting', 'astronomer', 'create', 'incredibly', 'high', 'resolution', 'optical', 'image']"
How Gravity Is a Double Copy of Other Forces,Charlie Wood,"May 4, 2021",An enigmatic connection between the forces of nature is allowing physicists to explore gravity’s quantum side.,enigmatic connection force nature allowing physicist explore gravity quantum side,an enigmatic connection between the forces of nature is allowing physicists to explore gravity’s quantum side.,an enigmatic connection between the forces of nature is allowing physicists to explore gravity s quantum side,"['an', 'enigmatic', 'connection', 'between', 'the', 'forces', 'of', 'nature', 'is', 'allowing', 'physicists', 'to', 'explore', 'gravity', 's', 'quantum', 'side']","['enigmatic', 'connection', 'forces', 'nature', 'allowing', 'physicists', 'explore', 'gravity', 'quantum', 'side']","['enigmatic', 'connection', 'force', 'nature', 'allowing', 'physicist', 'explore', 'gravity', 'quantum', 'side']"
How to Rewrite the Laws of Physics in the Language of Impossibility,Amanda Gefter,"April 29, 2021",Chiara Marletto is trying to build a master theory — a set of ideas so fundamental that all other theories would spring from it. Her first step: Invoke the impossible.,chiara marletto trying build master theory set idea fundamental theory would spring first step invoke impossible,chiara marletto is trying to build a master theory — a set of ideas so fundamental that all other theories would spring from it. her first step: invoke the impossible.,chiara marletto is trying to build a master theory a set of ideas so fundamental that all other theories would spring from it her first step invoke the impossible,"['chiara', 'marletto', 'is', 'trying', 'to', 'build', 'a', 'master', 'theory', 'a', 'set', 'of', 'ideas', 'so', 'fundamental', 'that', 'all', 'other', 'theories', 'would', 'spring', 'from', 'it', 'her', 'first', 'step', 'invoke', 'the', 'impossible']","['chiara', 'marletto', 'trying', 'build', 'master', 'theory', 'set', 'ideas', 'fundamental', 'theories', 'would', 'spring', 'first', 'step', 'invoke', 'impossible']","['chiara', 'marletto', 'trying', 'build', 'master', 'theory', 'set', 'idea', 'fundamental', 'theory', 'would', 'spring', 'first', 'step', 'invoke', 'impossible']"
Cosmic Map of Ultrahigh-Energy Particles Points to Long-Hidden Treasures,Natalie Wolchover,"April 27, 2021","Ultrahigh-energy cosmic rays twist and turn on their way to Earth, which has made it nearly impossible to identify the colossal monsters that create them.",ultrahigh energy cosmic ray twist turn way earth made nearly impossible identify colossal monster create,"ultrahigh-energy cosmic rays twist and turn on their way to earth, which has made it nearly impossible to identify the colossal monsters that create them.",ultrahigh energy cosmic rays twist and turn on their way to earth which has made it nearly impossible to identify the colossal monsters that create them,"['ultrahigh', 'energy', 'cosmic', 'rays', 'twist', 'and', 'turn', 'on', 'their', 'way', 'to', 'earth', 'which', 'has', 'made', 'it', 'nearly', 'impossible', 'to', 'identify', 'the', 'colossal', 'monsters', 'that', 'create', 'them']","['ultrahigh', 'energy', 'cosmic', 'rays', 'twist', 'turn', 'way', 'earth', 'made', 'nearly', 'impossible', 'identify', 'colossal', 'monsters', 'create']","['ultrahigh', 'energy', 'cosmic', 'ray', 'twist', 'turn', 'way', 'earth', 'made', 'nearly', 'impossible', 'identify', 'colossal', 'monster', 'create']"
How Maxwell’s Demon Continues to Startle Scientists,Jonathan O'Callaghan,"April 22, 2021",The thorny thought experiment has been turned into a real experiment — one that physicists use to probe the physics of information.,thorny thought experiment turned real experiment one physicist use probe physic information,the thorny thought experiment has been turned into a real experiment — one that physicists use to probe the physics of information.,the thorny thought experiment has been turned into a real experiment one that physicists use to probe the physics of information,"['the', 'thorny', 'thought', 'experiment', 'has', 'been', 'turned', 'into', 'a', 'real', 'experiment', 'one', 'that', 'physicists', 'use', 'to', 'probe', 'the', 'physics', 'of', 'information']","['thorny', 'thought', 'experiment', 'turned', 'real', 'experiment', 'one', 'physicists', 'use', 'probe', 'physics', 'information']","['thorny', 'thought', 'experiment', 'turned', 'real', 'experiment', 'one', 'physicist', 'use', 'probe', 'physic', 'information']"
The New Historian of the Smash That Made the Himalayas,Robin George Andrews,"April 14, 2021","About 60 million years ago, India plowed into Eurasia and pushed up the Himalayas. But when Lucía Pérez-Díaz reconstructed the event in detail, she found that its central mystery depended on a broken geological clock.",million year ago india plowed eurasia pushed himalaya luc p rez az reconstructed event detail found central mystery depended broken geological clock,"about 60 million years ago, india plowed into eurasia and pushed up the himalayas. but when lucía pérez-díaz reconstructed the event in detail, she found that its central mystery depended on a broken geological clock.",about million years ago india plowed into eurasia and pushed up the himalayas but when luc a p rez d az reconstructed the event in detail she found that its central mystery depended on a broken geological clock,"['about', 'million', 'years', 'ago', 'india', 'plowed', 'into', 'eurasia', 'and', 'pushed', 'up', 'the', 'himalayas', 'but', 'when', 'luc', 'a', 'p', 'rez', 'd', 'az', 'reconstructed', 'the', 'event', 'in', 'detail', 'she', 'found', 'that', 'its', 'central', 'mystery', 'depended', 'on', 'a', 'broken', 'geological', 'clock']","['million', 'years', 'ago', 'india', 'plowed', 'eurasia', 'pushed', 'himalayas', 'luc', 'p', 'rez', 'az', 'reconstructed', 'event', 'detail', 'found', 'central', 'mystery', 'depended', 'broken', 'geological', 'clock']","['million', 'year', 'ago', 'india', 'plowed', 'eurasia', 'pushed', 'himalaya', 'luc', 'p', 'rez', 'az', 'reconstructed', 'event', 'detail', 'found', 'central', 'mystery', 'depended', 'broken', 'geological', 'clock']"
How Radio Astronomy Reveals the Universe,Emily Levesque,"April 13, 2021","Radio waves, longer and less energetic than visible light, give astronomers access to some of the most obscure physics in the cosmos.",radio wave longer less energetic visible light give astronomer access obscure physic cosmos,"radio waves, longer and less energetic than visible light, give astronomers access to some of the most obscure physics in the cosmos.",radio waves longer and less energetic than visible light give astronomers access to some of the most obscure physics in the cosmos,"['radio', 'waves', 'longer', 'and', 'less', 'energetic', 'than', 'visible', 'light', 'give', 'astronomers', 'access', 'to', 'some', 'of', 'the', 'most', 'obscure', 'physics', 'in', 'the', 'cosmos']","['radio', 'waves', 'longer', 'less', 'energetic', 'visible', 'light', 'give', 'astronomers', 'access', 'obscure', 'physics', 'cosmos']","['radio', 'wave', 'longer', 'less', 'energetic', 'visible', 'light', 'give', 'astronomer', 'access', 'obscure', 'physic', 'cosmos']"
‘Last Hope’ Experiment Finds Evidence for Unknown Particles,Natalie Wolchover,"April 7, 2021","Today’s long-anticipated announcement by Fermilab’s Muon g-2 team appears to solidify a tantalizing conflict between nature and theory. But a separate calculation, published at the same time, has clouded the picture.",today long anticipated announcement fermilab muon g team appears solidify tantalizing conflict nature theory separate calculation published time clouded picture,"today’s long-anticipated announcement by fermilab’s muon g-2 team appears to solidify a tantalizing conflict between nature and theory. but a separate calculation, published at the same time, has clouded the picture.",today s long anticipated announcement by fermilab s muon g team appears to solidify a tantalizing conflict between nature and theory but a separate calculation published at the same time has clouded the picture,"['today', 's', 'long', 'anticipated', 'announcement', 'by', 'fermilab', 's', 'muon', 'g', 'team', 'appears', 'to', 'solidify', 'a', 'tantalizing', 'conflict', 'between', 'nature', 'and', 'theory', 'but', 'a', 'separate', 'calculation', 'published', 'at', 'the', 'same', 'time', 'has', 'clouded', 'the', 'picture']","['today', 'long', 'anticipated', 'announcement', 'fermilab', 'muon', 'g', 'team', 'appears', 'solidify', 'tantalizing', 'conflict', 'nature', 'theory', 'separate', 'calculation', 'published', 'time', 'clouded', 'picture']","['today', 'long', 'anticipated', 'announcement', 'fermilab', 'muon', 'g', 'team', 'appears', 'solidify', 'tantalizing', 'conflict', 'nature', 'theory', 'separate', 'calculation', 'published', 'time', 'clouded', 'picture']"
Iceland’s Eruptions Reveal the Hot History of Mars,Robin George Andrews,"April 6, 2021",The new volcanic fissures are more otherworldly than they first appear.,new volcanic fissure otherworldly first appear,the new volcanic fissures are more otherworldly than they first appear.,the new volcanic fissures are more otherworldly than they first appear,"['the', 'new', 'volcanic', 'fissures', 'are', 'more', 'otherworldly', 'than', 'they', 'first', 'appear']","['new', 'volcanic', 'fissures', 'otherworldly', 'first', 'appear']","['new', 'volcanic', 'fissure', 'otherworldly', 'first', 'appear']"
Long-Missing Midsize Black Hole Flashes Into View,Jonathan O'Callaghan,"March 29, 2021","Black holes seemed to come only in sizes small and XXL. A new search strategy has uncovered a black hole of “intermediate” mass, raising hopes of more to come.",black hole seemed come size small xxl new search strategy uncovered black hole intermediate mass raising hope come,"black holes seemed to come only in sizes small and xxl. a new search strategy has uncovered a black hole of “intermediate” mass, raising hopes of more to come.",black holes seemed to come only in sizes small and xxl a new search strategy has uncovered a black hole of intermediate mass raising hopes of more to come,"['black', 'holes', 'seemed', 'to', 'come', 'only', 'in', 'sizes', 'small', 'and', 'xxl', 'a', 'new', 'search', 'strategy', 'has', 'uncovered', 'a', 'black', 'hole', 'of', 'intermediate', 'mass', 'raising', 'hopes', 'of', 'more', 'to', 'come']","['black', 'holes', 'seemed', 'come', 'sizes', 'small', 'xxl', 'new', 'search', 'strategy', 'uncovered', 'black', 'hole', 'intermediate', 'mass', 'raising', 'hopes', 'come']","['black', 'hole', 'seemed', 'come', 'size', 'small', 'xxl', 'new', 'search', 'strategy', 'uncovered', 'black', 'hole', 'intermediate', 'mass', 'raising', 'hope', 'come']"
"Scientists Pin Down When Earth’s Crust Cracked, Then Came to Life",Howard Lee,"March 25, 2021",New data indicating that Earth’s surface broke up about 3.2 billion years ago helps clarify how plate tectonics drove the evolution of complex life.,new data indicating earth surface broke billion year ago help clarify plate tectonics drove evolution complex life,new data indicating that earth’s surface broke up about 3.2 billion years ago helps clarify how plate tectonics drove the evolution of complex life.,new data indicating that earth s surface broke up about billion years ago helps clarify how plate tectonics drove the evolution of complex life,"['new', 'data', 'indicating', 'that', 'earth', 's', 'surface', 'broke', 'up', 'about', 'billion', 'years', 'ago', 'helps', 'clarify', 'how', 'plate', 'tectonics', 'drove', 'the', 'evolution', 'of', 'complex', 'life']","['new', 'data', 'indicating', 'earth', 'surface', 'broke', 'billion', 'years', 'ago', 'helps', 'clarify', 'plate', 'tectonics', 'drove', 'evolution', 'complex', 'life']","['new', 'data', 'indicating', 'earth', 'surface', 'broke', 'billion', 'year', 'ago', 'help', 'clarify', 'plate', 'tectonics', 'drove', 'evolution', 'complex', 'life']"
The Near-Magical Mystery of Quasiparticles,Thomas Lewton,"March 24, 2021",The zoo of spontaneously emerging particlelike entities known as quasiparticles has grown quickly and become more and more exotic. Here are a few of the most curious and potentially useful examples.,zoo spontaneously emerging particlelike entity known quasiparticle grown quickly become exotic curious potentially useful example,the zoo of spontaneously emerging particlelike entities known as quasiparticles has grown quickly and become more and more exotic. here are a few of the most curious and potentially useful examples.,the zoo of spontaneously emerging particlelike entities known as quasiparticles has grown quickly and become more and more exotic here are a few of the most curious and potentially useful examples,"['the', 'zoo', 'of', 'spontaneously', 'emerging', 'particlelike', 'entities', 'known', 'as', 'quasiparticles', 'has', 'grown', 'quickly', 'and', 'become', 'more', 'and', 'more', 'exotic', 'here', 'are', 'a', 'few', 'of', 'the', 'most', 'curious', 'and', 'potentially', 'useful', 'examples']","['zoo', 'spontaneously', 'emerging', 'particlelike', 'entities', 'known', 'quasiparticles', 'grown', 'quickly', 'become', 'exotic', 'curious', 'potentially', 'useful', 'examples']","['zoo', 'spontaneously', 'emerging', 'particlelike', 'entity', 'known', 'quasiparticle', 'grown', 'quickly', 'become', 'exotic', 'curious', 'potentially', 'useful', 'example']"
Sharon Glotzer’s Deep Curiosity About Order From Chaos,Steven Strogatz,"March 22, 2021",The computational physicist Sharon Glotzer finds unifying principles that structure the chaotic dance of the particles that make up matter.,computational physicist sharon glotzer find unifying principle structure chaotic dance particle make matter,the computational physicist sharon glotzer finds unifying principles that structure the chaotic dance of the particles that make up matter.,the computational physicist sharon glotzer finds unifying principles that structure the chaotic dance of the particles that make up matter,"['the', 'computational', 'physicist', 'sharon', 'glotzer', 'finds', 'unifying', 'principles', 'that', 'structure', 'the', 'chaotic', 'dance', 'of', 'the', 'particles', 'that', 'make', 'up', 'matter']","['computational', 'physicist', 'sharon', 'glotzer', 'finds', 'unifying', 'principles', 'structure', 'chaotic', 'dance', 'particles', 'make', 'matter']","['computational', 'physicist', 'sharon', 'glotzer', 'find', 'unifying', 'principle', 'structure', 'chaotic', 'dance', 'particle', 'make', 'matter']"
A New Twist Reveals Superconductivity’s Secrets,Charlie Wood,"March 16, 2021","An unexpected superconductor was beginning to look like a fluke, but a new theory and a second discovery have revealed that emergent quasiparticles may be behind the effect.",unexpected superconductor beginning look like fluke new theory second discovery revealed emergent quasiparticle may behind effect,"an unexpected superconductor was beginning to look like a fluke, but a new theory and a second discovery have revealed that emergent quasiparticles may be behind the effect.",an unexpected superconductor was beginning to look like a fluke but a new theory and a second discovery have revealed that emergent quasiparticles may be behind the effect,"['an', 'unexpected', 'superconductor', 'was', 'beginning', 'to', 'look', 'like', 'a', 'fluke', 'but', 'a', 'new', 'theory', 'and', 'a', 'second', 'discovery', 'have', 'revealed', 'that', 'emergent', 'quasiparticles', 'may', 'be', 'behind', 'the', 'effect']","['unexpected', 'superconductor', 'beginning', 'look', 'like', 'fluke', 'new', 'theory', 'second', 'discovery', 'revealed', 'emergent', 'quasiparticles', 'may', 'behind', 'effect']","['unexpected', 'superconductor', 'beginning', 'look', 'like', 'fluke', 'new', 'theory', 'second', 'discovery', 'revealed', 'emergent', 'quasiparticle', 'may', 'behind', 'effect']"
"Frank Wilczek on the Strong Force, Quarks and Dark Matter",Steven Strogatz,"March 15, 2021","The theoretical physicist Frank Wilczek explained what holds atomic nuclei together, and he is still pushing at the limits of what the standard model can tell us.",theoretical physicist frank wilczek explained hold atomic nucleus together still pushing limit standard model tell u,"the theoretical physicist frank wilczek explained what holds atomic nuclei together, and he is still pushing at the limits of what the standard model can tell us.",the theoretical physicist frank wilczek explained what holds atomic nuclei together and he is still pushing at the limits of what the standard model can tell us,"['the', 'theoretical', 'physicist', 'frank', 'wilczek', 'explained', 'what', 'holds', 'atomic', 'nuclei', 'together', 'and', 'he', 'is', 'still', 'pushing', 'at', 'the', 'limits', 'of', 'what', 'the', 'standard', 'model', 'can', 'tell', 'us']","['theoretical', 'physicist', 'frank', 'wilczek', 'explained', 'holds', 'atomic', 'nuclei', 'together', 'still', 'pushing', 'limits', 'standard', 'model', 'tell', 'us']","['theoretical', 'physicist', 'frank', 'wilczek', 'explained', 'hold', 'atomic', 'nucleus', 'together', 'still', 'pushing', 'limit', 'standard', 'model', 'tell', 'u']"
Quantum Mischief Rewrites the Laws of Cause and Effect,Natalie Wolchover,"March 11, 2021","Spurred on by quantum experiments that scramble the ordering of causes and their effects, some physicists are figuring out how to abandon causality altogether.",spurred quantum experiment scramble ordering cause effect physicist figuring abandon causality altogether,"spurred on by quantum experiments that scramble the ordering of causes and their effects, some physicists are figuring out how to abandon causality altogether.",spurred on by quantum experiments that scramble the ordering of causes and their effects some physicists are figuring out how to abandon causality altogether,"['spurred', 'on', 'by', 'quantum', 'experiments', 'that', 'scramble', 'the', 'ordering', 'of', 'causes', 'and', 'their', 'effects', 'some', 'physicists', 'are', 'figuring', 'out', 'how', 'to', 'abandon', 'causality', 'altogether']","['spurred', 'quantum', 'experiments', 'scramble', 'ordering', 'causes', 'effects', 'physicists', 'figuring', 'abandon', 'causality', 'altogether']","['spurred', 'quantum', 'experiment', 'scramble', 'ordering', 'cause', 'effect', 'physicist', 'figuring', 'abandon', 'causality', 'altogether']"
New Kind of Space Explosion Reveals the Birth of a Black Hole,Jonathan O'Callaghan,"March 10, 2021",A supernova-like explosion dubbed the Camel appears to be the result of a newborn black hole eating a star from the inside out.,supernova like explosion dubbed camel appears result newborn black hole eating star inside,a supernova-like explosion dubbed the camel appears to be the result of a newborn black hole eating a star from the inside out.,a supernova like explosion dubbed the camel appears to be the result of a newborn black hole eating a star from the inside out,"['a', 'supernova', 'like', 'explosion', 'dubbed', 'the', 'camel', 'appears', 'to', 'be', 'the', 'result', 'of', 'a', 'newborn', 'black', 'hole', 'eating', 'a', 'star', 'from', 'the', 'inside', 'out']","['supernova', 'like', 'explosion', 'dubbed', 'camel', 'appears', 'result', 'newborn', 'black', 'hole', 'eating', 'star', 'inside']","['supernova', 'like', 'explosion', 'dubbed', 'camel', 'appears', 'result', 'newborn', 'black', 'hole', 'eating', 'star', 'inside']"
Isadore Singer Transcended Mathematical Boundaries,Daniel S. Freed,"March 4, 2021","A former graduate student reflects on how Isadore Singer, who died on February 11, brought together mathematicians, physicists and anyone else interested in the deeper connections between diverse fields.",former graduate student reflects isadore singer died february brought together mathematician physicist anyone else interested deeper connection diverse field,"a former graduate student reflects on how isadore singer, who died on february 11, brought together mathematicians, physicists and anyone else interested in the deeper connections between diverse fields.",a former graduate student reflects on how isadore singer who died on february brought together mathematicians physicists and anyone else interested in the deeper connections between diverse fields,"['a', 'former', 'graduate', 'student', 'reflects', 'on', 'how', 'isadore', 'singer', 'who', 'died', 'on', 'february', 'brought', 'together', 'mathematicians', 'physicists', 'and', 'anyone', 'else', 'interested', 'in', 'the', 'deeper', 'connections', 'between', 'diverse', 'fields']","['former', 'graduate', 'student', 'reflects', 'isadore', 'singer', 'died', 'february', 'brought', 'together', 'mathematicians', 'physicists', 'anyone', 'else', 'interested', 'deeper', 'connections', 'diverse', 'fields']","['former', 'graduate', 'student', 'reflects', 'isadore', 'singer', 'died', 'february', 'brought', 'together', 'mathematician', 'physicist', 'anyone', 'else', 'interested', 'deeper', 'connection', 'diverse', 'field']"
Imaginary Numbers May Be Essential for Describing Reality,Charlie Wood,"March 3, 2021",A new thought experiment indicates that quantum mechanics doesn’t work without strange numbers that turn negative when squared.,new thought experiment indicates quantum mechanic work without strange number turn negative squared,a new thought experiment indicates that quantum mechanics doesn’t work without strange numbers that turn negative when squared.,a new thought experiment indicates that quantum mechanics doesn t work without strange numbers that turn negative when squared,"['a', 'new', 'thought', 'experiment', 'indicates', 'that', 'quantum', 'mechanics', 'doesn', 't', 'work', 'without', 'strange', 'numbers', 'that', 'turn', 'negative', 'when', 'squared']","['new', 'thought', 'experiment', 'indicates', 'quantum', 'mechanics', 'work', 'without', 'strange', 'numbers', 'turn', 'negative', 'squared']","['new', 'thought', 'experiment', 'indicates', 'quantum', 'mechanic', 'work', 'without', 'strange', 'number', 'turn', 'negative', 'squared']"
New Season ofThe Joy of xPodcast Explores Scientists’ Inner Lives,Ellen Horne,"March 2, 2021","In a second season of enlightened conversations, Steven Strogatz and leading researchers nourish our pandemic-starved minds.",second season enlightened conversation steven strogatz leading researcher nourish pandemic starved mind,"in a second season of enlightened conversations, steven strogatz and leading researchers nourish our pandemic-starved minds.",in a second season of enlightened conversations steven strogatz and leading researchers nourish our pandemic starved minds,"['in', 'a', 'second', 'season', 'of', 'enlightened', 'conversations', 'steven', 'strogatz', 'and', 'leading', 'researchers', 'nourish', 'our', 'pandemic', 'starved', 'minds']","['second', 'season', 'enlightened', 'conversations', 'steven', 'strogatz', 'leading', 'researchers', 'nourish', 'pandemic', 'starved', 'minds']","['second', 'season', 'enlightened', 'conversation', 'steven', 'strogatz', 'leading', 'researcher', 'nourish', 'pandemic', 'starved', 'mind']"
Decades-Long Quest Reveals Details of the Proton’s Inner Antimatter,Natalie Wolchover,"February 24, 2021","Twenty years ago, physicists set out to investigate a mysterious asymmetry in the proton’s interior. Their results, published today, show how antimatter helps stabilize every atom’s core.",twenty year ago physicist set investigate mysterious asymmetry proton interior result published today show antimatter help stabilize every atom core,"twenty years ago, physicists set out to investigate a mysterious asymmetry in the proton’s interior. their results, published today, show how antimatter helps stabilize every atom’s core.",twenty years ago physicists set out to investigate a mysterious asymmetry in the proton s interior their results published today show how antimatter helps stabilize every atom s core,"['twenty', 'years', 'ago', 'physicists', 'set', 'out', 'to', 'investigate', 'a', 'mysterious', 'asymmetry', 'in', 'the', 'proton', 's', 'interior', 'their', 'results', 'published', 'today', 'show', 'how', 'antimatter', 'helps', 'stabilize', 'every', 'atom', 's', 'core']","['twenty', 'years', 'ago', 'physicists', 'set', 'investigate', 'mysterious', 'asymmetry', 'proton', 'interior', 'results', 'published', 'today', 'show', 'antimatter', 'helps', 'stabilize', 'every', 'atom', 'core']","['twenty', 'year', 'ago', 'physicist', 'set', 'investigate', 'mysterious', 'asymmetry', 'proton', 'interior', 'result', 'published', 'today', 'show', 'antimatter', 'help', 'stabilize', 'every', 'atom', 'core']"
Cloud-Making Aerosol Could Devastate Polar Sea Ice,Max Kozlov,"February 23, 2021",An overlooked but powerful driver of cloud formation could accelerate the loss of polar sea ice.,overlooked powerful driver cloud formation could accelerate loss polar sea ice,an overlooked but powerful driver of cloud formation could accelerate the loss of polar sea ice.,an overlooked but powerful driver of cloud formation could accelerate the loss of polar sea ice,"['an', 'overlooked', 'but', 'powerful', 'driver', 'of', 'cloud', 'formation', 'could', 'accelerate', 'the', 'loss', 'of', 'polar', 'sea', 'ice']","['overlooked', 'powerful', 'driver', 'cloud', 'formation', 'could', 'accelerate', 'loss', 'polar', 'sea', 'ice']","['overlooked', 'powerful', 'driver', 'cloud', 'formation', 'could', 'accelerate', 'loss', 'polar', 'sea', 'ice']"
Growing Inventory of Black Holes Offers a Radical Probe of the Cosmos,Thomas Lewton,"February 17, 2021","One black hole is nice, but astrophysicists can do a lot more science with 50 of them.",one black hole nice astrophysicist lot science,"one black hole is nice, but astrophysicists can do a lot more science with 50 of them.",one black hole is nice but astrophysicists can do a lot more science with of them,"['one', 'black', 'hole', 'is', 'nice', 'but', 'astrophysicists', 'can', 'do', 'a', 'lot', 'more', 'science', 'with', 'of', 'them']","['one', 'black', 'hole', 'nice', 'astrophysicists', 'lot', 'science']","['one', 'black', 'hole', 'nice', 'astrophysicist', 'lot', 'science']"
"In Violation of Einstein, Black Holes Might Have ‘Hair’",Jonathan O'Callaghan,"February 11, 2021","A new study shows that extreme black holes could break the famous “no-hair” theorem, and in a way that we could detect.",new study show extreme black hole could break famous no hair theorem way could detect,"a new study shows that extreme black holes could break the famous “no-hair” theorem, and in a way that we could detect.",a new study shows that extreme black holes could break the famous no hair theorem and in a way that we could detect,"['a', 'new', 'study', 'shows', 'that', 'extreme', 'black', 'holes', 'could', 'break', 'the', 'famous', 'no', 'hair', 'theorem', 'and', 'in', 'a', 'way', 'that', 'we', 'could', 'detect']","['new', 'study', 'shows', 'extreme', 'black', 'holes', 'could', 'break', 'famous', 'no', 'hair', 'theorem', 'way', 'could', 'detect']","['new', 'study', 'show', 'extreme', 'black', 'hole', 'could', 'break', 'famous', 'no', 'hair', 'theorem', 'way', 'could', 'detect']"
What Dust From Space Tells Us About Ourselves,Natalie Wolchover,"February 4, 2021",Micrometeorites constantly fall on every corner of Earth. Matthew Genge is using these shards of interplanetary space to understand Earth and its place in the solar system.,micrometeorite constantly fall every corner earth matthew genge using shard interplanetary space understand earth place solar system,micrometeorites constantly fall on every corner of earth. matthew genge is using these shards of interplanetary space to understand earth and its place in the solar system.,micrometeorites constantly fall on every corner of earth matthew genge is using these shards of interplanetary space to understand earth and its place in the solar system,"['micrometeorites', 'constantly', 'fall', 'on', 'every', 'corner', 'of', 'earth', 'matthew', 'genge', 'is', 'using', 'these', 'shards', 'of', 'interplanetary', 'space', 'to', 'understand', 'earth', 'and', 'its', 'place', 'in', 'the', 'solar', 'system']","['micrometeorites', 'constantly', 'fall', 'every', 'corner', 'earth', 'matthew', 'genge', 'using', 'shards', 'interplanetary', 'space', 'understand', 'earth', 'place', 'solar', 'system']","['micrometeorite', 'constantly', 'fall', 'every', 'corner', 'earth', 'matthew', 'genge', 'using', 'shard', 'interplanetary', 'space', 'understand', 'earth', 'place', 'solar', 'system']"
Rumbles on Mars Raise Hopes of Underground Magma Flows,Robin George Andrews,"February 1, 2021","Small and cold, Mars has long been considered a dead planet. But a series of recent discoveries has forced scientists to rethink how recently its insides stopped churning — if they ever stopped at all.",small cold mar long considered dead planet series recent discovery forced scientist rethink recently inside stopped churning ever stopped,"small and cold, mars has long been considered a dead planet. but a series of recent discoveries has forced scientists to rethink how recently its insides stopped churning — if they ever stopped at all.",small and cold mars has long been considered a dead planet but a series of recent discoveries has forced scientists to rethink how recently its insides stopped churning if they ever stopped at all,"['small', 'and', 'cold', 'mars', 'has', 'long', 'been', 'considered', 'a', 'dead', 'planet', 'but', 'a', 'series', 'of', 'recent', 'discoveries', 'has', 'forced', 'scientists', 'to', 'rethink', 'how', 'recently', 'its', 'insides', 'stopped', 'churning', 'if', 'they', 'ever', 'stopped', 'at', 'all']","['small', 'cold', 'mars', 'long', 'considered', 'dead', 'planet', 'series', 'recent', 'discoveries', 'forced', 'scientists', 'rethink', 'recently', 'insides', 'stopped', 'churning', 'ever', 'stopped']","['small', 'cold', 'mar', 'long', 'considered', 'dead', 'planet', 'series', 'recent', 'discovery', 'forced', 'scientist', 'rethink', 'recently', 'inside', 'stopped', 'churning', 'ever', 'stopped']"
‘Unicorn’ Discovery Points to a New Population of Black Holes,Jonathan O'Callaghan,"January 27, 2021","Small black holes were nowhere to be found, leading astronomers to wonder if they didn’t exist at all. Now a series of findings, including a “unicorn” black hole, has raised hopes of solving the decade-long mystery.",small black hole nowhere found leading astronomer wonder exist series finding including unicorn black hole raised hope solving decade long mystery,"small black holes were nowhere to be found, leading astronomers to wonder if they didn’t exist at all. now a series of findings, including a “unicorn” black hole, has raised hopes of solving the decade-long mystery.",small black holes were nowhere to be found leading astronomers to wonder if they didn t exist at all now a series of findings including a unicorn black hole has raised hopes of solving the decade long mystery,"['small', 'black', 'holes', 'were', 'nowhere', 'to', 'be', 'found', 'leading', 'astronomers', 'to', 'wonder', 'if', 'they', 'didn', 't', 'exist', 'at', 'all', 'now', 'a', 'series', 'of', 'findings', 'including', 'a', 'unicorn', 'black', 'hole', 'has', 'raised', 'hopes', 'of', 'solving', 'the', 'decade', 'long', 'mystery']","['small', 'black', 'holes', 'nowhere', 'found', 'leading', 'astronomers', 'wonder', 'exist', 'series', 'findings', 'including', 'unicorn', 'black', 'hole', 'raised', 'hopes', 'solving', 'decade', 'long', 'mystery']","['small', 'black', 'hole', 'nowhere', 'found', 'leading', 'astronomer', 'wonder', 'exist', 'series', 'finding', 'including', 'unicorn', 'black', 'hole', 'raised', 'hope', 'solving', 'decade', 'long', 'mystery']"
Physicists Study How Universes Might Bubble Up and Collide,Charlie Wood,"January 25, 2021","Since they can’t prod actual universes as they inflate and bump into each other in the hypothetical multiverse, physicists are studying digital and physical analogs of the process.",since prod actual universe inflate bump hypothetical multiverse physicist studying digital physical analog process,"since they can’t prod actual universes as they inflate and bump into each other in the hypothetical multiverse, physicists are studying digital and physical analogs of the process.",since they can t prod actual universes as they inflate and bump into each other in the hypothetical multiverse physicists are studying digital and physical analogs of the process,"['since', 'they', 'can', 't', 'prod', 'actual', 'universes', 'as', 'they', 'inflate', 'and', 'bump', 'into', 'each', 'other', 'in', 'the', 'hypothetical', 'multiverse', 'physicists', 'are', 'studying', 'digital', 'and', 'physical', 'analogs', 'of', 'the', 'process']","['since', 'prod', 'actual', 'universes', 'inflate', 'bump', 'hypothetical', 'multiverse', 'physicists', 'studying', 'digital', 'physical', 'analogs', 'process']","['since', 'prod', 'actual', 'universe', 'inflate', 'bump', 'hypothetical', 'multiverse', 'physicist', 'studying', 'digital', 'physical', 'analog', 'process']"
Secret Ingredient Found to Power Supernovas,Thomas Lewton,"January 21, 2021",Three-dimensional supernova simulations have solved the mystery of why they explode at all.,three dimensional supernova simulation solved mystery explode,three-dimensional supernova simulations have solved the mystery of why they explode at all.,three dimensional supernova simulations have solved the mystery of why they explode at all,"['three', 'dimensional', 'supernova', 'simulations', 'have', 'solved', 'the', 'mystery', 'of', 'why', 'they', 'explode', 'at', 'all']","['three', 'dimensional', 'supernova', 'simulations', 'solved', 'mystery', 'explode']","['three', 'dimensional', 'supernova', 'simulation', 'solved', 'mystery', 'explode']"
The NASA Engineer Who’s a Mathematician at Heart,Susan D'Agostino,"January 19, 2021","Christine Darden worked at NASA for 40 years, helping make supersonic planes quieter and forging a path for women to follow in her footsteps.",christine darden worked nasa year helping make supersonic plane quieter forging path woman follow footstep,"christine darden worked at nasa for 40 years, helping make supersonic planes quieter and forging a path for women to follow in her footsteps.",christine darden worked at nasa for years helping make supersonic planes quieter and forging a path for women to follow in her footsteps,"['christine', 'darden', 'worked', 'at', 'nasa', 'for', 'years', 'helping', 'make', 'supersonic', 'planes', 'quieter', 'and', 'forging', 'a', 'path', 'for', 'women', 'to', 'follow', 'in', 'her', 'footsteps']","['christine', 'darden', 'worked', 'nasa', 'years', 'helping', 'make', 'supersonic', 'planes', 'quieter', 'forging', 'path', 'women', 'follow', 'footsteps']","['christine', 'darden', 'worked', 'nasa', 'year', 'helping', 'make', 'supersonic', 'plane', 'quieter', 'forging', 'path', 'woman', 'follow', 'footstep']"
A Prodigy Who Cracked Open the Cosmos,Claudia Dreifus,"January 12, 2021","Frank Wilczek has been at the forefront of theoretical physics for the past 50 years. He talks about winning the Nobel Prize for work he did as a student, his solution to the dark matter problem, and the God of a scientist.",frank wilczek forefront theoretical physic past year talk winning nobel prize work student solution dark matter problem god scientist,"frank wilczek has been at the forefront of theoretical physics for the past 50 years. he talks about winning the nobel prize for work he did as a student, his solution to the dark matter problem, and the god of a scientist.",frank wilczek has been at the forefront of theoretical physics for the past years he talks about winning the nobel prize for work he did as a student his solution to the dark matter problem and the god of a scientist,"['frank', 'wilczek', 'has', 'been', 'at', 'the', 'forefront', 'of', 'theoretical', 'physics', 'for', 'the', 'past', 'years', 'he', 'talks', 'about', 'winning', 'the', 'nobel', 'prize', 'for', 'work', 'he', 'did', 'as', 'a', 'student', 'his', 'solution', 'to', 'the', 'dark', 'matter', 'problem', 'and', 'the', 'god', 'of', 'a', 'scientist']","['frank', 'wilczek', 'forefront', 'theoretical', 'physics', 'past', 'years', 'talks', 'winning', 'nobel', 'prize', 'work', 'student', 'solution', 'dark', 'matter', 'problem', 'god', 'scientist']","['frank', 'wilczek', 'forefront', 'theoretical', 'physic', 'past', 'year', 'talk', 'winning', 'nobel', 'prize', 'work', 'student', 'solution', 'dark', 'matter', 'problem', 'god', 'scientist']"
Galaxy-Size Bubbles Discovered Towering Over the Milky Way,Charlie Wood,"January 6, 2021","For decades, astronomers debated whether a particular smudge was close-by and small, or distant and huge. A new X-ray map supports the massive option.",decade astronomer debated whether particular smudge close small distant huge new x ray map support massive option,"for decades, astronomers debated whether a particular smudge was close-by and small, or distant and huge. a new x-ray map supports the massive option.",for decades astronomers debated whether a particular smudge was close by and small or distant and huge a new x ray map supports the massive option,"['for', 'decades', 'astronomers', 'debated', 'whether', 'a', 'particular', 'smudge', 'was', 'close', 'by', 'and', 'small', 'or', 'distant', 'and', 'huge', 'a', 'new', 'x', 'ray', 'map', 'supports', 'the', 'massive', 'option']","['decades', 'astronomers', 'debated', 'whether', 'particular', 'smudge', 'close', 'small', 'distant', 'huge', 'new', 'x', 'ray', 'map', 'supports', 'massive', 'option']","['decade', 'astronomer', 'debated', 'whether', 'particular', 'smudge', 'close', 'small', 'distant', 'huge', 'new', 'x', 'ray', 'map', 'support', 'massive', 'option']"
Our Favorite Comments of the Year,Thomas Lin,"December 23, 2020","Online comment platforms can bring out the best — and the worst — in people. At the end of a tumultuous year, Quanta ’s editors highlight some of our favorite things you had to say.",online comment platform bring best worst people end tumultuous year quantum editor highlight favorite thing say,"online comment platforms can bring out the best — and the worst — in people. at the end of a tumultuous year, quanta ’s editors highlight some of our favorite things you had to say.",online comment platforms can bring out the best and the worst in people at the end of a tumultuous year quanta s editors highlight some of our favorite things you had to say,"['online', 'comment', 'platforms', 'can', 'bring', 'out', 'the', 'best', 'and', 'the', 'worst', 'in', 'people', 'at', 'the', 'end', 'of', 'a', 'tumultuous', 'year', 'quanta', 's', 'editors', 'highlight', 'some', 'of', 'our', 'favorite', 'things', 'you', 'had', 'to', 'say']","['online', 'comment', 'platforms', 'bring', 'best', 'worst', 'people', 'end', 'tumultuous', 'year', 'quanta', 'editors', 'highlight', 'favorite', 'things', 'say']","['online', 'comment', 'platform', 'bring', 'best', 'worst', 'people', 'end', 'tumultuous', 'year', 'quantum', 'editor', 'highlight', 'favorite', 'thing', 'say']"
"Astronomers Get Their Wish, and a Cosmic Crisis Gets Worse",Natalie Wolchover,"December 17, 2020",We don’t know why the universe appears to be expanding faster than it should. New ultra-precise distance measurements have only intensified the problem.,know universe appears expanding faster new ultra precise distance measurement intensified problem,we don’t know why the universe appears to be expanding faster than it should. new ultra-precise distance measurements have only intensified the problem.,we don t know why the universe appears to be expanding faster than it should new ultra precise distance measurements have only intensified the problem,"['we', 'don', 't', 'know', 'why', 'the', 'universe', 'appears', 'to', 'be', 'expanding', 'faster', 'than', 'it', 'should', 'new', 'ultra', 'precise', 'distance', 'measurements', 'have', 'only', 'intensified', 'the', 'problem']","['know', 'universe', 'appears', 'expanding', 'faster', 'new', 'ultra', 'precise', 'distance', 'measurements', 'intensified', 'problem']","['know', 'universe', 'appears', 'expanding', 'faster', 'new', 'ultra', 'precise', 'distance', 'measurement', 'intensified', 'problem']"
The New History of the Milky Way,Charlie Wood,"December 15, 2020","Over the past two years, astronomers have rewritten the story of our galaxy.",past two year astronomer rewritten story galaxy,"over the past two years, astronomers have rewritten the story of our galaxy.",over the past two years astronomers have rewritten the story of our galaxy,"['over', 'the', 'past', 'two', 'years', 'astronomers', 'have', 'rewritten', 'the', 'story', 'of', 'our', 'galaxy']","['past', 'two', 'years', 'astronomers', 'rewritten', 'story', 'galaxy']","['past', 'two', 'year', 'astronomer', 'rewritten', 'story', 'galaxy']"
A New Theorem Maps Out the Limits of Quantum Physics,Anil Ananthaswamy,"December 3, 2020","The result highlights a fundamental tension: Either the rules of quantum mechanics don’t always apply, or at least one basic assumption about reality must be wrong.",result highlight fundamental tension either rule quantum mechanic always apply least one basic assumption reality must wrong,"the result highlights a fundamental tension: either the rules of quantum mechanics don’t always apply, or at least one basic assumption about reality must be wrong.",the result highlights a fundamental tension either the rules of quantum mechanics don t always apply or at least one basic assumption about reality must be wrong,"['the', 'result', 'highlights', 'a', 'fundamental', 'tension', 'either', 'the', 'rules', 'of', 'quantum', 'mechanics', 'don', 't', 'always', 'apply', 'or', 'at', 'least', 'one', 'basic', 'assumption', 'about', 'reality', 'must', 'be', 'wrong']","['result', 'highlights', 'fundamental', 'tension', 'either', 'rules', 'quantum', 'mechanics', 'always', 'apply', 'least', 'one', 'basic', 'assumption', 'reality', 'must', 'wrong']","['result', 'highlight', 'fundamental', 'tension', 'either', 'rule', 'quantum', 'mechanic', 'always', 'apply', 'least', 'one', 'basic', 'assumption', 'reality', 'must', 'wrong']"
Physicists Nail Down the ‘Magic Number’ That Shapes the Universe,Natalie Wolchover,"December 2, 2020","A team in Paris has made the most precise measurement yet of the fine-structure constant, killing hopes for a new force of nature.",team paris made precise measurement yet fine structure constant killing hope new force nature,"a team in paris has made the most precise measurement yet of the fine-structure constant, killing hopes for a new force of nature.",a team in paris has made the most precise measurement yet of the fine structure constant killing hopes for a new force of nature,"['a', 'team', 'in', 'paris', 'has', 'made', 'the', 'most', 'precise', 'measurement', 'yet', 'of', 'the', 'fine', 'structure', 'constant', 'killing', 'hopes', 'for', 'a', 'new', 'force', 'of', 'nature']","['team', 'paris', 'made', 'precise', 'measurement', 'yet', 'fine', 'structure', 'constant', 'killing', 'hopes', 'new', 'force', 'nature']","['team', 'paris', 'made', 'precise', 'measurement', 'yet', 'fine', 'structure', 'constant', 'killing', 'hope', 'new', 'force', 'nature']"
Contemplating the End of Physics,Robbert Dijkgraaf,"November 24, 2020",Has physics reached the limits of what we can discover — or are the possibilities only just beginning?,physic reached limit discover possibility beginning,has physics reached the limits of what we can discover — or are the possibilities only just beginning?,has physics reached the limits of what we can discover or are the possibilities only just beginning,"['has', 'physics', 'reached', 'the', 'limits', 'of', 'what', 'we', 'can', 'discover', 'or', 'are', 'the', 'possibilities', 'only', 'just', 'beginning']","['physics', 'reached', 'limits', 'discover', 'possibilities', 'beginning']","['physic', 'reached', 'limit', 'discover', 'possibility', 'beginning']"
The Search for Dark Matter Is Dramatically Expanding,Charlie Wood,"November 23, 2020","Physicists plan to leave no stone unturned, checking whether dark matter tickles different types of detectors, nudges starlight, warms planetary cores or even lodges in rocks.",physicist plan leave no stone unturned checking whether dark matter tickle different type detector nudge starlight warms planetary core even lodge rock,"physicists plan to leave no stone unturned, checking whether dark matter tickles different types of detectors, nudges starlight, warms planetary cores or even lodges in rocks.",physicists plan to leave no stone unturned checking whether dark matter tickles different types of detectors nudges starlight warms planetary cores or even lodges in rocks,"['physicists', 'plan', 'to', 'leave', 'no', 'stone', 'unturned', 'checking', 'whether', 'dark', 'matter', 'tickles', 'different', 'types', 'of', 'detectors', 'nudges', 'starlight', 'warms', 'planetary', 'cores', 'or', 'even', 'lodges', 'in', 'rocks']","['physicists', 'plan', 'leave', 'no', 'stone', 'unturned', 'checking', 'whether', 'dark', 'matter', 'tickles', 'different', 'types', 'detectors', 'nudges', 'starlight', 'warms', 'planetary', 'cores', 'even', 'lodges', 'rocks']","['physicist', 'plan', 'leave', 'no', 'stone', 'unturned', 'checking', 'whether', 'dark', 'matter', 'tickle', 'different', 'type', 'detector', 'nudge', 'starlight', 'warms', 'planetary', 'core', 'even', 'lodge', 'rock']"
Scientists Uncover the Universal Geometry of Geology,Joshua Sokol,"November 19, 2020",An exercise in pure mathematics has led to a wide-ranging theory of how the world comes together.,exercise pure mathematics led wide ranging theory world come together,an exercise in pure mathematics has led to a wide-ranging theory of how the world comes together.,an exercise in pure mathematics has led to a wide ranging theory of how the world comes together,"['an', 'exercise', 'in', 'pure', 'mathematics', 'has', 'led', 'to', 'a', 'wide', 'ranging', 'theory', 'of', 'how', 'the', 'world', 'comes', 'together']","['exercise', 'pure', 'mathematics', 'led', 'wide', 'ranging', 'theory', 'world', 'comes', 'together']","['exercise', 'pure', 'mathematics', 'led', 'wide', 'ranging', 'theory', 'world', 'come', 'together']"
What Is a Particle?,Natalie Wolchover,"November 12, 2020","It has been thought of as many things: a pointlike object, an excitation of a field, a speck of pure math that has cut into reality. But never has physicists’ conception of a particle changed more than it is changing now.",thought many thing pointlike object excitation field speck pure math cut reality never physicist conception particle changed changing,"it has been thought of as many things: a pointlike object, an excitation of a field, a speck of pure math that has cut into reality. but never has physicists’ conception of a particle changed more than it is changing now.",it has been thought of as many things a pointlike object an excitation of a field a speck of pure math that has cut into reality but never has physicists conception of a particle changed more than it is changing now,"['it', 'has', 'been', 'thought', 'of', 'as', 'many', 'things', 'a', 'pointlike', 'object', 'an', 'excitation', 'of', 'a', 'field', 'a', 'speck', 'of', 'pure', 'math', 'that', 'has', 'cut', 'into', 'reality', 'but', 'never', 'has', 'physicists', 'conception', 'of', 'a', 'particle', 'changed', 'more', 'than', 'it', 'is', 'changing', 'now']","['thought', 'many', 'things', 'pointlike', 'object', 'excitation', 'field', 'speck', 'pure', 'math', 'cut', 'reality', 'never', 'physicists', 'conception', 'particle', 'changed', 'changing']","['thought', 'many', 'thing', 'pointlike', 'object', 'excitation', 'field', 'speck', 'pure', 'math', 'cut', 'reality', 'never', 'physicist', 'conception', 'particle', 'changed', 'changing']"
Physicists Pin Down Nuclear Reaction From Moments After the Big Bang,Thomas Lewton,"November 11, 2020","The newly-measured rate of a key nuclear fusion process from the Big Bang matches the picture of the universe 380,000 years later.",newly measured rate key nuclear fusion process big bang match picture universe year later,"the newly-measured rate of a key nuclear fusion process from the big bang matches the picture of the universe 380,000 years later.",the newly measured rate of a key nuclear fusion process from the big bang matches the picture of the universe years later,"['the', 'newly', 'measured', 'rate', 'of', 'a', 'key', 'nuclear', 'fusion', 'process', 'from', 'the', 'big', 'bang', 'matches', 'the', 'picture', 'of', 'the', 'universe', 'years', 'later']","['newly', 'measured', 'rate', 'key', 'nuclear', 'fusion', 'process', 'big', 'bang', 'matches', 'picture', 'universe', 'years', 'later']","['newly', 'measured', 'rate', 'key', 'nuclear', 'fusion', 'process', 'big', 'bang', 'match', 'picture', 'universe', 'year', 'later']"
The Cosmologist Who Dreams in the Universe’s Dark Threads,Rebecca Boyle,"November 5, 2020",Cora Dvorkin discovered new possibilities for what dark matter could be. Now she’s devising unorthodox ways to identify it.,cora dvorkin discovered new possibility dark matter could devising unorthodox way identify,cora dvorkin discovered new possibilities for what dark matter could be. now she’s devising unorthodox ways to identify it.,cora dvorkin discovered new possibilities for what dark matter could be now she s devising unorthodox ways to identify it,"['cora', 'dvorkin', 'discovered', 'new', 'possibilities', 'for', 'what', 'dark', 'matter', 'could', 'be', 'now', 'she', 's', 'devising', 'unorthodox', 'ways', 'to', 'identify', 'it']","['cora', 'dvorkin', 'discovered', 'new', 'possibilities', 'dark', 'matter', 'could', 'devising', 'unorthodox', 'ways', 'identify']","['cora', 'dvorkin', 'discovered', 'new', 'possibility', 'dark', 'matter', 'could', 'devising', 'unorthodox', 'way', 'identify']"
Debate Erupts Over How ‘Forbidden’ Black Holes Grow,Adam Mann,"November 3, 2020","Once missing in action, middleweight black holes have finally been detected. Now researchers are trying to figure out how they grow from small ones.",missing action middleweight black hole finally detected researcher trying figure grow small one,"once missing in action, middleweight black holes have finally been detected. now researchers are trying to figure out how they grow from small ones.",once missing in action middleweight black holes have finally been detected now researchers are trying to figure out how they grow from small ones,"['once', 'missing', 'in', 'action', 'middleweight', 'black', 'holes', 'have', 'finally', 'been', 'detected', 'now', 'researchers', 'are', 'trying', 'to', 'figure', 'out', 'how', 'they', 'grow', 'from', 'small', 'ones']","['missing', 'action', 'middleweight', 'black', 'holes', 'finally', 'detected', 'researchers', 'trying', 'figure', 'grow', 'small', 'ones']","['missing', 'action', 'middleweight', 'black', 'hole', 'finally', 'detected', 'researcher', 'trying', 'figure', 'grow', 'small', 'one']"
The Most Famous Paradox in Physics Nears Its End,George Musser,"October 29, 2020","In a landmark series of calculations, physicists have proved that black holes can shed information.",landmark series calculation physicist proved black hole shed information,"in a landmark series of calculations, physicists have proved that black holes can shed information.",in a landmark series of calculations physicists have proved that black holes can shed information,"['in', 'a', 'landmark', 'series', 'of', 'calculations', 'physicists', 'have', 'proved', 'that', 'black', 'holes', 'can', 'shed', 'information']","['landmark', 'series', 'calculations', 'physicists', 'proved', 'black', 'holes', 'shed', 'information']","['landmark', 'series', 'calculation', 'physicist', 'proved', 'black', 'hole', 'shed', 'information']"
A New Map of All the Particles and Forces,Natalie Wolchover,"October 22, 2020",We’ve created a new way to explore the fundamental constituents of the universe.,created new way explore fundamental constituent universe,we’ve created a new way to explore the fundamental constituents of the universe.,we ve created a new way to explore the fundamental constituents of the universe,"['we', 've', 'created', 'a', 'new', 'way', 'to', 'explore', 'the', 'fundamental', 'constituents', 'of', 'the', 'universe']","['created', 'new', 'way', 'explore', 'fundamental', 'constituents', 'universe']","['created', 'new', 'way', 'explore', 'fundamental', 'constituent', 'universe']"
The Hidden Structure of the Universe,Michael Moyer,"October 22, 2020",Our new series of articles explores the search for fundamental structure at the edge of science.,new series article explores search fundamental structure edge science,our new series of articles explores the search for fundamental structure at the edge of science.,our new series of articles explores the search for fundamental structure at the edge of science,"['our', 'new', 'series', 'of', 'articles', 'explores', 'the', 'search', 'for', 'fundamental', 'structure', 'at', 'the', 'edge', 'of', 'science']","['new', 'series', 'articles', 'explores', 'search', 'fundamental', 'structure', 'edge', 'science']","['new', 'series', 'article', 'explores', 'search', 'fundamental', 'structure', 'edge', 'science']"
Quantum Tunnels Show How Particles Can Break the Speed of Light,Natalie Wolchover,"October 20, 2020",Recent experiments show that particles should be able to go faster than light when they quantum mechanically “tunnel” through walls.,recent experiment show particle able go faster light quantum mechanically tunnel wall,recent experiments show that particles should be able to go faster than light when they quantum mechanically “tunnel” through walls.,recent experiments show that particles should be able to go faster than light when they quantum mechanically tunnel through walls,"['recent', 'experiments', 'show', 'that', 'particles', 'should', 'be', 'able', 'to', 'go', 'faster', 'than', 'light', 'when', 'they', 'quantum', 'mechanically', 'tunnel', 'through', 'walls']","['recent', 'experiments', 'show', 'particles', 'able', 'go', 'faster', 'light', 'quantum', 'mechanically', 'tunnel', 'walls']","['recent', 'experiment', 'show', 'particle', 'able', 'go', 'faster', 'light', 'quantum', 'mechanically', 'tunnel', 'wall']"
Room-Temperature Superconductivity Claim Falls Apart [Update],Charlie Wood,"October 14, 2020","In 2020, researchers reported that they had created a room-temperature superconductor. That paper has now been retracted.",researcher reported created room temperature superconductor paper retracted,"in 2020, researchers reported that they had created a room-temperature superconductor. that paper has now been retracted.",in researchers reported that they had created a room temperature superconductor that paper has now been retracted,"['in', 'researchers', 'reported', 'that', 'they', 'had', 'created', 'a', 'room', 'temperature', 'superconductor', 'that', 'paper', 'has', 'now', 'been', 'retracted']","['researchers', 'reported', 'created', 'room', 'temperature', 'superconductor', 'paper', 'retracted']","['researcher', 'reported', 'created', 'room', 'temperature', 'superconductor', 'paper', 'retracted']"
Physics Nobel Awarded for Black Hole Breakthroughs,Natalie Wolchover,"October 6, 2020","Roger Penrose, Reinhard Genzel and Andrea Ghez were awarded the Nobel Prize in Physics for their studies of black holes.",roger penrose reinhard genzel andrea ghez awarded nobel prize physic study black hole,"roger penrose, reinhard genzel and andrea ghez were awarded the nobel prize in physics for their studies of black holes.",roger penrose reinhard genzel and andrea ghez were awarded the nobel prize in physics for their studies of black holes,"['roger', 'penrose', 'reinhard', 'genzel', 'and', 'andrea', 'ghez', 'were', 'awarded', 'the', 'nobel', 'prize', 'in', 'physics', 'for', 'their', 'studies', 'of', 'black', 'holes']","['roger', 'penrose', 'reinhard', 'genzel', 'andrea', 'ghez', 'awarded', 'nobel', 'prize', 'physics', 'studies', 'black', 'holes']","['roger', 'penrose', 'reinhard', 'genzel', 'andrea', 'ghez', 'awarded', 'nobel', 'prize', 'physic', 'study', 'black', 'hole']"
Alchemy Arrives in a Burst of Light,Philip Ball,"September 30, 2020",Researchers have shown how to effectively transform one material into another using a finely shaped laser pulse.,researcher shown effectively transform one material another using finely shaped laser pulse,researchers have shown how to effectively transform one material into another using a finely shaped laser pulse.,researchers have shown how to effectively transform one material into another using a finely shaped laser pulse,"['researchers', 'have', 'shown', 'how', 'to', 'effectively', 'transform', 'one', 'material', 'into', 'another', 'using', 'a', 'finely', 'shaped', 'laser', 'pulse']","['researchers', 'shown', 'effectively', 'transform', 'one', 'material', 'another', 'using', 'finely', 'shaped', 'laser', 'pulse']","['researcher', 'shown', 'effectively', 'transform', 'one', 'material', 'another', 'using', 'finely', 'shaped', 'laser', 'pulse']"
Some Physicists See Signs of Cosmic Strings From the Big Bang,Thomas Lewton,"September 29, 2020",Subtle aberrations in the clockwork blinking of stars could become “the result of the century.” That’s if the distortions are produced by a network of giant filaments left over from the birth of the universe.,subtle aberration clockwork blinking star could become result century distortion produced network giant filament left birth universe,subtle aberrations in the clockwork blinking of stars could become “the result of the century.” that’s if the distortions are produced by a network of giant filaments left over from the birth of the universe.,subtle aberrations in the clockwork blinking of stars could become the result of the century that s if the distortions are produced by a network of giant filaments left over from the birth of the universe,"['subtle', 'aberrations', 'in', 'the', 'clockwork', 'blinking', 'of', 'stars', 'could', 'become', 'the', 'result', 'of', 'the', 'century', 'that', 's', 'if', 'the', 'distortions', 'are', 'produced', 'by', 'a', 'network', 'of', 'giant', 'filaments', 'left', 'over', 'from', 'the', 'birth', 'of', 'the', 'universe']","['subtle', 'aberrations', 'clockwork', 'blinking', 'stars', 'could', 'become', 'result', 'century', 'distortions', 'produced', 'network', 'giant', 'filaments', 'left', 'birth', 'universe']","['subtle', 'aberration', 'clockwork', 'blinking', 'star', 'could', 'become', 'result', 'century', 'distortion', 'produced', 'network', 'giant', 'filament', 'left', 'birth', 'universe']"
Physicists Argue That Black Holes From the Big Bang Could Be the Dark Matter,Joshua Sokol,"September 23, 2020",It was an old idea of Stephen Hawking’s: Unseen “primordial” black holes might be the hidden dark matter. A new series of studies has shown how the theory can work.,old idea stephen hawking unseen primordial black hole might hidden dark matter new series study shown theory work,it was an old idea of stephen hawking’s: unseen “primordial” black holes might be the hidden dark matter. a new series of studies has shown how the theory can work.,it was an old idea of stephen hawking s unseen primordial black holes might be the hidden dark matter a new series of studies has shown how the theory can work,"['it', 'was', 'an', 'old', 'idea', 'of', 'stephen', 'hawking', 's', 'unseen', 'primordial', 'black', 'holes', 'might', 'be', 'the', 'hidden', 'dark', 'matter', 'a', 'new', 'series', 'of', 'studies', 'has', 'shown', 'how', 'the', 'theory', 'can', 'work']","['old', 'idea', 'stephen', 'hawking', 'unseen', 'primordial', 'black', 'holes', 'might', 'hidden', 'dark', 'matter', 'new', 'series', 'studies', 'shown', 'theory', 'work']","['old', 'idea', 'stephen', 'hawking', 'unseen', 'primordial', 'black', 'hole', 'might', 'hidden', 'dark', 'matter', 'new', 'series', 'study', 'shown', 'theory', 'work']"
How Mathematical ‘Hocus-Pocus’ Saved Particle Physics,Charlie Wood,"September 17, 2020",Renormalization has become perhaps the single most important advance in theoretical physics in 50 years.,renormalization become perhaps single important advance theoretical physic year,renormalization has become perhaps the single most important advance in theoretical physics in 50 years.,renormalization has become perhaps the single most important advance in theoretical physics in years,"['renormalization', 'has', 'become', 'perhaps', 'the', 'single', 'most', 'important', 'advance', 'in', 'theoretical', 'physics', 'in', 'years']","['renormalization', 'become', 'perhaps', 'single', 'important', 'advance', 'theoretical', 'physics', 'years']","['renormalization', 'become', 'perhaps', 'single', 'important', 'advance', 'theoretical', 'physic', 'year']"
A New Cosmic Tension: The Universe Might Be Too Thin,Charlie Wood,"September 8, 2020",Cosmologists have concluded that the universe doesn’t appear to clump as much as it should. Could both of cosmology’s big puzzles share a single fix?,cosmologist concluded universe appear clump much could cosmology big puzzle share single fix,cosmologists have concluded that the universe doesn’t appear to clump as much as it should. could both of cosmology’s big puzzles share a single fix?,cosmologists have concluded that the universe doesn t appear to clump as much as it should could both of cosmology s big puzzles share a single fix,"['cosmologists', 'have', 'concluded', 'that', 'the', 'universe', 'doesn', 't', 'appear', 'to', 'clump', 'as', 'much', 'as', 'it', 'should', 'could', 'both', 'of', 'cosmology', 's', 'big', 'puzzles', 'share', 'a', 'single', 'fix']","['cosmologists', 'concluded', 'universe', 'appear', 'clump', 'much', 'could', 'cosmology', 'big', 'puzzles', 'share', 'single', 'fix']","['cosmologist', 'concluded', 'universe', 'appear', 'clump', 'much', 'could', 'cosmology', 'big', 'puzzle', 'share', 'single', 'fix']"
An Unexpected Twist Lights Up the Secrets of Turbulence,David H. Freedman,"September 3, 2020","Having solved a central mystery about the “twirliness” of tornadoes and other types of vortices, William Irvine has set his sights on turbulence, the white whale of classical physics.",solved central mystery twirliness tornado type vortex william irvine set sight turbulence white whale classical physic,"having solved a central mystery about the “twirliness” of tornadoes and other types of vortices, william irvine has set his sights on turbulence, the white whale of classical physics.",having solved a central mystery about the twirliness of tornadoes and other types of vortices william irvine has set his sights on turbulence the white whale of classical physics,"['having', 'solved', 'a', 'central', 'mystery', 'about', 'the', 'twirliness', 'of', 'tornadoes', 'and', 'other', 'types', 'of', 'vortices', 'william', 'irvine', 'has', 'set', 'his', 'sights', 'on', 'turbulence', 'the', 'white', 'whale', 'of', 'classical', 'physics']","['solved', 'central', 'mystery', 'twirliness', 'tornadoes', 'types', 'vortices', 'william', 'irvine', 'set', 'sights', 'turbulence', 'white', 'whale', 'classical', 'physics']","['solved', 'central', 'mystery', 'twirliness', 'tornado', 'type', 'vortex', 'william', 'irvine', 'set', 'sight', 'turbulence', 'white', 'whale', 'classical', 'physic']"
The Shape-Shifting Squeeze Coolers,Marcus Woo,"August 24, 2020","Push or crush a new class of materials, and they’ll undergo record-breaking temperature changes.",push crush new class material undergo record breaking temperature change,"push or crush a new class of materials, and they’ll undergo record-breaking temperature changes.",push or crush a new class of materials and they ll undergo record breaking temperature changes,"['push', 'or', 'crush', 'a', 'new', 'class', 'of', 'materials', 'and', 'they', 'll', 'undergo', 'record', 'breaking', 'temperature', 'changes']","['push', 'crush', 'new', 'class', 'materials', 'undergo', 'record', 'breaking', 'temperature', 'changes']","['push', 'crush', 'new', 'class', 'material', 'undergo', 'record', 'breaking', 'temperature', 'change']"
The Mathematical Structure of Particle Collisions Comes Into View,Charlie Wood,"August 20, 2020",Physicists have identified an algebraic structure underlying the messy mathematics of particle collisions. Some hope it will lead to a more elegant theory of the natural world.,physicist identified algebraic structure underlying messy mathematics particle collision hope lead elegant theory natural world,physicists have identified an algebraic structure underlying the messy mathematics of particle collisions. some hope it will lead to a more elegant theory of the natural world.,physicists have identified an algebraic structure underlying the messy mathematics of particle collisions some hope it will lead to a more elegant theory of the natural world,"['physicists', 'have', 'identified', 'an', 'algebraic', 'structure', 'underlying', 'the', 'messy', 'mathematics', 'of', 'particle', 'collisions', 'some', 'hope', 'it', 'will', 'lead', 'to', 'a', 'more', 'elegant', 'theory', 'of', 'the', 'natural', 'world']","['physicists', 'identified', 'algebraic', 'structure', 'underlying', 'messy', 'mathematics', 'particle', 'collisions', 'hope', 'lead', 'elegant', 'theory', 'natural', 'world']","['physicist', 'identified', 'algebraic', 'structure', 'underlying', 'messy', 'mathematics', 'particle', 'collision', 'hope', 'lead', 'elegant', 'theory', 'natural', 'world']"
The Physicist Who Slayed Gravity’s Ghosts,Thomas Lewton,"August 18, 2020",Claudia de Rham showed how theories of “massive gravity” could potentially get rid of the need for dark energy.,claudia de rham showed theory massive gravity could potentially get rid need dark energy,claudia de rham showed how theories of “massive gravity” could potentially get rid of the need for dark energy.,claudia de rham showed how theories of massive gravity could potentially get rid of the need for dark energy,"['claudia', 'de', 'rham', 'showed', 'how', 'theories', 'of', 'massive', 'gravity', 'could', 'potentially', 'get', 'rid', 'of', 'the', 'need', 'for', 'dark', 'energy']","['claudia', 'de', 'rham', 'showed', 'theories', 'massive', 'gravity', 'could', 'potentially', 'get', 'rid', 'need', 'dark', 'energy']","['claudia', 'de', 'rham', 'showed', 'theory', 'massive', 'gravity', 'could', 'potentially', 'get', 'rid', 'need', 'dark', 'energy']"
Global Wave Discovery Ends 220-Year Search,Charlie Wood,"August 13, 2020",An 18th-century physicist first predicted the existence of a chorus of atmospheric waves that swoop around Earth. Scientists have finally found them.,th century physicist first predicted existence chorus atmospheric wave swoop around earth scientist finally found,an 18th-century physicist first predicted the existence of a chorus of atmospheric waves that swoop around earth. scientists have finally found them.,an th century physicist first predicted the existence of a chorus of atmospheric waves that swoop around earth scientists have finally found them,"['an', 'th', 'century', 'physicist', 'first', 'predicted', 'the', 'existence', 'of', 'a', 'chorus', 'of', 'atmospheric', 'waves', 'that', 'swoop', 'around', 'earth', 'scientists', 'have', 'finally', 'found', 'them']","['th', 'century', 'physicist', 'first', 'predicted', 'existence', 'chorus', 'atmospheric', 'waves', 'swoop', 'around', 'earth', 'scientists', 'finally', 'found']","['th', 'century', 'physicist', 'first', 'predicted', 'existence', 'chorus', 'atmospheric', 'wave', 'swoop', 'around', 'earth', 'scientist', 'finally', 'found']"
Social Distancing From the Stars,Emily Levesque,"August 11, 2020","Professional astronomers may not point their telescopes by hand anymore, but COVID-19 has still closed observatories and impeded research.",professional astronomer may not point telescope hand anymore covid still closed observatory impeded research,"professional astronomers may not point their telescopes by hand anymore, but covid-19 has still closed observatories and impeded research.",professional astronomers may not point their telescopes by hand anymore but covid has still closed observatories and impeded research,"['professional', 'astronomers', 'may', 'not', 'point', 'their', 'telescopes', 'by', 'hand', 'anymore', 'but', 'covid', 'has', 'still', 'closed', 'observatories', 'and', 'impeded', 'research']","['professional', 'astronomers', 'may', 'not', 'point', 'telescopes', 'hand', 'anymore', 'covid', 'still', 'closed', 'observatories', 'impeded', 'research']","['professional', 'astronomer', 'may', 'not', 'point', 'telescope', 'hand', 'anymore', 'covid', 'still', 'closed', 'observatory', 'impeded', 'research']"
Big Bounce Simulations Challenge the Big Bang,Charlie Wood,"August 4, 2020",Detailed computer simulations have found that a cosmic contraction can generate features of the universe that we observe today.,detailed computer simulation found cosmic contraction generate feature universe observe today,detailed computer simulations have found that a cosmic contraction can generate features of the universe that we observe today.,detailed computer simulations have found that a cosmic contraction can generate features of the universe that we observe today,"['detailed', 'computer', 'simulations', 'have', 'found', 'that', 'a', 'cosmic', 'contraction', 'can', 'generate', 'features', 'of', 'the', 'universe', 'that', 'we', 'observe', 'today']","['detailed', 'computer', 'simulations', 'found', 'cosmic', 'contraction', 'generate', 'features', 'universe', 'observe', 'today']","['detailed', 'computer', 'simulation', 'found', 'cosmic', 'contraction', 'generate', 'feature', 'universe', 'observe', 'today']"
An Alternative to Dark Matter Passes Critical Test,Charlie Wood,"July 28, 2020",Modified gravity theories have never been able to describe the universe’s first light. A new formulation does.,modified gravity theory never able describe universe first light new formulation,modified gravity theories have never been able to describe the universe’s first light. a new formulation does.,modified gravity theories have never been able to describe the universe s first light a new formulation does,"['modified', 'gravity', 'theories', 'have', 'never', 'been', 'able', 'to', 'describe', 'the', 'universe', 's', 'first', 'light', 'a', 'new', 'formulation', 'does']","['modified', 'gravity', 'theories', 'never', 'able', 'describe', 'universe', 'first', 'light', 'new', 'formulation']","['modified', 'gravity', 'theory', 'never', 'able', 'describe', 'universe', 'first', 'light', 'new', 'formulation']"
How the Bits of Quantum Gravity Can Buzz,Thomas Lewton,"July 23, 2020",New calculations show how hypothetical particles called gravitons would give rise to a special kind of noise.,new calculation show hypothetical particle called graviton would give rise special kind noise,new calculations show how hypothetical particles called gravitons would give rise to a special kind of noise.,new calculations show how hypothetical particles called gravitons would give rise to a special kind of noise,"['new', 'calculations', 'show', 'how', 'hypothetical', 'particles', 'called', 'gravitons', 'would', 'give', 'rise', 'to', 'a', 'special', 'kind', 'of', 'noise']","['new', 'calculations', 'show', 'hypothetical', 'particles', 'called', 'gravitons', 'would', 'give', 'rise', 'special', 'kind', 'noise']","['new', 'calculation', 'show', 'hypothetical', 'particle', 'called', 'graviton', 'would', 'give', 'rise', 'special', 'kind', 'noise']"
How Earth’s Climate Changes Naturally (and Why Things Are Different Now),Howard Lee,"July 21, 2020","Earth’s climate has fluctuated through deep time, pushed by these 10 different causes. Here’s how each compares with modern climate change.",earth climate fluctuated deep time pushed different cause compare modern climate change,"earth’s climate has fluctuated through deep time, pushed by these 10 different causes. here’s how each compares with modern climate change.",earth s climate has fluctuated through deep time pushed by these different causes here s how each compares with modern climate change,"['earth', 's', 'climate', 'has', 'fluctuated', 'through', 'deep', 'time', 'pushed', 'by', 'these', 'different', 'causes', 'here', 's', 'how', 'each', 'compares', 'with', 'modern', 'climate', 'change']","['earth', 'climate', 'fluctuated', 'deep', 'time', 'pushed', 'different', 'causes', 'compares', 'modern', 'climate', 'change']","['earth', 'climate', 'fluctuated', 'deep', 'time', 'pushed', 'different', 'cause', 'compare', 'modern', 'climate', 'change']"
Spotting Quantum Black Holes in the Lab,John Preskill,"July 15, 2020",Can we test speculations about how quantum physics affects black holes and the Big Bang?,test speculation quantum physic affect black hole big bang,can we test speculations about how quantum physics affects black holes and the big bang?,can we test speculations about how quantum physics affects black holes and the big bang,"['can', 'we', 'test', 'speculations', 'about', 'how', 'quantum', 'physics', 'affects', 'black', 'holes', 'and', 'the', 'big', 'bang']","['test', 'speculations', 'quantum', 'physics', 'affects', 'black', 'holes', 'big', 'bang']","['test', 'speculation', 'quantum', 'physic', 'affect', 'black', 'hole', 'big', 'bang']"
The Scientist Leading the World’s Aurora Hunters,Robin George Andrews,"July 9, 2020","Liz MacDonald realized that if she wanted to create the world’s best aurora map, she needed a secret ingredient: Twitter.",liz macdonald realized wanted create world best aurora map needed secret ingredient twitter,"liz macdonald realized that if she wanted to create the world’s best aurora map, she needed a secret ingredient: twitter.",liz macdonald realized that if she wanted to create the world s best aurora map she needed a secret ingredient twitter,"['liz', 'macdonald', 'realized', 'that', 'if', 'she', 'wanted', 'to', 'create', 'the', 'world', 's', 'best', 'aurora', 'map', 'she', 'needed', 'a', 'secret', 'ingredient', 'twitter']","['liz', 'macdonald', 'realized', 'wanted', 'create', 'world', 'best', 'aurora', 'map', 'needed', 'secret', 'ingredient', 'twitter']","['liz', 'macdonald', 'realized', 'wanted', 'create', 'world', 'best', 'aurora', 'map', 'needed', 'secret', 'ingredient', 'twitter']"
Why Is Glass Rigid? Signs of Its Secret Structure Emerge.,John Pavlus,"July 7, 2020","At the molecular level, glass looks like a liquid. But an artificial neural network has picked up on hidden structure in its molecules that may explain why glass is rigid like a solid.",molecular level glass look like liquid artificial neural network picked hidden structure molecule may explain glass rigid like solid,"at the molecular level, glass looks like a liquid. but an artificial neural network has picked up on hidden structure in its molecules that may explain why glass is rigid like a solid.",at the molecular level glass looks like a liquid but an artificial neural network has picked up on hidden structure in its molecules that may explain why glass is rigid like a solid,"['at', 'the', 'molecular', 'level', 'glass', 'looks', 'like', 'a', 'liquid', 'but', 'an', 'artificial', 'neural', 'network', 'has', 'picked', 'up', 'on', 'hidden', 'structure', 'in', 'its', 'molecules', 'that', 'may', 'explain', 'why', 'glass', 'is', 'rigid', 'like', 'a', 'solid']","['molecular', 'level', 'glass', 'looks', 'like', 'liquid', 'artificial', 'neural', 'network', 'picked', 'hidden', 'structure', 'molecules', 'may', 'explain', 'glass', 'rigid', 'like', 'solid']","['molecular', 'level', 'glass', 'look', 'like', 'liquid', 'artificial', 'neural', 'network', 'picked', 'hidden', 'structure', 'molecule', 'may', 'explain', 'glass', 'rigid', 'like', 'solid']"
The Hidden Magnetic Universe Begins to Come Into View,Natalie Wolchover,"July 2, 2020","Astronomers are discovering that magnetic fields permeate much of the cosmos. If these fields date back to the Big Bang, they could solve a major cosmological mystery.",astronomer discovering magnetic field permeate much cosmos field date back big bang could solve major cosmological mystery,"astronomers are discovering that magnetic fields permeate much of the cosmos. if these fields date back to the big bang, they could solve a major cosmological mystery.",astronomers are discovering that magnetic fields permeate much of the cosmos if these fields date back to the big bang they could solve a major cosmological mystery,"['astronomers', 'are', 'discovering', 'that', 'magnetic', 'fields', 'permeate', 'much', 'of', 'the', 'cosmos', 'if', 'these', 'fields', 'date', 'back', 'to', 'the', 'big', 'bang', 'they', 'could', 'solve', 'a', 'major', 'cosmological', 'mystery']","['astronomers', 'discovering', 'magnetic', 'fields', 'permeate', 'much', 'cosmos', 'fields', 'date', 'back', 'big', 'bang', 'could', 'solve', 'major', 'cosmological', 'mystery']","['astronomer', 'discovering', 'magnetic', 'field', 'permeate', 'much', 'cosmos', 'field', 'date', 'back', 'big', 'bang', 'could', 'solve', 'major', 'cosmological', 'mystery']"
The Cartoon Picture of Magnets That Has Transformed Science,Charlie Wood,"June 24, 2020","One hundred years after it was proposed, the Ising model is used to understand everything from magnets to brains.",one hundred year proposed ising model used understand everything magnet brain,"one hundred years after it was proposed, the ising model is used to understand everything from magnets to brains.",one hundred years after it was proposed the ising model is used to understand everything from magnets to brains,"['one', 'hundred', 'years', 'after', 'it', 'was', 'proposed', 'the', 'ising', 'model', 'is', 'used', 'to', 'understand', 'everything', 'from', 'magnets', 'to', 'brains']","['one', 'hundred', 'years', 'proposed', 'ising', 'model', 'used', 'understand', 'everything', 'magnets', 'brains']","['one', 'hundred', 'year', 'proposed', 'ising', 'model', 'used', 'understand', 'everything', 'magnet', 'brain']"
This Cosmologist Knows How It’s All Going to End,Dan Falk,"June 22, 2020",The astrophysicist and social media phenom Katie Mack is ready to tell you about the fate of the universe.,astrophysicist social medium phenom katie mack ready tell fate universe,the astrophysicist and social media phenom katie mack is ready to tell you about the fate of the universe.,the astrophysicist and social media phenom katie mack is ready to tell you about the fate of the universe,"['the', 'astrophysicist', 'and', 'social', 'media', 'phenom', 'katie', 'mack', 'is', 'ready', 'to', 'tell', 'you', 'about', 'the', 'fate', 'of', 'the', 'universe']","['astrophysicist', 'social', 'media', 'phenom', 'katie', 'mack', 'ready', 'tell', 'fate', 'universe']","['astrophysicist', 'social', 'medium', 'phenom', 'katie', 'mack', 'ready', 'tell', 'fate', 'universe']"
Dark Matter Experiment Finds Unexplained Signal,Natalie Wolchover,"June 17, 2020",Researchers say there are three possible explanations for the anomalous data. One is mundane. Two would revolutionize physics.,researcher say three possible explanation anomalous data one mundane two would revolutionize physic,researchers say there are three possible explanations for the anomalous data. one is mundane. two would revolutionize physics.,researchers say there are three possible explanations for the anomalous data one is mundane two would revolutionize physics,"['researchers', 'say', 'there', 'are', 'three', 'possible', 'explanations', 'for', 'the', 'anomalous', 'data', 'one', 'is', 'mundane', 'two', 'would', 'revolutionize', 'physics']","['researchers', 'say', 'three', 'possible', 'explanations', 'anomalous', 'data', 'one', 'mundane', 'two', 'would', 'revolutionize', 'physics']","['researcher', 'say', 'three', 'possible', 'explanation', 'anomalous', 'data', 'one', 'mundane', 'two', 'would', 'revolutionize', 'physic']"
The Two Forms of Mathematical Beauty,Robbert Dijkgraaf,"June 16, 2020","Mathematicians typically appreciate either generic or exceptional beauty in their work, but one type is more useful in describing the universe.",mathematician typically appreciate either generic exceptional beauty work one type useful describing universe,"mathematicians typically appreciate either generic or exceptional beauty in their work, but one type is more useful in describing the universe.",mathematicians typically appreciate either generic or exceptional beauty in their work but one type is more useful in describing the universe,"['mathematicians', 'typically', 'appreciate', 'either', 'generic', 'or', 'exceptional', 'beauty', 'in', 'their', 'work', 'but', 'one', 'type', 'is', 'more', 'useful', 'in', 'describing', 'the', 'universe']","['mathematicians', 'typically', 'appreciate', 'either', 'generic', 'exceptional', 'beauty', 'work', 'one', 'type', 'useful', 'describing', 'universe']","['mathematician', 'typically', 'appreciate', 'either', 'generic', 'exceptional', 'beauty', 'work', 'one', 'type', 'useful', 'describing', 'universe']"
Why Gravity Is Not Like the Other Forces,Natalie Wolchover,"June 15, 2020",We asked four physicists why gravity stands out among the forces of nature. We got four different answers.,asked four physicist gravity stand among force nature got four different answer,we asked four physicists why gravity stands out among the forces of nature. we got four different answers.,we asked four physicists why gravity stands out among the forces of nature we got four different answers,"['we', 'asked', 'four', 'physicists', 'why', 'gravity', 'stands', 'out', 'among', 'the', 'forces', 'of', 'nature', 'we', 'got', 'four', 'different', 'answers']","['asked', 'four', 'physicists', 'gravity', 'stands', 'among', 'forces', 'nature', 'got', 'four', 'different', 'answers']","['asked', 'four', 'physicist', 'gravity', 'stand', 'among', 'force', 'nature', 'got', 'four', 'different', 'answer']"
A Surprise Discovery Points to the Source of Fast Radio Bursts,Shannon Hall,"June 11, 2020","After a burst lit up their telescope “like a Christmas tree,” astronomers were able to finally track down the source of these cosmic oddities.",burst lit telescope like christmas tree astronomer able finally track source cosmic oddity,"after a burst lit up their telescope “like a christmas tree,” astronomers were able to finally track down the source of these cosmic oddities.",after a burst lit up their telescope like a christmas tree astronomers were able to finally track down the source of these cosmic oddities,"['after', 'a', 'burst', 'lit', 'up', 'their', 'telescope', 'like', 'a', 'christmas', 'tree', 'astronomers', 'were', 'able', 'to', 'finally', 'track', 'down', 'the', 'source', 'of', 'these', 'cosmic', 'oddities']","['burst', 'lit', 'telescope', 'like', 'christmas', 'tree', 'astronomers', 'able', 'finally', 'track', 'source', 'cosmic', 'oddities']","['burst', 'lit', 'telescope', 'like', 'christmas', 'tree', 'astronomer', 'able', 'finally', 'track', 'source', 'cosmic', 'oddity']"
Black Hole Paradoxes Reveal a Fundamental Link Between Energy and Order,Natalie Wolchover,"May 28, 2020","By chewing on the problems posed by “extremal” black holes, physicists have exposed a surprising and universal connection between energy and entropy.",chewing problem posed extremal black hole physicist exposed surprising universal connection energy entropy,"by chewing on the problems posed by “extremal” black holes, physicists have exposed a surprising and universal connection between energy and entropy.",by chewing on the problems posed by extremal black holes physicists have exposed a surprising and universal connection between energy and entropy,"['by', 'chewing', 'on', 'the', 'problems', 'posed', 'by', 'extremal', 'black', 'holes', 'physicists', 'have', 'exposed', 'a', 'surprising', 'and', 'universal', 'connection', 'between', 'energy', 'and', 'entropy']","['chewing', 'problems', 'posed', 'extremal', 'black', 'holes', 'physicists', 'exposed', 'surprising', 'universal', 'connection', 'energy', 'entropy']","['chewing', 'problem', 'posed', 'extremal', 'black', 'hole', 'physicist', 'exposed', 'surprising', 'universal', 'connection', 'energy', 'entropy']"
Growing Anomalies at the Large Hadron Collider Raise Hopes,Charlie Wood,"May 26, 2020","Collider physicists report that several measurements of particles called B mesons deviate from predictions. Alone, each oddity looks like a fluke, but their collective drift is more suggestive.",collider physicist report several measurement particle called b meson deviate prediction alone oddity look like fluke collective drift suggestive,"collider physicists report that several measurements of particles called b mesons deviate from predictions. alone, each oddity looks like a fluke, but their collective drift is more suggestive.",collider physicists report that several measurements of particles called b mesons deviate from predictions alone each oddity looks like a fluke but their collective drift is more suggestive,"['collider', 'physicists', 'report', 'that', 'several', 'measurements', 'of', 'particles', 'called', 'b', 'mesons', 'deviate', 'from', 'predictions', 'alone', 'each', 'oddity', 'looks', 'like', 'a', 'fluke', 'but', 'their', 'collective', 'drift', 'is', 'more', 'suggestive']","['collider', 'physicists', 'report', 'several', 'measurements', 'particles', 'called', 'b', 'mesons', 'deviate', 'predictions', 'alone', 'oddity', 'looks', 'like', 'fluke', 'collective', 'drift', 'suggestive']","['collider', 'physicist', 'report', 'several', 'measurement', 'particle', 'called', 'b', 'meson', 'deviate', 'prediction', 'alone', 'oddity', 'look', 'like', 'fluke', 'collective', 'drift', 'suggestive']"
"‘Milestone’ Evidence for Anyons, a Third Kingdom of Particles",Dana Najjar,"May 12, 2020","Anyons don’t fit into either of the two known particle kingdoms. To find them, physicists had to erase the third dimension.",anyons fit either two known particle kingdom find physicist erase third dimension,"anyons don’t fit into either of the two known particle kingdoms. to find them, physicists had to erase the third dimension.",anyons don t fit into either of the two known particle kingdoms to find them physicists had to erase the third dimension,"['anyons', 'don', 't', 'fit', 'into', 'either', 'of', 'the', 'two', 'known', 'particle', 'kingdoms', 'to', 'find', 'them', 'physicists', 'had', 'to', 'erase', 'the', 'third', 'dimension']","['anyons', 'fit', 'either', 'two', 'known', 'particle', 'kingdoms', 'find', 'physicists', 'erase', 'third', 'dimension']","['anyons', 'fit', 'either', 'two', 'known', 'particle', 'kingdom', 'find', 'physicist', 'erase', 'third', 'dimension']"
New Math Proves That a Special Kind of Space-Time Is Unstable,Steve Nadis,"May 11, 2020",Einstein’s equations describe three canonical configurations of space-time. Now one of these three — important in the study of quantum gravity — has been shown to be inherently unstable.,einstein equation describe three canonical configuration space time one three important study quantum gravity shown inherently unstable,einstein’s equations describe three canonical configurations of space-time. now one of these three — important in the study of quantum gravity — has been shown to be inherently unstable.,einstein s equations describe three canonical configurations of space time now one of these three important in the study of quantum gravity has been shown to be inherently unstable,"['einstein', 's', 'equations', 'describe', 'three', 'canonical', 'configurations', 'of', 'space', 'time', 'now', 'one', 'of', 'these', 'three', 'important', 'in', 'the', 'study', 'of', 'quantum', 'gravity', 'has', 'been', 'shown', 'to', 'be', 'inherently', 'unstable']","['einstein', 'equations', 'describe', 'three', 'canonical', 'configurations', 'space', 'time', 'one', 'three', 'important', 'study', 'quantum', 'gravity', 'shown', 'inherently', 'unstable']","['einstein', 'equation', 'describe', 'three', 'canonical', 'configuration', 'space', 'time', 'one', 'three', 'important', 'study', 'quantum', 'gravity', 'shown', 'inherently', 'unstable']"
What Goes On in a Proton? Quark Math Still Conflicts With Experiments.,Charlie Wood,"May 6, 2020","Two ways of approximating the ultra-complicated math that governs quark particles have recently come into conflict, leaving physicists unsure what their decades-old theory predicts.",two way approximating ultra complicated math governs quark particle recently come conflict leaving physicist unsure decade old theory predicts,"two ways of approximating the ultra-complicated math that governs quark particles have recently come into conflict, leaving physicists unsure what their decades-old theory predicts.",two ways of approximating the ultra complicated math that governs quark particles have recently come into conflict leaving physicists unsure what their decades old theory predicts,"['two', 'ways', 'of', 'approximating', 'the', 'ultra', 'complicated', 'math', 'that', 'governs', 'quark', 'particles', 'have', 'recently', 'come', 'into', 'conflict', 'leaving', 'physicists', 'unsure', 'what', 'their', 'decades', 'old', 'theory', 'predicts']","['two', 'ways', 'approximating', 'ultra', 'complicated', 'math', 'governs', 'quark', 'particles', 'recently', 'come', 'conflict', 'leaving', 'physicists', 'unsure', 'decades', 'old', 'theory', 'predicts']","['two', 'way', 'approximating', 'ultra', 'complicated', 'math', 'governs', 'quark', 'particle', 'recently', 'come', 'conflict', 'leaving', 'physicist', 'unsure', 'decade', 'old', 'theory', 'predicts']"
Arrows of Time,Dan Falk,"May 4, 2020","The human mind has long grappled with the elusive nature of time: what it is, how to record it, how it regulates life, and whether it exists as a fundamental building block of the universe.",human mind long grappled elusive nature time record regulates life whether exists fundamental building block universe,"the human mind has long grappled with the elusive nature of time: what it is, how to record it, how it regulates life, and whether it exists as a fundamental building block of the universe.",the human mind has long grappled with the elusive nature of time what it is how to record it how it regulates life and whether it exists as a fundamental building block of the universe,"['the', 'human', 'mind', 'has', 'long', 'grappled', 'with', 'the', 'elusive', 'nature', 'of', 'time', 'what', 'it', 'is', 'how', 'to', 'record', 'it', 'how', 'it', 'regulates', 'life', 'and', 'whether', 'it', 'exists', 'as', 'a', 'fundamental', 'building', 'block', 'of', 'the', 'universe']","['human', 'mind', 'long', 'grappled', 'elusive', 'nature', 'time', 'record', 'regulates', 'life', 'whether', 'exists', 'fundamental', 'building', 'block', 'universe']","['human', 'mind', 'long', 'grappled', 'elusive', 'nature', 'time', 'record', 'regulates', 'life', 'whether', 'exists', 'fundamental', 'building', 'block', 'universe']"
What Might Be Speeding Up the Universe’s Expansion?,Thomas Lewton,"April 27, 2020",Physicists have proposed extra cosmic ingredients that could explain the faster-than-expected expansion of space.,physicist proposed extra cosmic ingredient could explain faster expected expansion space,physicists have proposed extra cosmic ingredients that could explain the faster-than-expected expansion of space.,physicists have proposed extra cosmic ingredients that could explain the faster than expected expansion of space,"['physicists', 'have', 'proposed', 'extra', 'cosmic', 'ingredients', 'that', 'could', 'explain', 'the', 'faster', 'than', 'expected', 'expansion', 'of', 'space']","['physicists', 'proposed', 'extra', 'cosmic', 'ingredients', 'could', 'explain', 'faster', 'expected', 'expansion', 'space']","['physicist', 'proposed', 'extra', 'cosmic', 'ingredient', 'could', 'explain', 'faster', 'expected', 'expansion', 'space']"
Why Are Black Holes So Bright?,Liz Kruesi,"April 22, 2020",And why is the black hole at the center of our own galaxy so dim?,black hole center galaxy dim,and why is the black hole at the center of our own galaxy so dim?,and why is the black hole at the center of our own galaxy so dim,"['and', 'why', 'is', 'the', 'black', 'hole', 'at', 'the', 'center', 'of', 'our', 'own', 'galaxy', 'so', 'dim']","['black', 'hole', 'center', 'galaxy', 'dim']","['black', 'hole', 'center', 'galaxy', 'dim']"
New Earthquake Math Predicts How Destructive They’ll Be,Robin George Andrews,"April 21, 2020",The “pinball” model of a slipping fault line borrows from the mathematics of avalanches.,pinball model slipping fault line borrows mathematics avalanche,the “pinball” model of a slipping fault line borrows from the mathematics of avalanches.,the pinball model of a slipping fault line borrows from the mathematics of avalanches,"['the', 'pinball', 'model', 'of', 'a', 'slipping', 'fault', 'line', 'borrows', 'from', 'the', 'mathematics', 'of', 'avalanches']","['pinball', 'model', 'slipping', 'fault', 'line', 'borrows', 'mathematics', 'avalanches']","['pinball', 'model', 'slipping', 'fault', 'line', 'borrows', 'mathematics', 'avalanche']"
Neutrino Asymmetry Passes Critical Threshold,Natalie Wolchover,"April 15, 2020",The first official evidence of a key imbalance between neutrinos and antineutrinos provides one of the best clues for why the universe contains something rather than nothing.,first official evidence key imbalance neutrino antineutrino provides one best clue universe contains something rather nothing,the first official evidence of a key imbalance between neutrinos and antineutrinos provides one of the best clues for why the universe contains something rather than nothing.,the first official evidence of a key imbalance between neutrinos and antineutrinos provides one of the best clues for why the universe contains something rather than nothing,"['the', 'first', 'official', 'evidence', 'of', 'a', 'key', 'imbalance', 'between', 'neutrinos', 'and', 'antineutrinos', 'provides', 'one', 'of', 'the', 'best', 'clues', 'for', 'why', 'the', 'universe', 'contains', 'something', 'rather', 'than', 'nothing']","['first', 'official', 'evidence', 'key', 'imbalance', 'neutrinos', 'antineutrinos', 'provides', 'one', 'best', 'clues', 'universe', 'contains', 'something', 'rather', 'nothing']","['first', 'official', 'evidence', 'key', 'imbalance', 'neutrino', 'antineutrino', 'provides', 'one', 'best', 'clue', 'universe', 'contains', 'something', 'rather', 'nothing']"
Remembering the Unstoppable Freeman Dyson,Robbert Dijkgraaf,"April 13, 2020","Freeman Dyson — physicist, mathematician, writer and idea factory — died on February 28, but his vitality lives on.",freeman dyson physicist mathematician writer idea factory died february vitality life,"freeman dyson — physicist, mathematician, writer and idea factory — died on february 28, but his vitality lives on.",freeman dyson physicist mathematician writer and idea factory died on february but his vitality lives on,"['freeman', 'dyson', 'physicist', 'mathematician', 'writer', 'and', 'idea', 'factory', 'died', 'on', 'february', 'but', 'his', 'vitality', 'lives', 'on']","['freeman', 'dyson', 'physicist', 'mathematician', 'writer', 'idea', 'factory', 'died', 'february', 'vitality', 'lives']","['freeman', 'dyson', 'physicist', 'mathematician', 'writer', 'idea', 'factory', 'died', 'february', 'vitality', 'life']"
Does Time Really Flow? New Clues Come From a Century-Old Approach to Math.,Natalie Wolchover,"April 7, 2020","The laws of physics imply that the passage of time is an illusion. To avoid this conclusion, we might have to rethink the reality of infinitely precise numbers.",law physic imply passage time illusion avoid conclusion might rethink reality infinitely precise number,"the laws of physics imply that the passage of time is an illusion. to avoid this conclusion, we might have to rethink the reality of infinitely precise numbers.",the laws of physics imply that the passage of time is an illusion to avoid this conclusion we might have to rethink the reality of infinitely precise numbers,"['the', 'laws', 'of', 'physics', 'imply', 'that', 'the', 'passage', 'of', 'time', 'is', 'an', 'illusion', 'to', 'avoid', 'this', 'conclusion', 'we', 'might', 'have', 'to', 'rethink', 'the', 'reality', 'of', 'infinitely', 'precise', 'numbers']","['laws', 'physics', 'imply', 'passage', 'time', 'illusion', 'avoid', 'conclusion', 'might', 'rethink', 'reality', 'infinitely', 'precise', 'numbers']","['law', 'physic', 'imply', 'passage', 'time', 'illusion', 'avoid', 'conclusion', 'might', 'rethink', 'reality', 'infinitely', 'precise', 'number']"
"To Make the Perfect Mirror, Physicists Confront the Mystery of Glass",Natalie Wolchover,"April 2, 2020",Sometimes a mirror that reflects 99.9999% of light isn’t good enough.,sometimes mirror reflects light good enough,sometimes a mirror that reflects 99.9999% of light isn’t good enough.,sometimes a mirror that reflects of light isn t good enough,"['sometimes', 'a', 'mirror', 'that', 'reflects', 'of', 'light', 'isn', 't', 'good', 'enough']","['sometimes', 'mirror', 'reflects', 'light', 'good', 'enough']","['sometimes', 'mirror', 'reflects', 'light', 'good', 'enough']"
Brian Keating’s Quest for the Origin of the Universe,Steven Strogatz,"March 31, 2020",The astrophysicist Brian Keating talks to host Steven Strogatz about chasing the universe’s greatest mysteries — and what it’s like to have a major discovery slip through his fingers.,astrophysicist brian keating talk host steven strogatz chasing universe greatest mystery like major discovery slip finger,the astrophysicist brian keating talks to host steven strogatz about chasing the universe’s greatest mysteries — and what it’s like to have a major discovery slip through his fingers.,the astrophysicist brian keating talks to host steven strogatz about chasing the universe s greatest mysteries and what it s like to have a major discovery slip through his fingers,"['the', 'astrophysicist', 'brian', 'keating', 'talks', 'to', 'host', 'steven', 'strogatz', 'about', 'chasing', 'the', 'universe', 's', 'greatest', 'mysteries', 'and', 'what', 'it', 's', 'like', 'to', 'have', 'a', 'major', 'discovery', 'slip', 'through', 'his', 'fingers']","['astrophysicist', 'brian', 'keating', 'talks', 'host', 'steven', 'strogatz', 'chasing', 'universe', 'greatest', 'mysteries', 'like', 'major', 'discovery', 'slip', 'fingers']","['astrophysicist', 'brian', 'keating', 'talk', 'host', 'steven', 'strogatz', 'chasing', 'universe', 'greatest', 'mystery', 'like', 'major', 'discovery', 'slip', 'finger']"
Why Do Matter Particles Come in Threes? A Physics Titan Weighs In.,Charlie Wood,"March 30, 2020","Three progressively heavier copies of each type of matter particle exist, and no one knows why. A new paper by Steven Weinberg takes a stab at explaining the pattern.",three progressively heavier copy type matter particle exist no one know new paper steven weinberg take stab explaining pattern,"three progressively heavier copies of each type of matter particle exist, and no one knows why. a new paper by steven weinberg takes a stab at explaining the pattern.",three progressively heavier copies of each type of matter particle exist and no one knows why a new paper by steven weinberg takes a stab at explaining the pattern,"['three', 'progressively', 'heavier', 'copies', 'of', 'each', 'type', 'of', 'matter', 'particle', 'exist', 'and', 'no', 'one', 'knows', 'why', 'a', 'new', 'paper', 'by', 'steven', 'weinberg', 'takes', 'a', 'stab', 'at', 'explaining', 'the', 'pattern']","['three', 'progressively', 'heavier', 'copies', 'type', 'matter', 'particle', 'exist', 'no', 'one', 'knows', 'new', 'paper', 'steven', 'weinberg', 'takes', 'stab', 'explaining', 'pattern']","['three', 'progressively', 'heavier', 'copy', 'type', 'matter', 'particle', 'exist', 'no', 'one', 'know', 'new', 'paper', 'steven', 'weinberg', 'take', 'stab', 'explaining', 'pattern']"
Sudden Ancient Global Warming Event Traced to Magma Flood,Howard Lee,"March 19, 2020","A study has cemented the link between an intense global warming episode 56 million years ago and volcanism in the North Atlantic, with implications for modern climate change.",study cemented link intense global warming episode million year ago volcanism north atlantic implication modern climate change,"a study has cemented the link between an intense global warming episode 56 million years ago and volcanism in the north atlantic, with implications for modern climate change.",a study has cemented the link between an intense global warming episode million years ago and volcanism in the north atlantic with implications for modern climate change,"['a', 'study', 'has', 'cemented', 'the', 'link', 'between', 'an', 'intense', 'global', 'warming', 'episode', 'million', 'years', 'ago', 'and', 'volcanism', 'in', 'the', 'north', 'atlantic', 'with', 'implications', 'for', 'modern', 'climate', 'change']","['study', 'cemented', 'link', 'intense', 'global', 'warming', 'episode', 'million', 'years', 'ago', 'volcanism', 'north', 'atlantic', 'implications', 'modern', 'climate', 'change']","['study', 'cemented', 'link', 'intense', 'global', 'warming', 'episode', 'million', 'year', 'ago', 'volcanism', 'north', 'atlantic', 'implication', 'modern', 'climate', 'change']"
Axions Would Solve Another Major Problem in Physics,Natalie Wolchover,"March 17, 2020","In a new paper, physicists argue that hypothetical particles called axions could explain why the universe isn’t empty.",new paper physicist argue hypothetical particle called axions could explain universe empty,"in a new paper, physicists argue that hypothetical particles called axions could explain why the universe isn’t empty.",in a new paper physicists argue that hypothetical particles called axions could explain why the universe isn t empty,"['in', 'a', 'new', 'paper', 'physicists', 'argue', 'that', 'hypothetical', 'particles', 'called', 'axions', 'could', 'explain', 'why', 'the', 'universe', 'isn', 't', 'empty']","['new', 'paper', 'physicists', 'argue', 'hypothetical', 'particles', 'called', 'axions', 'could', 'explain', 'universe', 'empty']","['new', 'paper', 'physicist', 'argue', 'hypothetical', 'particle', 'called', 'axions', 'could', 'explain', 'universe', 'empty']"
What Is the Geometry of the Universe?,Erica Klarreich,"March 16, 2020","In our mind’s eye, the universe seems to go on forever. But using geometry we can explore a variety of three-dimensional shapes that offer alternatives to “ordinary” infinite space.",mind eye universe seems go forever using geometry explore variety three dimensional shape offer alternative ordinary infinite space,"in our mind’s eye, the universe seems to go on forever. but using geometry we can explore a variety of three-dimensional shapes that offer alternatives to “ordinary” infinite space.",in our mind s eye the universe seems to go on forever but using geometry we can explore a variety of three dimensional shapes that offer alternatives to ordinary infinite space,"['in', 'our', 'mind', 's', 'eye', 'the', 'universe', 'seems', 'to', 'go', 'on', 'forever', 'but', 'using', 'geometry', 'we', 'can', 'explore', 'a', 'variety', 'of', 'three', 'dimensional', 'shapes', 'that', 'offer', 'alternatives', 'to', 'ordinary', 'infinite', 'space']","['mind', 'eye', 'universe', 'seems', 'go', 'forever', 'using', 'geometry', 'explore', 'variety', 'three', 'dimensional', 'shapes', 'offer', 'alternatives', 'ordinary', 'infinite', 'space']","['mind', 'eye', 'universe', 'seems', 'go', 'forever', 'using', 'geometry', 'explore', 'variety', 'three', 'dimensional', 'shape', 'offer', 'alternative', 'ordinary', 'infinite', 'space']"
Ideal Glass Would Explain Why Glass Exists at All,Natalie Wolchover,"March 11, 2020","Glass is anything that’s rigid like a crystal, yet made of disordered molecules like a liquid. To understand why it exists, researchers are attempting to create the perfect, still-hypothetical “ideal glass.”",glass anything rigid like crystal yet made disordered molecule like liquid understand exists researcher attempting create perfect still hypothetical ideal glass,"glass is anything that’s rigid like a crystal, yet made of disordered molecules like a liquid. to understand why it exists, researchers are attempting to create the perfect, still-hypothetical “ideal glass.”",glass is anything that s rigid like a crystal yet made of disordered molecules like a liquid to understand why it exists researchers are attempting to create the perfect still hypothetical ideal glass,"['glass', 'is', 'anything', 'that', 's', 'rigid', 'like', 'a', 'crystal', 'yet', 'made', 'of', 'disordered', 'molecules', 'like', 'a', 'liquid', 'to', 'understand', 'why', 'it', 'exists', 'researchers', 'are', 'attempting', 'to', 'create', 'the', 'perfect', 'still', 'hypothetical', 'ideal', 'glass']","['glass', 'anything', 'rigid', 'like', 'crystal', 'yet', 'made', 'disordered', 'molecules', 'like', 'liquid', 'understand', 'exists', 'researchers', 'attempting', 'create', 'perfect', 'still', 'hypothetical', 'ideal', 'glass']","['glass', 'anything', 'rigid', 'like', 'crystal', 'yet', 'made', 'disordered', 'molecule', 'like', 'liquid', 'understand', 'exists', 'researcher', 'attempting', 'create', 'perfect', 'still', 'hypothetical', 'ideal', 'glass']"
Janna Levin on Seeing and Hearing Black Holes,Steven Strogatz,"March 3, 2020",The astrophysicist Janna Levin describes the fierce scientific beauty she finds in black holes and reveals why she took a major risk early in her career.,astrophysicist janna levin describes fierce scientific beauty find black hole reveals took major risk early career,the astrophysicist janna levin describes the fierce scientific beauty she finds in black holes and reveals why she took a major risk early in her career.,the astrophysicist janna levin describes the fierce scientific beauty she finds in black holes and reveals why she took a major risk early in her career,"['the', 'astrophysicist', 'janna', 'levin', 'describes', 'the', 'fierce', 'scientific', 'beauty', 'she', 'finds', 'in', 'black', 'holes', 'and', 'reveals', 'why', 'she', 'took', 'a', 'major', 'risk', 'early', 'in', 'her', 'career']","['astrophysicist', 'janna', 'levin', 'describes', 'fierce', 'scientific', 'beauty', 'finds', 'black', 'holes', 'reveals', 'took', 'major', 'risk', 'early', 'career']","['astrophysicist', 'janna', 'levin', 'describes', 'fierce', 'scientific', 'beauty', 'find', 'black', 'hole', 'reveals', 'took', 'major', 'risk', 'early', 'career']"
The Man Making Rwanda Into a Hub for Physics,Thomas Lewton,"March 3, 2020","As the founding director of a new institute for fundamental research in Rwanda, the physicist Omololu Akin-Ojo hopes to stem the brain drain of Africa’s brightest minds.",founding director new institute fundamental research rwanda physicist omololu akin ojo hope stem brain drain africa brightest mind,"as the founding director of a new institute for fundamental research in rwanda, the physicist omololu akin-ojo hopes to stem the brain drain of africa’s brightest minds.",as the founding director of a new institute for fundamental research in rwanda the physicist omololu akin ojo hopes to stem the brain drain of africa s brightest minds,"['as', 'the', 'founding', 'director', 'of', 'a', 'new', 'institute', 'for', 'fundamental', 'research', 'in', 'rwanda', 'the', 'physicist', 'omololu', 'akin', 'ojo', 'hopes', 'to', 'stem', 'the', 'brain', 'drain', 'of', 'africa', 's', 'brightest', 'minds']","['founding', 'director', 'new', 'institute', 'fundamental', 'research', 'rwanda', 'physicist', 'omololu', 'akin', 'ojo', 'hopes', 'stem', 'brain', 'drain', 'africa', 'brightest', 'minds']","['founding', 'director', 'new', 'institute', 'fundamental', 'research', 'rwanda', 'physicist', 'omololu', 'akin', 'ojo', 'hope', 'stem', 'brain', 'drain', 'africa', 'brightest', 'mind']"
How the Cosmic Dark Ages Snuffed Out All Light,Dana Najjar,"March 2, 2020",The recent discovery of some of the first galaxies in the universe illuminates the darkest era in cosmic history.,recent discovery first galaxy universe illuminates darkest era cosmic history,the recent discovery of some of the first galaxies in the universe illuminates the darkest era in cosmic history.,the recent discovery of some of the first galaxies in the universe illuminates the darkest era in cosmic history,"['the', 'recent', 'discovery', 'of', 'some', 'of', 'the', 'first', 'galaxies', 'in', 'the', 'universe', 'illuminates', 'the', 'darkest', 'era', 'in', 'cosmic', 'history']","['recent', 'discovery', 'first', 'galaxies', 'universe', 'illuminates', 'darkest', 'era', 'cosmic', 'history']","['recent', 'discovery', 'first', 'galaxy', 'universe', 'illuminates', 'darkest', 'era', 'cosmic', 'history']"
Wormholes Reveal a Way to Manipulate Black Hole Information in the Lab,Philip Ball,"February 27, 2020",A proposal for building wormhole-connected black holes offers a way to probe the paradoxes of quantum information.,proposal building wormhole connected black hole offer way probe paradox quantum information,a proposal for building wormhole-connected black holes offers a way to probe the paradoxes of quantum information.,a proposal for building wormhole connected black holes offers a way to probe the paradoxes of quantum information,"['a', 'proposal', 'for', 'building', 'wormhole', 'connected', 'black', 'holes', 'offers', 'a', 'way', 'to', 'probe', 'the', 'paradoxes', 'of', 'quantum', 'information']","['proposal', 'building', 'wormhole', 'connected', 'black', 'holes', 'offers', 'way', 'probe', 'paradoxes', 'quantum', 'information']","['proposal', 'building', 'wormhole', 'connected', 'black', 'hole', 'offer', 'way', 'probe', 'paradox', 'quantum', 'information']"
New Wrinkle Added to Cosmology’s Hubble Crisis,Natalie Wolchover,"February 26, 2020","A problem confronts cosmology: Two independent measurements of the universe’s expansion give incompatible answers. Now a third method, advanced by an astronomy pioneer, appears to bridge the divide.",problem confronts cosmology two independent measurement universe expansion give incompatible answer third method advanced astronomy pioneer appears bridge divide,"a problem confronts cosmology: two independent measurements of the universe’s expansion give incompatible answers. now a third method, advanced by an astronomy pioneer, appears to bridge the divide.",a problem confronts cosmology two independent measurements of the universe s expansion give incompatible answers now a third method advanced by an astronomy pioneer appears to bridge the divide,"['a', 'problem', 'confronts', 'cosmology', 'two', 'independent', 'measurements', 'of', 'the', 'universe', 's', 'expansion', 'give', 'incompatible', 'answers', 'now', 'a', 'third', 'method', 'advanced', 'by', 'an', 'astronomy', 'pioneer', 'appears', 'to', 'bridge', 'the', 'divide']","['problem', 'confronts', 'cosmology', 'two', 'independent', 'measurements', 'universe', 'expansion', 'give', 'incompatible', 'answers', 'third', 'method', 'advanced', 'astronomy', 'pioneer', 'appears', 'bridge', 'divide']","['problem', 'confronts', 'cosmology', 'two', 'independent', 'measurement', 'universe', 'expansion', 'give', 'incompatible', 'answer', 'third', 'method', 'advanced', 'astronomy', 'pioneer', 'appears', 'bridge', 'divide']"
‘Radical Change’ Needed After Latest Neutron Star Collision,Dana Najjar,"February 20, 2020","A recent neutron star merger has defied astronomers’ expectations, leading them to question longstanding ideas about neutron stars and the supernovas that create them. “We have to go back to the drawing board.”",recent neutron star merger defied astronomer expectation leading question longstanding idea neutron star supernova create go back drawing board,"a recent neutron star merger has defied astronomers’ expectations, leading them to question longstanding ideas about neutron stars and the supernovas that create them. “we have to go back to the drawing board.”",a recent neutron star merger has defied astronomers expectations leading them to question longstanding ideas about neutron stars and the supernovas that create them we have to go back to the drawing board,"['a', 'recent', 'neutron', 'star', 'merger', 'has', 'defied', 'astronomers', 'expectations', 'leading', 'them', 'to', 'question', 'longstanding', 'ideas', 'about', 'neutron', 'stars', 'and', 'the', 'supernovas', 'that', 'create', 'them', 'we', 'have', 'to', 'go', 'back', 'to', 'the', 'drawing', 'board']","['recent', 'neutron', 'star', 'merger', 'defied', 'astronomers', 'expectations', 'leading', 'question', 'longstanding', 'ideas', 'neutron', 'stars', 'supernovas', 'create', 'go', 'back', 'drawing', 'board']","['recent', 'neutron', 'star', 'merger', 'defied', 'astronomer', 'expectation', 'leading', 'question', 'longstanding', 'idea', 'neutron', 'star', 'supernova', 'create', 'go', 'back', 'drawing', 'board']"
New Exoplanet Search Strategy Claims First Discovery,Nola Taylor Tillman,"February 18, 2020","By watching for a special kind of flare, astronomers have identified the fingerprints of an Earth-size planet orbiting a distant star.",watching special kind flare astronomer identified fingerprint earth size planet orbiting distant star,"by watching for a special kind of flare, astronomers have identified the fingerprints of an earth-size planet orbiting a distant star.",by watching for a special kind of flare astronomers have identified the fingerprints of an earth size planet orbiting a distant star,"['by', 'watching', 'for', 'a', 'special', 'kind', 'of', 'flare', 'astronomers', 'have', 'identified', 'the', 'fingerprints', 'of', 'an', 'earth', 'size', 'planet', 'orbiting', 'a', 'distant', 'star']","['watching', 'special', 'kind', 'flare', 'astronomers', 'identified', 'fingerprints', 'earth', 'size', 'planet', 'orbiting', 'distant', 'star']","['watching', 'special', 'kind', 'flare', 'astronomer', 'identified', 'fingerprint', 'earth', 'size', 'planet', 'orbiting', 'distant', 'star']"
Robbert Dijkgraaf on Exploring Quantum Reality,Steven Strogatz,"February 11, 2020",The mathematical physicist Robbert Dijkgraaf and host Steven Strogatz discuss the frontiers of string theory and why space and time might not be the most fundamental things in the universe.,mathematical physicist robbert dijkgraaf host steven strogatz discus frontier string theory space time might not fundamental thing universe,the mathematical physicist robbert dijkgraaf and host steven strogatz discuss the frontiers of string theory and why space and time might not be the most fundamental things in the universe.,the mathematical physicist robbert dijkgraaf and host steven strogatz discuss the frontiers of string theory and why space and time might not be the most fundamental things in the universe,"['the', 'mathematical', 'physicist', 'robbert', 'dijkgraaf', 'and', 'host', 'steven', 'strogatz', 'discuss', 'the', 'frontiers', 'of', 'string', 'theory', 'and', 'why', 'space', 'and', 'time', 'might', 'not', 'be', 'the', 'most', 'fundamental', 'things', 'in', 'the', 'universe']","['mathematical', 'physicist', 'robbert', 'dijkgraaf', 'host', 'steven', 'strogatz', 'discuss', 'frontiers', 'string', 'theory', 'space', 'time', 'might', 'not', 'fundamental', 'things', 'universe']","['mathematical', 'physicist', 'robbert', 'dijkgraaf', 'host', 'steven', 'strogatz', 'discus', 'frontier', 'string', 'theory', 'space', 'time', 'might', 'not', 'fundamental', 'thing', 'universe']"
The Grand Unified Theory of Rogue Waves,Charlie Wood,"February 5, 2020",Rogue waves — enigmatic giants of the sea — were thought to be caused by two different mechanisms. But a new idea that borrows from the hinterlands of probability theory has the potential to predict them all.,rogue wave enigmatic giant sea thought caused two different mechanism new idea borrows hinterland probability theory potential predict,rogue waves — enigmatic giants of the sea — were thought to be caused by two different mechanisms. but a new idea that borrows from the hinterlands of probability theory has the potential to predict them all.,rogue waves enigmatic giants of the sea were thought to be caused by two different mechanisms but a new idea that borrows from the hinterlands of probability theory has the potential to predict them all,"['rogue', 'waves', 'enigmatic', 'giants', 'of', 'the', 'sea', 'were', 'thought', 'to', 'be', 'caused', 'by', 'two', 'different', 'mechanisms', 'but', 'a', 'new', 'idea', 'that', 'borrows', 'from', 'the', 'hinterlands', 'of', 'probability', 'theory', 'has', 'the', 'potential', 'to', 'predict', 'them', 'all']","['rogue', 'waves', 'enigmatic', 'giants', 'sea', 'thought', 'caused', 'two', 'different', 'mechanisms', 'new', 'idea', 'borrows', 'hinterlands', 'probability', 'theory', 'potential', 'predict']","['rogue', 'wave', 'enigmatic', 'giant', 'sea', 'thought', 'caused', 'two', 'different', 'mechanism', 'new', 'idea', 'borrows', 'hinterland', 'probability', 'theory', 'potential', 'predict']"
The Age of Interstellar Visitors,Michele Bannister,"January 29, 2020","As astronomers get better at finding the comets and asteroids of other stars, they’ll learn more about the universe and our place in it.",astronomer get better finding comet asteroid star learn universe place,"as astronomers get better at finding the comets and asteroids of other stars, they’ll learn more about the universe and our place in it.",as astronomers get better at finding the comets and asteroids of other stars they ll learn more about the universe and our place in it,"['as', 'astronomers', 'get', 'better', 'at', 'finding', 'the', 'comets', 'and', 'asteroids', 'of', 'other', 'stars', 'they', 'll', 'learn', 'more', 'about', 'the', 'universe', 'and', 'our', 'place', 'in', 'it']","['astronomers', 'get', 'better', 'finding', 'comets', 'asteroids', 'stars', 'learn', 'universe', 'place']","['astronomer', 'get', 'better', 'finding', 'comet', 'asteroid', 'star', 'learn', 'universe', 'place']"
How Ancient Light Reveals the Universe’s Contents,Charlie Wood,"January 28, 2020","A photograph of the infant cosmos reveals the precise amounts of dark matter and dark energy in the universe, leaving precious little room for argument.",photograph infant cosmos reveals precise amount dark matter dark energy universe leaving precious little room argument,"a photograph of the infant cosmos reveals the precise amounts of dark matter and dark energy in the universe, leaving precious little room for argument.",a photograph of the infant cosmos reveals the precise amounts of dark matter and dark energy in the universe leaving precious little room for argument,"['a', 'photograph', 'of', 'the', 'infant', 'cosmos', 'reveals', 'the', 'precise', 'amounts', 'of', 'dark', 'matter', 'and', 'dark', 'energy', 'in', 'the', 'universe', 'leaving', 'precious', 'little', 'room', 'for', 'argument']","['photograph', 'infant', 'cosmos', 'reveals', 'precise', 'amounts', 'dark', 'matter', 'dark', 'energy', 'universe', 'leaving', 'precious', 'little', 'room', 'argument']","['photograph', 'infant', 'cosmos', 'reveals', 'precise', 'amount', 'dark', 'matter', 'dark', 'energy', 'universe', 'leaving', 'precious', 'little', 'room', 'argument']"
Priya Natarajan on Black Holes and Mapping the Universe,Steven Strogatz,"January 22, 2020","In this episode, Priya Natarajan, professor of astronomy and physics at Yale University, speaks with Steven Strogatz about her lifelong fascinations, including black holes, mapping the universe and early personal computers.",episode priya natarajan professor astronomy physic yale university speaks steven strogatz lifelong fascination including black hole mapping universe early personal computer,"in this episode, priya natarajan, professor of astronomy and physics at yale university, speaks with steven strogatz about her lifelong fascinations, including black holes, mapping the universe and early personal computers.",in this episode priya natarajan professor of astronomy and physics at yale university speaks with steven strogatz about her lifelong fascinations including black holes mapping the universe and early personal computers,"['in', 'this', 'episode', 'priya', 'natarajan', 'professor', 'of', 'astronomy', 'and', 'physics', 'at', 'yale', 'university', 'speaks', 'with', 'steven', 'strogatz', 'about', 'her', 'lifelong', 'fascinations', 'including', 'black', 'holes', 'mapping', 'the', 'universe', 'and', 'early', 'personal', 'computers']","['episode', 'priya', 'natarajan', 'professor', 'astronomy', 'physics', 'yale', 'university', 'speaks', 'steven', 'strogatz', 'lifelong', 'fascinations', 'including', 'black', 'holes', 'mapping', 'universe', 'early', 'personal', 'computers']","['episode', 'priya', 'natarajan', 'professor', 'astronomy', 'physic', 'yale', 'university', 'speaks', 'steven', 'strogatz', 'lifelong', 'fascination', 'including', 'black', 'hole', 'mapping', 'universe', 'early', 'personal', 'computer']"
The Voyage to the End of Ice,Shannon Hall,"January 16, 2020","Summer sea ice could vanish later this decade, with disastrous consequences. It all depends on the physics of ice.",summer sea ice could vanish later decade disastrous consequence depends physic ice,"summer sea ice could vanish later this decade, with disastrous consequences. it all depends on the physics of ice.",summer sea ice could vanish later this decade with disastrous consequences it all depends on the physics of ice,"['summer', 'sea', 'ice', 'could', 'vanish', 'later', 'this', 'decade', 'with', 'disastrous', 'consequences', 'it', 'all', 'depends', 'on', 'the', 'physics', 'of', 'ice']","['summer', 'sea', 'ice', 'could', 'vanish', 'later', 'decade', 'disastrous', 'consequences', 'depends', 'physics', 'ice']","['summer', 'sea', 'ice', 'could', 'vanish', 'later', 'decade', 'disastrous', 'consequence', 'depends', 'physic', 'ice']"
Why I’m HostingThe Joy of xPodcast,Steven Strogatz,"January 15, 2020",The noted mathematician and author Steven Strogatz explains why he wanted to share intimate conversations with leading researchers from diverse fields in his new podcast.,noted mathematician author steven strogatz explains wanted share intimate conversation leading researcher diverse field new podcast,the noted mathematician and author steven strogatz explains why he wanted to share intimate conversations with leading researchers from diverse fields in his new podcast.,the noted mathematician and author steven strogatz explains why he wanted to share intimate conversations with leading researchers from diverse fields in his new podcast,"['the', 'noted', 'mathematician', 'and', 'author', 'steven', 'strogatz', 'explains', 'why', 'he', 'wanted', 'to', 'share', 'intimate', 'conversations', 'with', 'leading', 'researchers', 'from', 'diverse', 'fields', 'in', 'his', 'new', 'podcast']","['noted', 'mathematician', 'author', 'steven', 'strogatz', 'explains', 'wanted', 'share', 'intimate', 'conversations', 'leading', 'researchers', 'diverse', 'fields', 'new', 'podcast']","['noted', 'mathematician', 'author', 'steven', 'strogatz', 'explains', 'wanted', 'share', 'intimate', 'conversation', 'leading', 'researcher', 'diverse', 'field', 'new', 'podcast']"
An Idea From Physics Helps AI See in Higher Dimensions,John Pavlus,"January 9, 2020",The laws of physics stay the same no matter one’s perspective. Now this idea is allowing computers to detect features in curved and higher-dimensional space.,law physic stay no matter one perspective idea allowing computer detect feature curved higher dimensional space,the laws of physics stay the same no matter one’s perspective. now this idea is allowing computers to detect features in curved and higher-dimensional space.,the laws of physics stay the same no matter one s perspective now this idea is allowing computers to detect features in curved and higher dimensional space,"['the', 'laws', 'of', 'physics', 'stay', 'the', 'same', 'no', 'matter', 'one', 's', 'perspective', 'now', 'this', 'idea', 'is', 'allowing', 'computers', 'to', 'detect', 'features', 'in', 'curved', 'and', 'higher', 'dimensional', 'space']","['laws', 'physics', 'stay', 'no', 'matter', 'one', 'perspective', 'idea', 'allowing', 'computers', 'detect', 'features', 'curved', 'higher', 'dimensional', 'space']","['law', 'physic', 'stay', 'no', 'matter', 'one', 'perspective', 'idea', 'allowing', 'computer', 'detect', 'feature', 'curved', 'higher', 'dimensional', 'space']"
Continents of the Underworld Come Into Focus,Joshua Sokol,"January 7, 2020",Giant blobs nestled deep in the Earth may influence everything from the structure of island chains to mass-extinction events.,giant blob nestled deep earth may influence everything structure island chain mass extinction event,giant blobs nestled deep in the earth may influence everything from the structure of island chains to mass-extinction events.,giant blobs nestled deep in the earth may influence everything from the structure of island chains to mass extinction events,"['giant', 'blobs', 'nestled', 'deep', 'in', 'the', 'earth', 'may', 'influence', 'everything', 'from', 'the', 'structure', 'of', 'island', 'chains', 'to', 'mass', 'extinction', 'events']","['giant', 'blobs', 'nestled', 'deep', 'earth', 'may', 'influence', 'everything', 'structure', 'island', 'chains', 'mass', 'extinction', 'events']","['giant', 'blob', 'nestled', 'deep', 'earth', 'may', 'influence', 'everything', 'structure', 'island', 'chain', 'mass', 'extinction', 'event']"
Toward a Grand Unified Theory of Snowflakes,Rebecca Boyle,"December 19, 2019",Snow crystals come in two main types. The “pope” of snowflake physics has a new theory that explains why.,snow crystal come two main type pope snowflake physic new theory explains,snow crystals come in two main types. the “pope” of snowflake physics has a new theory that explains why.,snow crystals come in two main types the pope of snowflake physics has a new theory that explains why,"['snow', 'crystals', 'come', 'in', 'two', 'main', 'types', 'the', 'pope', 'of', 'snowflake', 'physics', 'has', 'a', 'new', 'theory', 'that', 'explains', 'why']","['snow', 'crystals', 'come', 'two', 'main', 'types', 'pope', 'snowflake', 'physics', 'new', 'theory', 'explains']","['snow', 'crystal', 'come', 'two', 'main', 'type', 'pope', 'snowflake', 'physic', 'new', 'theory', 'explains']"
Famous Fluid Equations Spring a Leak,Kevin Hartnett,"December 18, 2019",Researchers have spent centuries looking for a scenario in which the Euler fluid equations fail. Now a mathematician has finally found one.,researcher spent century looking scenario euler fluid equation fail mathematician finally found one,researchers have spent centuries looking for a scenario in which the euler fluid equations fail. now a mathematician has finally found one.,researchers have spent centuries looking for a scenario in which the euler fluid equations fail now a mathematician has finally found one,"['researchers', 'have', 'spent', 'centuries', 'looking', 'for', 'a', 'scenario', 'in', 'which', 'the', 'euler', 'fluid', 'equations', 'fail', 'now', 'a', 'mathematician', 'has', 'finally', 'found', 'one']","['researchers', 'spent', 'centuries', 'looking', 'scenario', 'euler', 'fluid', 'equations', 'fail', 'mathematician', 'finally', 'found', 'one']","['researcher', 'spent', 'century', 'looking', 'scenario', 'euler', 'fluid', 'equation', 'fail', 'mathematician', 'finally', 'found', 'one']"
"No Dark Energy? No Chance, Cosmologists Contend",Natalie Wolchover,"December 17, 2019",A study challenged the evidence for the mysterious antigravitational force known as dark energy. Then cosmologists shot back.,study challenged evidence mysterious antigravitational force known dark energy cosmologist shot back,a study challenged the evidence for the mysterious antigravitational force known as dark energy. then cosmologists shot back.,a study challenged the evidence for the mysterious antigravitational force known as dark energy then cosmologists shot back,"['a', 'study', 'challenged', 'the', 'evidence', 'for', 'the', 'mysterious', 'antigravitational', 'force', 'known', 'as', 'dark', 'energy', 'then', 'cosmologists', 'shot', 'back']","['study', 'challenged', 'evidence', 'mysterious', 'antigravitational', 'force', 'known', 'dark', 'energy', 'cosmologists', 'shot', 'back']","['study', 'challenged', 'evidence', 'mysterious', 'antigravitational', 'force', 'known', 'dark', 'energy', 'cosmologist', 'shot', 'back']"
Astronomers Find Black Holes Stirring Up the Biggest Galaxies,Charlie Wood,"December 12, 2019","After a space telescope disintegrated, astrophysicists had little hope of understanding how supermassive black holes agitate giant galaxies. Then they invented a hack.",space telescope disintegrated astrophysicist little hope understanding supermassive black hole agitate giant galaxy invented hack,"after a space telescope disintegrated, astrophysicists had little hope of understanding how supermassive black holes agitate giant galaxies. then they invented a hack.",after a space telescope disintegrated astrophysicists had little hope of understanding how supermassive black holes agitate giant galaxies then they invented a hack,"['after', 'a', 'space', 'telescope', 'disintegrated', 'astrophysicists', 'had', 'little', 'hope', 'of', 'understanding', 'how', 'supermassive', 'black', 'holes', 'agitate', 'giant', 'galaxies', 'then', 'they', 'invented', 'a', 'hack']","['space', 'telescope', 'disintegrated', 'astrophysicists', 'little', 'hope', 'understanding', 'supermassive', 'black', 'holes', 'agitate', 'giant', 'galaxies', 'invented', 'hack']","['space', 'telescope', 'disintegrated', 'astrophysicist', 'little', 'hope', 'understanding', 'supermassive', 'black', 'hole', 'agitate', 'giant', 'galaxy', 'invented', 'hack']"
Why the Laws of Physics Are Inevitable,Natalie Wolchover,"December 9, 2019","By considering simple symmetries, physicists working on the “bootstrap” can rediscover the basic form of the known forces that shape the universe.",considering simple symmetry physicist working bootstrap rediscover basic form known force shape universe,"by considering simple symmetries, physicists working on the “bootstrap” can rediscover the basic form of the known forces that shape the universe.",by considering simple symmetries physicists working on the bootstrap can rediscover the basic form of the known forces that shape the universe,"['by', 'considering', 'simple', 'symmetries', 'physicists', 'working', 'on', 'the', 'bootstrap', 'can', 'rediscover', 'the', 'basic', 'form', 'of', 'the', 'known', 'forces', 'that', 'shape', 'the', 'universe']","['considering', 'simple', 'symmetries', 'physicists', 'working', 'bootstrap', 'rediscover', 'basic', 'form', 'known', 'forces', 'shape', 'universe']","['considering', 'simple', 'symmetry', 'physicist', 'working', 'bootstrap', 'rediscover', 'basic', 'form', 'known', 'force', 'shape', 'universe']"
Black Hole Singularities Are as Inescapable as Expected,Steve Nadis,"December 2, 2019","For the first time, physicists have calculated exactly what kind of singularity lies at the center of a realistic black hole.",first time physicist calculated exactly kind singularity lie center realistic black hole,"for the first time, physicists have calculated exactly what kind of singularity lies at the center of a realistic black hole.",for the first time physicists have calculated exactly what kind of singularity lies at the center of a realistic black hole,"['for', 'the', 'first', 'time', 'physicists', 'have', 'calculated', 'exactly', 'what', 'kind', 'of', 'singularity', 'lies', 'at', 'the', 'center', 'of', 'a', 'realistic', 'black', 'hole']","['first', 'time', 'physicists', 'calculated', 'exactly', 'kind', 'singularity', 'lies', 'center', 'realistic', 'black', 'hole']","['first', 'time', 'physicist', 'calculated', 'exactly', 'kind', 'singularity', 'lie', 'center', 'realistic', 'black', 'hole']"
Top Dark Matter Candidate Loses Ground to Tiniest Competitor,Charlie Wood,"November 27, 2019","Physicists have long searched for hypothesized dark matter particles called WIMPs. Now, focus may be shifting to the axion — an ultra-lightweight particle whose existence would solve two mysteries at once.",physicist long searched hypothesized dark matter particle called wimp focus may shifting axion ultra lightweight particle whose existence would solve two mystery,"physicists have long searched for hypothesized dark matter particles called wimps. now, focus may be shifting to the axion — an ultra-lightweight particle whose existence would solve two mysteries at once.",physicists have long searched for hypothesized dark matter particles called wimps now focus may be shifting to the axion an ultra lightweight particle whose existence would solve two mysteries at once,"['physicists', 'have', 'long', 'searched', 'for', 'hypothesized', 'dark', 'matter', 'particles', 'called', 'wimps', 'now', 'focus', 'may', 'be', 'shifting', 'to', 'the', 'axion', 'an', 'ultra', 'lightweight', 'particle', 'whose', 'existence', 'would', 'solve', 'two', 'mysteries', 'at', 'once']","['physicists', 'long', 'searched', 'hypothesized', 'dark', 'matter', 'particles', 'called', 'wimps', 'focus', 'may', 'shifting', 'axion', 'ultra', 'lightweight', 'particle', 'whose', 'existence', 'would', 'solve', 'two', 'mysteries']","['physicist', 'long', 'searched', 'hypothesized', 'dark', 'matter', 'particle', 'called', 'wimp', 'focus', 'may', 'shifting', 'axion', 'ultra', 'lightweight', 'particle', 'whose', 'existence', 'would', 'solve', 'two', 'mystery']"
Solution: ‘Randomness From Determinism’,Pradeep Mutalik,"November 22, 2019",Readers’ modifications of a bean machine showed how deterministic laws are capable of producing random-seeming behavior.,reader modification bean machine showed deterministic law capable producing random seeming behavior,readers’ modifications of a bean machine showed how deterministic laws are capable of producing random-seeming behavior.,readers modifications of a bean machine showed how deterministic laws are capable of producing random seeming behavior,"['readers', 'modifications', 'of', 'a', 'bean', 'machine', 'showed', 'how', 'deterministic', 'laws', 'are', 'capable', 'of', 'producing', 'random', 'seeming', 'behavior']","['readers', 'modifications', 'bean', 'machine', 'showed', 'deterministic', 'laws', 'capable', 'producing', 'random', 'seeming', 'behavior']","['reader', 'modification', 'bean', 'machine', 'showed', 'deterministic', 'law', 'capable', 'producing', 'random', 'seeming', 'behavior']"
Are Saturn’s Rings Really as Young as the Dinosaurs?,Robin George Andrews,"November 21, 2019",A surprisingly youthful estimate of the age of the rings has stirred a backlash.,surprisingly youthful estimate age ring stirred backlash,a surprisingly youthful estimate of the age of the rings has stirred a backlash.,a surprisingly youthful estimate of the age of the rings has stirred a backlash,"['a', 'surprisingly', 'youthful', 'estimate', 'of', 'the', 'age', 'of', 'the', 'rings', 'has', 'stirred', 'a', 'backlash']","['surprisingly', 'youthful', 'estimate', 'age', 'rings', 'stirred', 'backlash']","['surprisingly', 'youthful', 'estimate', 'age', 'ring', 'stirred', 'backlash']"
Hologram Within a Hologram Hints at Fate of Black Holes,Charlie Wood,"November 19, 2019",Calculations involving a higher dimension are guiding physicists toward a misstep in Stephen Hawking’s legendary black hole analysis.,calculation involving higher dimension guiding physicist toward misstep stephen hawking legendary black hole analysis,calculations involving a higher dimension are guiding physicists toward a misstep in stephen hawking’s legendary black hole analysis.,calculations involving a higher dimension are guiding physicists toward a misstep in stephen hawking s legendary black hole analysis,"['calculations', 'involving', 'a', 'higher', 'dimension', 'are', 'guiding', 'physicists', 'toward', 'a', 'misstep', 'in', 'stephen', 'hawking', 's', 'legendary', 'black', 'hole', 'analysis']","['calculations', 'involving', 'higher', 'dimension', 'guiding', 'physicists', 'toward', 'misstep', 'stephen', 'hawking', 'legendary', 'black', 'hole', 'analysis']","['calculation', 'involving', 'higher', 'dimension', 'guiding', 'physicist', 'toward', 'misstep', 'stephen', 'hawking', 'legendary', 'black', 'hole', 'analysis']"
Neutrinos Lead to Unexpected Discovery in Basic Math,Natalie Wolchover,"November 13, 2019",Three physicists stumbled across an unexpected relationship between some of the most ubiquitous objects in math.,three physicist stumbled across unexpected relationship ubiquitous object math,three physicists stumbled across an unexpected relationship between some of the most ubiquitous objects in math.,three physicists stumbled across an unexpected relationship between some of the most ubiquitous objects in math,"['three', 'physicists', 'stumbled', 'across', 'an', 'unexpected', 'relationship', 'between', 'some', 'of', 'the', 'most', 'ubiquitous', 'objects', 'in', 'math']","['three', 'physicists', 'stumbled', 'across', 'unexpected', 'relationship', 'ubiquitous', 'objects', 'math']","['three', 'physicist', 'stumbled', 'across', 'unexpected', 'relationship', 'ubiquitous', 'object', 'math']"
Virginia Trimble Has Seen the Stars,Elizabeth Landau,"November 11, 2019","How a young celebrity became one of the first female astronomers at Caltech, befriended Richard Feynman, and ended up the world’s foremost chronicler of the science of the night sky.",young celebrity became one first female astronomer caltech befriended richard feynman ended world foremost chronicler science night sky,"how a young celebrity became one of the first female astronomers at caltech, befriended richard feynman, and ended up the world’s foremost chronicler of the science of the night sky.",how a young celebrity became one of the first female astronomers at caltech befriended richard feynman and ended up the world s foremost chronicler of the science of the night sky,"['how', 'a', 'young', 'celebrity', 'became', 'one', 'of', 'the', 'first', 'female', 'astronomers', 'at', 'caltech', 'befriended', 'richard', 'feynman', 'and', 'ended', 'up', 'the', 'world', 's', 'foremost', 'chronicler', 'of', 'the', 'science', 'of', 'the', 'night', 'sky']","['young', 'celebrity', 'became', 'one', 'first', 'female', 'astronomers', 'caltech', 'befriended', 'richard', 'feynman', 'ended', 'world', 'foremost', 'chronicler', 'science', 'night', 'sky']","['young', 'celebrity', 'became', 'one', 'first', 'female', 'astronomer', 'caltech', 'befriended', 'richard', 'feynman', 'ended', 'world', 'foremost', 'chronicler', 'science', 'night', 'sky']"
What Shape Is the Universe? A New Study Suggests We’ve Got It All Wrong,Natalie Wolchover,"November 4, 2019",Most every cosmologist believes the universe is flat. A new analysis argues that it’s closed.,every cosmologist belief universe flat new analysis argues closed,most every cosmologist believes the universe is flat. a new analysis argues that it’s closed.,most every cosmologist believes the universe is flat a new analysis argues that it s closed,"['most', 'every', 'cosmologist', 'believes', 'the', 'universe', 'is', 'flat', 'a', 'new', 'analysis', 'argues', 'that', 'it', 's', 'closed']","['every', 'cosmologist', 'believes', 'universe', 'flat', 'new', 'analysis', 'argues', 'closed']","['every', 'cosmologist', 'belief', 'universe', 'flat', 'new', 'analysis', 'argues', 'closed']"
Cosmic Triangles Open a Window to the Origin of Time,Natalie Wolchover,"October 29, 2019",A close look at fundamental symmetries has exposed hidden patterns in the universe. Physicists think that those same symmetries may also reveal time’s original secret.,close look fundamental symmetry exposed hidden pattern universe physicist think symmetry may also reveal time original secret,a close look at fundamental symmetries has exposed hidden patterns in the universe. physicists think that those same symmetries may also reveal time’s original secret.,a close look at fundamental symmetries has exposed hidden patterns in the universe physicists think that those same symmetries may also reveal time s original secret,"['a', 'close', 'look', 'at', 'fundamental', 'symmetries', 'has', 'exposed', 'hidden', 'patterns', 'in', 'the', 'universe', 'physicists', 'think', 'that', 'those', 'same', 'symmetries', 'may', 'also', 'reveal', 'time', 's', 'original', 'secret']","['close', 'look', 'fundamental', 'symmetries', 'exposed', 'hidden', 'patterns', 'universe', 'physicists', 'think', 'symmetries', 'may', 'also', 'reveal', 'time', 'original', 'secret']","['close', 'look', 'fundamental', 'symmetry', 'exposed', 'hidden', 'pattern', 'universe', 'physicist', 'think', 'symmetry', 'may', 'also', 'reveal', 'time', 'original', 'secret']"
The Most-Magnetic Objects in the Universe Attract New Controversy,Erika K. Carlson,"October 28, 2019",How do magnetars get so magnetic? A study of stellar explosions shows that the long-accepted theory might be wrong.,magnetars get magnetic study stellar explosion show long accepted theory might wrong,how do magnetars get so magnetic? a study of stellar explosions shows that the long-accepted theory might be wrong.,how do magnetars get so magnetic a study of stellar explosions shows that the long accepted theory might be wrong,"['how', 'do', 'magnetars', 'get', 'so', 'magnetic', 'a', 'study', 'of', 'stellar', 'explosions', 'shows', 'that', 'the', 'long', 'accepted', 'theory', 'might', 'be', 'wrong']","['magnetars', 'get', 'magnetic', 'study', 'stellar', 'explosions', 'shows', 'long', 'accepted', 'theory', 'might', 'wrong']","['magnetars', 'get', 'magnetic', 'study', 'stellar', 'explosion', 'show', 'long', 'accepted', 'theory', 'might', 'wrong']"
How the Neutrino’s Tiny Mass Could Help Solve Big Mysteries,Marcus Woo,"October 15, 2019","The KATRIN experiment is closing in on the mass of the neutrino, which could point to new laws of particle physics and shape theories of cosmology.",katrin experiment closing mass neutrino could point new law particle physic shape theory cosmology,"the katrin experiment is closing in on the mass of the neutrino, which could point to new laws of particle physics and shape theories of cosmology.",the katrin experiment is closing in on the mass of the neutrino which could point to new laws of particle physics and shape theories of cosmology,"['the', 'katrin', 'experiment', 'is', 'closing', 'in', 'on', 'the', 'mass', 'of', 'the', 'neutrino', 'which', 'could', 'point', 'to', 'new', 'laws', 'of', 'particle', 'physics', 'and', 'shape', 'theories', 'of', 'cosmology']","['katrin', 'experiment', 'closing', 'mass', 'neutrino', 'could', 'point', 'new', 'laws', 'particle', 'physics', 'shape', 'theories', 'cosmology']","['katrin', 'experiment', 'closing', 'mass', 'neutrino', 'could', 'point', 'new', 'law', 'particle', 'physic', 'shape', 'theory', 'cosmology']"
How Randomness Can Arise From Determinism,Pradeep Mutalik,"October 14, 2019","Playing with a simple bean machine illustrates how deterministic laws can produce probabilistic, random-seeming behavior.",playing simple bean machine illustrates deterministic law produce probabilistic random seeming behavior,"playing with a simple bean machine illustrates how deterministic laws can produce probabilistic, random-seeming behavior.",playing with a simple bean machine illustrates how deterministic laws can produce probabilistic random seeming behavior,"['playing', 'with', 'a', 'simple', 'bean', 'machine', 'illustrates', 'how', 'deterministic', 'laws', 'can', 'produce', 'probabilistic', 'random', 'seeming', 'behavior']","['playing', 'simple', 'bean', 'machine', 'illustrates', 'deterministic', 'laws', 'produce', 'probabilistic', 'random', 'seeming', 'behavior']","['playing', 'simple', 'bean', 'machine', 'illustrates', 'deterministic', 'law', 'produce', 'probabilistic', 'random', 'seeming', 'behavior']"
Nobel Awarded for Lithium-Ion Batteries and Portable Power,Jordana Cepelewicz,"October 9, 2019","John Goodenough, M. Stanley Whittingham and Akira Yoshino shared the 2019 Nobel Prize in Chemistry for developing lithium-ion batteries, ""the hidden workhorses of the mobile era.""",john goodenough stanley whittingham akira yoshino shared nobel prize chemistry developing lithium ion battery hidden workhorse mobile era,"john goodenough, m. stanley whittingham and akira yoshino shared the 2019 nobel prize in chemistry for developing lithium-ion batteries, ""the hidden workhorses of the mobile era.""",john goodenough m stanley whittingham and akira yoshino shared the nobel prize in chemistry for developing lithium ion batteries the hidden workhorses of the mobile era,"['john', 'goodenough', 'm', 'stanley', 'whittingham', 'and', 'akira', 'yoshino', 'shared', 'the', 'nobel', 'prize', 'in', 'chemistry', 'for', 'developing', 'lithium', 'ion', 'batteries', 'the', 'hidden', 'workhorses', 'of', 'the', 'mobile', 'era']","['john', 'goodenough', 'stanley', 'whittingham', 'akira', 'yoshino', 'shared', 'nobel', 'prize', 'chemistry', 'developing', 'lithium', 'ion', 'batteries', 'hidden', 'workhorses', 'mobile', 'era']","['john', 'goodenough', 'stanley', 'whittingham', 'akira', 'yoshino', 'shared', 'nobel', 'prize', 'chemistry', 'developing', 'lithium', 'ion', 'battery', 'hidden', 'workhorse', 'mobile', 'era']"
Physics Nobel Honors Early Universe and Exoplanet Discoveries,Michael Moyer,"October 8, 2019",The astronomers Michel Mayor and Didier Queloz won half of the prize for their 1995 discovery of a Jupiter-like planet orbiting a nearby star. The cosmologist James Peebles won the other half for work exploring the structure of the universe.,astronomer michel mayor didier queloz half prize discovery jupiter like planet orbiting nearby star cosmologist james peebles half work exploring structure universe,the astronomers michel mayor and didier queloz won half of the prize for their 1995 discovery of a jupiter-like planet orbiting a nearby star. the cosmologist james peebles won the other half for work exploring the structure of the universe.,the astronomers michel mayor and didier queloz won half of the prize for their discovery of a jupiter like planet orbiting a nearby star the cosmologist james peebles won the other half for work exploring the structure of the universe,"['the', 'astronomers', 'michel', 'mayor', 'and', 'didier', 'queloz', 'won', 'half', 'of', 'the', 'prize', 'for', 'their', 'discovery', 'of', 'a', 'jupiter', 'like', 'planet', 'orbiting', 'a', 'nearby', 'star', 'the', 'cosmologist', 'james', 'peebles', 'won', 'the', 'other', 'half', 'for', 'work', 'exploring', 'the', 'structure', 'of', 'the', 'universe']","['astronomers', 'michel', 'mayor', 'didier', 'queloz', 'half', 'prize', 'discovery', 'jupiter', 'like', 'planet', 'orbiting', 'nearby', 'star', 'cosmologist', 'james', 'peebles', 'half', 'work', 'exploring', 'structure', 'universe']","['astronomer', 'michel', 'mayor', 'didier', 'queloz', 'half', 'prize', 'discovery', 'jupiter', 'like', 'planet', 'orbiting', 'nearby', 'star', 'cosmologist', 'james', 'peebles', 'half', 'work', 'exploring', 'structure', 'universe']"
Artificial Intelligence Takes On Earthquake Prediction,Ashley Smart,"September 19, 2019","After successfully predicting laboratory earthquakes, a team of geophysicists has applied a machine learning algorithm to quakes in the Pacific Northwest.",successfully predicting laboratory earthquake team geophysicist applied machine learning algorithm quake pacific northwest,"after successfully predicting laboratory earthquakes, a team of geophysicists has applied a machine learning algorithm to quakes in the pacific northwest.",after successfully predicting laboratory earthquakes a team of geophysicists has applied a machine learning algorithm to quakes in the pacific northwest,"['after', 'successfully', 'predicting', 'laboratory', 'earthquakes', 'a', 'team', 'of', 'geophysicists', 'has', 'applied', 'a', 'machine', 'learning', 'algorithm', 'to', 'quakes', 'in', 'the', 'pacific', 'northwest']","['successfully', 'predicting', 'laboratory', 'earthquakes', 'team', 'geophysicists', 'applied', 'machine', 'learning', 'algorithm', 'quakes', 'pacific', 'northwest']","['successfully', 'predicting', 'laboratory', 'earthquake', 'team', 'geophysicist', 'applied', 'machine', 'learning', 'algorithm', 'quake', 'pacific', 'northwest']"
Long-Lived Stellar Blast Kindles Hope of a Supernova We’ve Never Seen Before,Robin George Andrews,"September 12, 2019","A giant star’s death throes may offer the first evidence of a pair-instability supernova, and a glimpse of the first stars in the universe.",giant star death throe may offer first evidence pair instability supernova glimpse first star universe,"a giant star’s death throes may offer the first evidence of a pair-instability supernova, and a glimpse of the first stars in the universe.",a giant star s death throes may offer the first evidence of a pair instability supernova and a glimpse of the first stars in the universe,"['a', 'giant', 'star', 's', 'death', 'throes', 'may', 'offer', 'the', 'first', 'evidence', 'of', 'a', 'pair', 'instability', 'supernova', 'and', 'a', 'glimpse', 'of', 'the', 'first', 'stars', 'in', 'the', 'universe']","['giant', 'star', 'death', 'throes', 'may', 'offer', 'first', 'evidence', 'pair', 'instability', 'supernova', 'glimpse', 'first', 'stars', 'universe']","['giant', 'star', 'death', 'throe', 'may', 'offer', 'first', 'evidence', 'pair', 'instability', 'supernova', 'glimpse', 'first', 'star', 'universe']"
"Physicists Finally Nail the Proton’s Size, and Hope Dies",Natalie Wolchover,"September 11, 2019",A new measurement appears to have eliminated an anomaly that had captivated physicists for nearly a decade.,new measurement appears eliminated anomaly captivated physicist nearly decade,a new measurement appears to have eliminated an anomaly that had captivated physicists for nearly a decade.,a new measurement appears to have eliminated an anomaly that had captivated physicists for nearly a decade,"['a', 'new', 'measurement', 'appears', 'to', 'have', 'eliminated', 'an', 'anomaly', 'that', 'had', 'captivated', 'physicists', 'for', 'nearly', 'a', 'decade']","['new', 'measurement', 'appears', 'eliminated', 'anomaly', 'captivated', 'physicists', 'nearly', 'decade']","['new', 'measurement', 'appears', 'eliminated', 'anomaly', 'captivated', 'physicist', 'nearly', 'decade']"
Where Quantum Probability Comes From,Sean Carroll,"September 9, 2019",There are many different ways to think about probability. Quantum mechanics embodies them all.,many different way think probability quantum mechanic embodies,there are many different ways to think about probability. quantum mechanics embodies them all.,there are many different ways to think about probability quantum mechanics embodies them all,"['there', 'are', 'many', 'different', 'ways', 'to', 'think', 'about', 'probability', 'quantum', 'mechanics', 'embodies', 'them', 'all']","['many', 'different', 'ways', 'think', 'probability', 'quantum', 'mechanics', 'embodies']","['many', 'different', 'way', 'think', 'probability', 'quantum', 'mechanic', 'embodies']"
Are We All Wrong About Black Holes?,Brendan Z. Foster,"September 5, 2019","Since the 1970s, physicists have described black holes using borrowed versions of the laws of thermodynamics. But are black holes really thermodynamic systems? Craig Callender worries that the analogy has been stretched too far.",since physicist described black hole using borrowed version law thermodynamics black hole really thermodynamic system craig callender worry analogy stretched far,"since the 1970s, physicists have described black holes using borrowed versions of the laws of thermodynamics. but are black holes really thermodynamic systems? craig callender worries that the analogy has been stretched too far.",since the s physicists have described black holes using borrowed versions of the laws of thermodynamics but are black holes really thermodynamic systems craig callender worries that the analogy has been stretched too far,"['since', 'the', 's', 'physicists', 'have', 'described', 'black', 'holes', 'using', 'borrowed', 'versions', 'of', 'the', 'laws', 'of', 'thermodynamics', 'but', 'are', 'black', 'holes', 'really', 'thermodynamic', 'systems', 'craig', 'callender', 'worries', 'that', 'the', 'analogy', 'has', 'been', 'stretched', 'too', 'far']","['since', 'physicists', 'described', 'black', 'holes', 'using', 'borrowed', 'versions', 'laws', 'thermodynamics', 'black', 'holes', 'really', 'thermodynamic', 'systems', 'craig', 'callender', 'worries', 'analogy', 'stretched', 'far']","['since', 'physicist', 'described', 'black', 'hole', 'using', 'borrowed', 'version', 'law', 'thermodynamics', 'black', 'hole', 'really', 'thermodynamic', 'system', 'craig', 'callender', 'worry', 'analogy', 'stretched', 'far']"
Strange Metal-like Bonds Discovered in Customized Crystals,Erika K. Carlson,"September 3, 2019","While studying materials made from DNA-coated nanoparticles, researchers found a new form of this matter: lattices in which smaller particles roam like electrons in metallic bonds.",studying material made dna coated nanoparticles researcher found new form matter lattice smaller particle roam like electron metallic bond,"while studying materials made from dna-coated nanoparticles, researchers found a new form of this matter: lattices in which smaller particles roam like electrons in metallic bonds.",while studying materials made from dna coated nanoparticles researchers found a new form of this matter lattices in which smaller particles roam like electrons in metallic bonds,"['while', 'studying', 'materials', 'made', 'from', 'dna', 'coated', 'nanoparticles', 'researchers', 'found', 'a', 'new', 'form', 'of', 'this', 'matter', 'lattices', 'in', 'which', 'smaller', 'particles', 'roam', 'like', 'electrons', 'in', 'metallic', 'bonds']","['studying', 'materials', 'made', 'dna', 'coated', 'nanoparticles', 'researchers', 'found', 'new', 'form', 'matter', 'lattices', 'smaller', 'particles', 'roam', 'like', 'electrons', 'metallic', 'bonds']","['studying', 'material', 'made', 'dna', 'coated', 'nanoparticles', 'researcher', 'found', 'new', 'form', 'matter', 'lattice', 'smaller', 'particle', 'roam', 'like', 'electron', 'metallic', 'bond']"
A Black Hole So Big It ‘Should Not Exist’,Natalie Wolchover,"August 28, 2019",Researchers have confirmed rumors of a black hole collision that challenges our ideas about how black holes form.,researcher confirmed rumor black hole collision challenge idea black hole form,researchers have confirmed rumors of a black hole collision that challenges our ideas about how black holes form.,researchers have confirmed rumors of a black hole collision that challenges our ideas about how black holes form,"['researchers', 'have', 'confirmed', 'rumors', 'of', 'a', 'black', 'hole', 'collision', 'that', 'challenges', 'our', 'ideas', 'about', 'how', 'black', 'holes', 'form']","['researchers', 'confirmed', 'rumors', 'black', 'hole', 'collision', 'challenges', 'ideas', 'black', 'holes', 'form']","['researcher', 'confirmed', 'rumor', 'black', 'hole', 'collision', 'challenge', 'idea', 'black', 'hole', 'form']"
Ann Nelson Took On the Biggest Problems in Physics,Chanda Prescod-Weinstein,"August 22, 2019","The theoretical particle physicist Ann Nelson, who died on August 4 at age 61, was a font of brilliant ideas and a champion of ending discrimination in the field.",theoretical particle physicist ann nelson died august age font brilliant idea champion ending discrimination field,"the theoretical particle physicist ann nelson, who died on august 4 at age 61, was a font of brilliant ideas and a champion of ending discrimination in the field.",the theoretical particle physicist ann nelson who died on august at age was a font of brilliant ideas and a champion of ending discrimination in the field,"['the', 'theoretical', 'particle', 'physicist', 'ann', 'nelson', 'who', 'died', 'on', 'august', 'at', 'age', 'was', 'a', 'font', 'of', 'brilliant', 'ideas', 'and', 'a', 'champion', 'of', 'ending', 'discrimination', 'in', 'the', 'field']","['theoretical', 'particle', 'physicist', 'ann', 'nelson', 'died', 'august', 'age', 'font', 'brilliant', 'ideas', 'champion', 'ending', 'discrimination', 'field']","['theoretical', 'particle', 'physicist', 'ann', 'nelson', 'died', 'august', 'age', 'font', 'brilliant', 'idea', 'champion', 'ending', 'discrimination', 'field']"
"To Make Two Black Holes Collide, Try Three",Erika K. Carlson,"August 15, 2019",How do black holes merge and make gravitational waves? Maybe with a little help from their friends.,black hole merge make gravitational wave maybe little help friend,how do black holes merge and make gravitational waves? maybe with a little help from their friends.,how do black holes merge and make gravitational waves maybe with a little help from their friends,"['how', 'do', 'black', 'holes', 'merge', 'and', 'make', 'gravitational', 'waves', 'maybe', 'with', 'a', 'little', 'help', 'from', 'their', 'friends']","['black', 'holes', 'merge', 'make', 'gravitational', 'waves', 'maybe', 'little', 'help', 'friends']","['black', 'hole', 'merge', 'make', 'gravitational', 'wave', 'maybe', 'little', 'help', 'friend']"
Cosmologists Debate How Fast the Universe Is Expanding,Natalie Wolchover,"August 8, 2019",New measurements could upend the standard theory of the cosmos that has reigned since the discovery of dark energy 21 years ago.,new measurement could upend standard theory cosmos reigned since discovery dark energy year ago,new measurements could upend the standard theory of the cosmos that has reigned since the discovery of dark energy 21 years ago.,new measurements could upend the standard theory of the cosmos that has reigned since the discovery of dark energy years ago,"['new', 'measurements', 'could', 'upend', 'the', 'standard', 'theory', 'of', 'the', 'cosmos', 'that', 'has', 'reigned', 'since', 'the', 'discovery', 'of', 'dark', 'energy', 'years', 'ago']","['new', 'measurements', 'could', 'upend', 'standard', 'theory', 'cosmos', 'reigned', 'since', 'discovery', 'dark', 'energy', 'years', 'ago']","['new', 'measurement', 'could', 'upend', 'standard', 'theory', 'cosmos', 'reigned', 'since', 'discovery', 'dark', 'energy', 'year', 'ago']"
A Call for Courage as Physicists Confront Collider Dilemma,Thomas Lewton,"August 7, 2019","Carlo Rubbia, leader of the bold collider experiment that in 1983 discovered the W and Z bosons, thinks particle physicists should now smash muons together in an innovative “Higgs factory.”",carlo rubbia leader bold collider experiment discovered w z boson think particle physicist smash muon together innovative higgs factory,"carlo rubbia, leader of the bold collider experiment that in 1983 discovered the w and z bosons, thinks particle physicists should now smash muons together in an innovative “higgs factory.”",carlo rubbia leader of the bold collider experiment that in discovered the w and z bosons thinks particle physicists should now smash muons together in an innovative higgs factory,"['carlo', 'rubbia', 'leader', 'of', 'the', 'bold', 'collider', 'experiment', 'that', 'in', 'discovered', 'the', 'w', 'and', 'z', 'bosons', 'thinks', 'particle', 'physicists', 'should', 'now', 'smash', 'muons', 'together', 'in', 'an', 'innovative', 'higgs', 'factory']","['carlo', 'rubbia', 'leader', 'bold', 'collider', 'experiment', 'discovered', 'w', 'z', 'bosons', 'thinks', 'particle', 'physicists', 'smash', 'muons', 'together', 'innovative', 'higgs', 'factory']","['carlo', 'rubbia', 'leader', 'bold', 'collider', 'experiment', 'discovered', 'w', 'z', 'boson', 'think', 'particle', 'physicist', 'smash', 'muon', 'together', 'innovative', 'higgs', 'factory']"
The Universal Law That Aims Time’s Arrow,Natalie Wolchover,"August 1, 2019",A new look at a ubiquitous phenomenon has uncovered unexpected fractal behavior that could give us clues about the early universe and the arrow of time.,new look ubiquitous phenomenon uncovered unexpected fractal behavior could give u clue early universe arrow time,a new look at a ubiquitous phenomenon has uncovered unexpected fractal behavior that could give us clues about the early universe and the arrow of time.,a new look at a ubiquitous phenomenon has uncovered unexpected fractal behavior that could give us clues about the early universe and the arrow of time,"['a', 'new', 'look', 'at', 'a', 'ubiquitous', 'phenomenon', 'has', 'uncovered', 'unexpected', 'fractal', 'behavior', 'that', 'could', 'give', 'us', 'clues', 'about', 'the', 'early', 'universe', 'and', 'the', 'arrow', 'of', 'time']","['new', 'look', 'ubiquitous', 'phenomenon', 'uncovered', 'unexpected', 'fractal', 'behavior', 'could', 'give', 'us', 'clues', 'early', 'universe', 'arrow', 'time']","['new', 'look', 'ubiquitous', 'phenomenon', 'uncovered', 'unexpected', 'fractal', 'behavior', 'could', 'give', 'u', 'clue', 'early', 'universe', 'arrow', 'time']"
Bubble Experiment Finds Universal Laws,Charlie Wood,"July 31, 2019",Physicists have found examples of “universality” in a system of confined bubbles. The work could help researchers understand the strange behavior of singularities.,physicist found example universality system confined bubble work could help researcher understand strange behavior singularity,physicists have found examples of “universality” in a system of confined bubbles. the work could help researchers understand the strange behavior of singularities.,physicists have found examples of universality in a system of confined bubbles the work could help researchers understand the strange behavior of singularities,"['physicists', 'have', 'found', 'examples', 'of', 'universality', 'in', 'a', 'system', 'of', 'confined', 'bubbles', 'the', 'work', 'could', 'help', 'researchers', 'understand', 'the', 'strange', 'behavior', 'of', 'singularities']","['physicists', 'found', 'examples', 'universality', 'system', 'confined', 'bubbles', 'work', 'could', 'help', 'researchers', 'understand', 'strange', 'behavior', 'singularities']","['physicist', 'found', 'example', 'universality', 'system', 'confined', 'bubble', 'work', 'could', 'help', 'researcher', 'understand', 'strange', 'behavior', 'singularity']"
Physicists Peer Inside a Fireball of Quantum Matter,Charlie Wood,"July 30, 2019","Experimenters in Germany have glimpsed the kind of strange, non-atomic matter thought to fill the cores of merging neutron stars.",experimenter germany glimpsed kind strange non atomic matter thought fill core merging neutron star,"experimenters in germany have glimpsed the kind of strange, non-atomic matter thought to fill the cores of merging neutron stars.",experimenters in germany have glimpsed the kind of strange non atomic matter thought to fill the cores of merging neutron stars,"['experimenters', 'in', 'germany', 'have', 'glimpsed', 'the', 'kind', 'of', 'strange', 'non', 'atomic', 'matter', 'thought', 'to', 'fill', 'the', 'cores', 'of', 'merging', 'neutron', 'stars']","['experimenters', 'germany', 'glimpsed', 'kind', 'strange', 'non', 'atomic', 'matter', 'thought', 'fill', 'cores', 'merging', 'neutron', 'stars']","['experimenter', 'germany', 'glimpsed', 'kind', 'strange', 'non', 'atomic', 'matter', 'thought', 'fill', 'core', 'merging', 'neutron', 'star']"
Sun’s Puzzling Plasma Recreated in a Laboratory,Erika K. Carlson,"July 29, 2019","For the first time, researchers have created a scale model of the twisting loops of the sun’s magnetic field.",first time researcher created scale model twisting loop sun magnetic field,"for the first time, researchers have created a scale model of the twisting loops of the sun’s magnetic field.",for the first time researchers have created a scale model of the twisting loops of the sun s magnetic field,"['for', 'the', 'first', 'time', 'researchers', 'have', 'created', 'a', 'scale', 'model', 'of', 'the', 'twisting', 'loops', 'of', 'the', 'sun', 's', 'magnetic', 'field']","['first', 'time', 'researchers', 'created', 'scale', 'model', 'twisting', 'loops', 'sun', 'magnetic', 'field']","['first', 'time', 'researcher', 'created', 'scale', 'model', 'twisting', 'loop', 'sun', 'magnetic', 'field']"
Big Black Holes Found in the Smallest Galaxies,Ramin Skibba,"July 23, 2019","Tiny, dim “dwarf” galaxies have been found to hide gas-spewing black holes.",tiny dim dwarf galaxy found hide gas spewing black hole,"tiny, dim “dwarf” galaxies have been found to hide gas-spewing black holes.",tiny dim dwarf galaxies have been found to hide gas spewing black holes,"['tiny', 'dim', 'dwarf', 'galaxies', 'have', 'been', 'found', 'to', 'hide', 'gas', 'spewing', 'black', 'holes']","['tiny', 'dim', 'dwarf', 'galaxies', 'found', 'hide', 'gas', 'spewing', 'black', 'holes']","['tiny', 'dim', 'dwarf', 'galaxy', 'found', 'hide', 'gas', 'spewing', 'black', 'hole']"
"Quantum Darwinism, an Idea to Explain Objective Reality, Passes First Tests",Philip Ball,"July 22, 2019","Three experiments have vetted quantum Darwinism, a theory that explains how quantum possibilities can give rise to objective, classical reality.",three experiment vetted quantum darwinism theory explains quantum possibility give rise objective classical reality,"three experiments have vetted quantum darwinism, a theory that explains how quantum possibilities can give rise to objective, classical reality.",three experiments have vetted quantum darwinism a theory that explains how quantum possibilities can give rise to objective classical reality,"['three', 'experiments', 'have', 'vetted', 'quantum', 'darwinism', 'a', 'theory', 'that', 'explains', 'how', 'quantum', 'possibilities', 'can', 'give', 'rise', 'to', 'objective', 'classical', 'reality']","['three', 'experiments', 'vetted', 'quantum', 'darwinism', 'theory', 'explains', 'quantum', 'possibilities', 'give', 'rise', 'objective', 'classical', 'reality']","['three', 'experiment', 'vetted', 'quantum', 'darwinism', 'theory', 'explains', 'quantum', 'possibility', 'give', 'rise', 'objective', 'classical', 'reality']"
Wandering Space Rocks Help Solve Mysteries of Planet Formation,Rebecca Boyle,"July 16, 2019","After an interstellar asteroid shot past the sun, scientists realized that there’s probably a lot of itinerant rocks out there.",interstellar asteroid shot past sun scientist realized probably lot itinerant rock,"after an interstellar asteroid shot past the sun, scientists realized that there’s probably a lot of itinerant rocks out there.",after an interstellar asteroid shot past the sun scientists realized that there s probably a lot of itinerant rocks out there,"['after', 'an', 'interstellar', 'asteroid', 'shot', 'past', 'the', 'sun', 'scientists', 'realized', 'that', 'there', 's', 'probably', 'a', 'lot', 'of', 'itinerant', 'rocks', 'out', 'there']","['interstellar', 'asteroid', 'shot', 'past', 'sun', 'scientists', 'realized', 'probably', 'lot', 'itinerant', 'rocks']","['interstellar', 'asteroid', 'shot', 'past', 'sun', 'scientist', 'realized', 'probably', 'lot', 'itinerant', 'rock']"
How (Relatively) Simple Symmetries Underlie Our Expanding Universe,Natalie Wolchover,"July 15, 2019","Although Einstein’s theory of space-time seems more complicated than Newtonian physics, it greatly simplified the mathematical description of the universe.",although einstein theory space time seems complicated newtonian physic greatly simplified mathematical description universe,"although einstein’s theory of space-time seems more complicated than newtonian physics, it greatly simplified the mathematical description of the universe.",although einstein s theory of space time seems more complicated than newtonian physics it greatly simplified the mathematical description of the universe,"['although', 'einstein', 's', 'theory', 'of', 'space', 'time', 'seems', 'more', 'complicated', 'than', 'newtonian', 'physics', 'it', 'greatly', 'simplified', 'the', 'mathematical', 'description', 'of', 'the', 'universe']","['although', 'einstein', 'theory', 'space', 'time', 'seems', 'complicated', 'newtonian', 'physics', 'greatly', 'simplified', 'mathematical', 'description', 'universe']","['although', 'einstein', 'theory', 'space', 'time', 'seems', 'complicated', 'newtonian', 'physic', 'greatly', 'simplified', 'mathematical', 'description', 'universe']"
The Quantum Theory That Peels Away the Mystery of Measurement,Philip Ball,"July 3, 2019",A recent test has confirmed the predictions of quantum trajectory theory.,recent test confirmed prediction quantum trajectory theory,a recent test has confirmed the predictions of quantum trajectory theory.,a recent test has confirmed the predictions of quantum trajectory theory,"['a', 'recent', 'test', 'has', 'confirmed', 'the', 'predictions', 'of', 'quantum', 'trajectory', 'theory']","['recent', 'test', 'confirmed', 'predictions', 'quantum', 'trajectory', 'theory']","['recent', 'test', 'confirmed', 'prediction', 'quantum', 'trajectory', 'theory']"
How to Understand the Universe When You’re Stuck Inside of It,Amanda Gefter,"June 27, 2019",Lee Smolin’s radical idea to reimagine how we view the universe.,lee smolin radical idea reimagine view universe,lee smolin’s radical idea to reimagine how we view the universe.,lee smolin s radical idea to reimagine how we view the universe,"['lee', 'smolin', 's', 'radical', 'idea', 'to', 'reimagine', 'how', 'we', 'view', 'the', 'universe']","['lee', 'smolin', 'radical', 'idea', 'reimagine', 'view', 'universe']","['lee', 'smolin', 'radical', 'idea', 'reimagine', 'view', 'universe']"
The Simple Idea Behind Einstein’s Greatest Discoveries,K.C. Cole,"June 26, 2019",Lurking behind Einstein’s theory of gravity and our modern understanding of particle physics is the deceptively simple idea of symmetry. But physicists are beginning to question whether focusing on symmetry is still as productive as it once was.,lurking behind einstein theory gravity modern understanding particle physic deceptively simple idea symmetry physicist beginning question whether focusing symmetry still productive,lurking behind einstein’s theory of gravity and our modern understanding of particle physics is the deceptively simple idea of symmetry. but physicists are beginning to question whether focusing on symmetry is still as productive as it once was.,lurking behind einstein s theory of gravity and our modern understanding of particle physics is the deceptively simple idea of symmetry but physicists are beginning to question whether focusing on symmetry is still as productive as it once was,"['lurking', 'behind', 'einstein', 's', 'theory', 'of', 'gravity', 'and', 'our', 'modern', 'understanding', 'of', 'particle', 'physics', 'is', 'the', 'deceptively', 'simple', 'idea', 'of', 'symmetry', 'but', 'physicists', 'are', 'beginning', 'to', 'question', 'whether', 'focusing', 'on', 'symmetry', 'is', 'still', 'as', 'productive', 'as', 'it', 'once', 'was']","['lurking', 'behind', 'einstein', 'theory', 'gravity', 'modern', 'understanding', 'particle', 'physics', 'deceptively', 'simple', 'idea', 'symmetry', 'physicists', 'beginning', 'question', 'whether', 'focusing', 'symmetry', 'still', 'productive']","['lurking', 'behind', 'einstein', 'theory', 'gravity', 'modern', 'understanding', 'particle', 'physic', 'deceptively', 'simple', 'idea', 'symmetry', 'physicist', 'beginning', 'question', 'whether', 'focusing', 'symmetry', 'still', 'productive']"
Philosophers Debate New ‘Sonic Black Hole’ Discovery,Natalie Wolchover,"June 25, 2019",Opinions differ about what recent measurements of a sound-trapping fluid reveal about light-trapping black holes.,opinion differ recent measurement sound trapping fluid reveal light trapping black hole,opinions differ about what recent measurements of a sound-trapping fluid reveal about light-trapping black holes.,opinions differ about what recent measurements of a sound trapping fluid reveal about light trapping black holes,"['opinions', 'differ', 'about', 'what', 'recent', 'measurements', 'of', 'a', 'sound', 'trapping', 'fluid', 'reveal', 'about', 'light', 'trapping', 'black', 'holes']","['opinions', 'differ', 'recent', 'measurements', 'sound', 'trapping', 'fluid', 'reveal', 'light', 'trapping', 'black', 'holes']","['opinion', 'differ', 'recent', 'measurement', 'sound', 'trapping', 'fluid', 'reveal', 'light', 'trapping', 'black', 'hole']"
How to Turn a Quantum Computer Into the Ultimate Randomness Generator,Anil Ananthaswamy,"June 19, 2019","Pure, verifiable randomness is hard to come by. Two proposals show how to make quantum computers into randomness factories.",pure verifiable randomness hard come two proposal show make quantum computer randomness factory,"pure, verifiable randomness is hard to come by. two proposals show how to make quantum computers into randomness factories.",pure verifiable randomness is hard to come by two proposals show how to make quantum computers into randomness factories,"['pure', 'verifiable', 'randomness', 'is', 'hard', 'to', 'come', 'by', 'two', 'proposals', 'show', 'how', 'to', 'make', 'quantum', 'computers', 'into', 'randomness', 'factories']","['pure', 'verifiable', 'randomness', 'hard', 'come', 'two', 'proposals', 'show', 'make', 'quantum', 'computers', 'randomness', 'factories']","['pure', 'verifiable', 'randomness', 'hard', 'come', 'two', 'proposal', 'show', 'make', 'quantum', 'computer', 'randomness', 'factory']"
A New Law to Describe Quantum Computing’s Rise?,Kevin Hartnett,"June 18, 2019","Neven’s law states that quantum computers are improving at a “doubly exponential” rate. If it holds, quantum supremacy is around the corner.",neven law state quantum computer improving doubly exponential rate hold quantum supremacy around corner,"neven’s law states that quantum computers are improving at a “doubly exponential” rate. if it holds, quantum supremacy is around the corner.",neven s law states that quantum computers are improving at a doubly exponential rate if it holds quantum supremacy is around the corner,"['neven', 's', 'law', 'states', 'that', 'quantum', 'computers', 'are', 'improving', 'at', 'a', 'doubly', 'exponential', 'rate', 'if', 'it', 'holds', 'quantum', 'supremacy', 'is', 'around', 'the', 'corner']","['neven', 'law', 'states', 'quantum', 'computers', 'improving', 'doubly', 'exponential', 'rate', 'holds', 'quantum', 'supremacy', 'around', 'corner']","['neven', 'law', 'state', 'quantum', 'computer', 'improving', 'doubly', 'exponential', 'rate', 'hold', 'quantum', 'supremacy', 'around', 'corner']"
A Close Look at Newborn Planets Reveals Hints of Infant Moons,Joshua Sokol,"June 11, 2019",Astronomers have discovered a complex planetary system still swirling into existence.,astronomer discovered complex planetary system still swirling existence,astronomers have discovered a complex planetary system still swirling into existence.,astronomers have discovered a complex planetary system still swirling into existence,"['astronomers', 'have', 'discovered', 'a', 'complex', 'planetary', 'system', 'still', 'swirling', 'into', 'existence']","['astronomers', 'discovered', 'complex', 'planetary', 'system', 'still', 'swirling', 'existence']","['astronomer', 'discovered', 'complex', 'planetary', 'system', 'still', 'swirling', 'existence']"
Do Brains Operate at a Tipping Point? New Clues and Complications,Charlie Wood,"June 10, 2019",New experimental results simultaneously advance and challenge the theory that the brain’s network of neurons balances on the knife-edge between two phases.,new experimental result simultaneously advance challenge theory brain network neuron balance knife edge two phase,new experimental results simultaneously advance and challenge the theory that the brain’s network of neurons balances on the knife-edge between two phases.,new experimental results simultaneously advance and challenge the theory that the brain s network of neurons balances on the knife edge between two phases,"['new', 'experimental', 'results', 'simultaneously', 'advance', 'and', 'challenge', 'the', 'theory', 'that', 'the', 'brain', 's', 'network', 'of', 'neurons', 'balances', 'on', 'the', 'knife', 'edge', 'between', 'two', 'phases']","['new', 'experimental', 'results', 'simultaneously', 'advance', 'challenge', 'theory', 'brain', 'network', 'neurons', 'balances', 'knife', 'edge', 'two', 'phases']","['new', 'experimental', 'result', 'simultaneously', 'advance', 'challenge', 'theory', 'brain', 'network', 'neuron', 'balance', 'knife', 'edge', 'two', 'phase']"
Physicists Debate Hawking’s Idea That the Universe Had No Beginning,Natalie Wolchover,"June 6, 2019",A recent challenge to Stephen Hawking’s biggest idea — about how the universe might have come from nothing — has cosmologists choosing sides.,recent challenge stephen hawking biggest idea universe might come nothing cosmologist choosing side,a recent challenge to stephen hawking’s biggest idea — about how the universe might have come from nothing — has cosmologists choosing sides.,a recent challenge to stephen hawking s biggest idea about how the universe might have come from nothing has cosmologists choosing sides,"['a', 'recent', 'challenge', 'to', 'stephen', 'hawking', 's', 'biggest', 'idea', 'about', 'how', 'the', 'universe', 'might', 'have', 'come', 'from', 'nothing', 'has', 'cosmologists', 'choosing', 'sides']","['recent', 'challenge', 'stephen', 'hawking', 'biggest', 'idea', 'universe', 'might', 'come', 'nothing', 'cosmologists', 'choosing', 'sides']","['recent', 'challenge', 'stephen', 'hawking', 'biggest', 'idea', 'universe', 'might', 'come', 'nothing', 'cosmologist', 'choosing', 'side']"
"Quantum Leaps, Long Assumed to Be Instantaneous, Take Time",Philip Ball,"June 5, 2019",An experiment caught a quantum system in the middle of a jump — something the originators of quantum mechanics assumed was impossible.,experiment caught quantum system middle jump something originator quantum mechanic assumed impossible,an experiment caught a quantum system in the middle of a jump — something the originators of quantum mechanics assumed was impossible.,an experiment caught a quantum system in the middle of a jump something the originators of quantum mechanics assumed was impossible,"['an', 'experiment', 'caught', 'a', 'quantum', 'system', 'in', 'the', 'middle', 'of', 'a', 'jump', 'something', 'the', 'originators', 'of', 'quantum', 'mechanics', 'assumed', 'was', 'impossible']","['experiment', 'caught', 'quantum', 'system', 'middle', 'jump', 'something', 'originators', 'quantum', 'mechanics', 'assumed', 'impossible']","['experiment', 'caught', 'quantum', 'system', 'middle', 'jump', 'something', 'originator', 'quantum', 'mechanic', 'assumed', 'impossible']"
What’s the Magic Behind Graphene’s ‘Magic’ Angle?,David H. Freedman,"May 28, 2019","A new theoretical model may help explain the shocking onset of superconductivity in stacked, twisted carbon sheets.",new theoretical model may help explain shocking onset superconductivity stacked twisted carbon sheet,"a new theoretical model may help explain the shocking onset of superconductivity in stacked, twisted carbon sheets.",a new theoretical model may help explain the shocking onset of superconductivity in stacked twisted carbon sheets,"['a', 'new', 'theoretical', 'model', 'may', 'help', 'explain', 'the', 'shocking', 'onset', 'of', 'superconductivity', 'in', 'stacked', 'twisted', 'carbon', 'sheets']","['new', 'theoretical', 'model', 'may', 'help', 'explain', 'shocking', 'onset', 'superconductivity', 'stacked', 'twisted', 'carbon', 'sheets']","['new', 'theoretical', 'model', 'may', 'help', 'explain', 'shocking', 'onset', 'superconductivity', 'stacked', 'twisted', 'carbon', 'sheet']"
The Hidden Heroines of Chaos,Joshua Sokol,"May 20, 2019",Two women programmers played a pivotal role in the birth of chaos theory. Their previously untold story illustrates the changing status of computation in science.,two woman programmer played pivotal role birth chaos theory previously untold story illustrates changing status computation science,two women programmers played a pivotal role in the birth of chaos theory. their previously untold story illustrates the changing status of computation in science.,two women programmers played a pivotal role in the birth of chaos theory their previously untold story illustrates the changing status of computation in science,"['two', 'women', 'programmers', 'played', 'a', 'pivotal', 'role', 'in', 'the', 'birth', 'of', 'chaos', 'theory', 'their', 'previously', 'untold', 'story', 'illustrates', 'the', 'changing', 'status', 'of', 'computation', 'in', 'science']","['two', 'women', 'programmers', 'played', 'pivotal', 'role', 'birth', 'chaos', 'theory', 'previously', 'untold', 'story', 'illustrates', 'changing', 'status', 'computation', 'science']","['two', 'woman', 'programmer', 'played', 'pivotal', 'role', 'birth', 'chaos', 'theory', 'previously', 'untold', 'story', 'illustrates', 'changing', 'status', 'computation', 'science']"
"As Planet Discoveries Pile Up, a Gap Appears in the Pattern",Rebecca Boyle,"May 16, 2019",Astronomers are puzzling over a paucity of planets in the galaxy measuring between 1.5 and two times Earth's size.,astronomer puzzling paucity planet galaxy measuring two time earth size,astronomers are puzzling over a paucity of planets in the galaxy measuring between 1.5 and two times earth's size.,astronomers are puzzling over a paucity of planets in the galaxy measuring between and two times earth s size,"['astronomers', 'are', 'puzzling', 'over', 'a', 'paucity', 'of', 'planets', 'in', 'the', 'galaxy', 'measuring', 'between', 'and', 'two', 'times', 'earth', 's', 'size']","['astronomers', 'puzzling', 'paucity', 'planets', 'galaxy', 'measuring', 'two', 'times', 'earth', 'size']","['astronomer', 'puzzling', 'paucity', 'planet', 'galaxy', 'measuring', 'two', 'time', 'earth', 'size']"
How Feynman Diagrams Revolutionized Physics,Thomas Lin,"May 14, 2019","In the late 1940s, Richard Feynman invented a visual tool for simplifying particle calculations that forever changed theoretical physics.",late richard feynman invented visual tool simplifying particle calculation forever changed theoretical physic,"in the late 1940s, richard feynman invented a visual tool for simplifying particle calculations that forever changed theoretical physics.",in the late s richard feynman invented a visual tool for simplifying particle calculations that forever changed theoretical physics,"['in', 'the', 'late', 's', 'richard', 'feynman', 'invented', 'a', 'visual', 'tool', 'for', 'simplifying', 'particle', 'calculations', 'that', 'forever', 'changed', 'theoretical', 'physics']","['late', 'richard', 'feynman', 'invented', 'visual', 'tool', 'simplifying', 'particle', 'calculations', 'forever', 'changed', 'theoretical', 'physics']","['late', 'richard', 'feynman', 'invented', 'visual', 'tool', 'simplifying', 'particle', 'calculation', 'forever', 'changed', 'theoretical', 'physic']"
"Black, Hot Ice May Be Nature’s Most Common Form of Water",Joshua Sokol,"May 8, 2019","A new experiment confirms the existence of “superionic ice,” a bizarre form of water that might comprise the bulk of giant icy planets throughout the universe.",new experiment confirms existence superionic ice bizarre form water might comprise bulk giant icy planet throughout universe,"a new experiment confirms the existence of “superionic ice,” a bizarre form of water that might comprise the bulk of giant icy planets throughout the universe.",a new experiment confirms the existence of superionic ice a bizarre form of water that might comprise the bulk of giant icy planets throughout the universe,"['a', 'new', 'experiment', 'confirms', 'the', 'existence', 'of', 'superionic', 'ice', 'a', 'bizarre', 'form', 'of', 'water', 'that', 'might', 'comprise', 'the', 'bulk', 'of', 'giant', 'icy', 'planets', 'throughout', 'the', 'universe']","['new', 'experiment', 'confirms', 'existence', 'superionic', 'ice', 'bizarre', 'form', 'water', 'might', 'comprise', 'bulk', 'giant', 'icy', 'planets', 'throughout', 'universe']","['new', 'experiment', 'confirms', 'existence', 'superionic', 'ice', 'bizarre', 'form', 'water', 'might', 'comprise', 'bulk', 'giant', 'icy', 'planet', 'throughout', 'universe']"
Universal Pattern Explains Why Materials Conduct,Kevin Hartnett,"May 6, 2019",Mathematicians have found that materials conduct electricity when electrons follow a universal mathematical pattern.,mathematician found material conduct electricity electron follow universal mathematical pattern,mathematicians have found that materials conduct electricity when electrons follow a universal mathematical pattern.,mathematicians have found that materials conduct electricity when electrons follow a universal mathematical pattern,"['mathematicians', 'have', 'found', 'that', 'materials', 'conduct', 'electricity', 'when', 'electrons', 'follow', 'a', 'universal', 'mathematical', 'pattern']","['mathematicians', 'found', 'materials', 'conduct', 'electricity', 'electrons', 'follow', 'universal', 'mathematical', 'pattern']","['mathematician', 'found', 'material', 'conduct', 'electricity', 'electron', 'follow', 'universal', 'mathematical', 'pattern']"
The Sun Is Stranger Than Astrophysicists Imagined,Natalie Wolchover,"May 1, 2019","The sun radiates far more high-frequency light than expected, raising questions about unknown features of the sun’s magnetic field and the possibility of even more exotic physics.",sun radiates far high frequency light expected raising question unknown feature sun magnetic field possibility even exotic physic,"the sun radiates far more high-frequency light than expected, raising questions about unknown features of the sun’s magnetic field and the possibility of even more exotic physics.",the sun radiates far more high frequency light than expected raising questions about unknown features of the sun s magnetic field and the possibility of even more exotic physics,"['the', 'sun', 'radiates', 'far', 'more', 'high', 'frequency', 'light', 'than', 'expected', 'raising', 'questions', 'about', 'unknown', 'features', 'of', 'the', 'sun', 's', 'magnetic', 'field', 'and', 'the', 'possibility', 'of', 'even', 'more', 'exotic', 'physics']","['sun', 'radiates', 'far', 'high', 'frequency', 'light', 'expected', 'raising', 'questions', 'unknown', 'features', 'sun', 'magnetic', 'field', 'possibility', 'even', 'exotic', 'physics']","['sun', 'radiates', 'far', 'high', 'frequency', 'light', 'expected', 'raising', 'question', 'unknown', 'feature', 'sun', 'magnetic', 'field', 'possibility', 'even', 'exotic', 'physic']"
"With a Simple Twist, a ‘Magic’ Material Is Now the Big Thing in Physics",David H. Freedman,"April 30, 2019","The stunning emergence of a new type of superconductivity with the mere twist of a carbon sheet has left physicists giddy, and its discoverer nearly overwhelmed.",stunning emergence new type superconductivity mere twist carbon sheet left physicist giddy discoverer nearly overwhelmed,"the stunning emergence of a new type of superconductivity with the mere twist of a carbon sheet has left physicists giddy, and its discoverer nearly overwhelmed.",the stunning emergence of a new type of superconductivity with the mere twist of a carbon sheet has left physicists giddy and its discoverer nearly overwhelmed,"['the', 'stunning', 'emergence', 'of', 'a', 'new', 'type', 'of', 'superconductivity', 'with', 'the', 'mere', 'twist', 'of', 'a', 'carbon', 'sheet', 'has', 'left', 'physicists', 'giddy', 'and', 'its', 'discoverer', 'nearly', 'overwhelmed']","['stunning', 'emergence', 'new', 'type', 'superconductivity', 'mere', 'twist', 'carbon', 'sheet', 'left', 'physicists', 'giddy', 'discoverer', 'nearly', 'overwhelmed']","['stunning', 'emergence', 'new', 'type', 'superconductivity', 'mere', 'twist', 'carbon', 'sheet', 'left', 'physicist', 'giddy', 'discoverer', 'nearly', 'overwhelmed']"
Dark Matter Gets a Reprieve in New Analysis,Charlie Wood,"April 29, 2019",A strange glow coming from the Milky Way’s center was thought to be due to ordinary pulsars. But a new look at a years-old study shows that dark matter might still be responsible.,strange glow coming milky way center thought due ordinary pulsar new look year old study show dark matter might still responsible,a strange glow coming from the milky way’s center was thought to be due to ordinary pulsars. but a new look at a years-old study shows that dark matter might still be responsible.,a strange glow coming from the milky way s center was thought to be due to ordinary pulsars but a new look at a years old study shows that dark matter might still be responsible,"['a', 'strange', 'glow', 'coming', 'from', 'the', 'milky', 'way', 's', 'center', 'was', 'thought', 'to', 'be', 'due', 'to', 'ordinary', 'pulsars', 'but', 'a', 'new', 'look', 'at', 'a', 'years', 'old', 'study', 'shows', 'that', 'dark', 'matter', 'might', 'still', 'be', 'responsible']","['strange', 'glow', 'coming', 'milky', 'way', 'center', 'thought', 'due', 'ordinary', 'pulsars', 'new', 'look', 'years', 'old', 'study', 'shows', 'dark', 'matter', 'might', 'still', 'responsible']","['strange', 'glow', 'coming', 'milky', 'way', 'center', 'thought', 'due', 'ordinary', 'pulsar', 'new', 'look', 'year', 'old', 'study', 'show', 'dark', 'matter', 'might', 'still', 'responsible']"
The Astronomer Who’d Rather Build Space Cameras,Ann Finkbeiner,"April 18, 2019",Jim Gunn shaped the theory of the evolution of the cosmos before building cameras and spectrographs for major observatories like the Hubble Space Telescope.,jim gunn shaped theory evolution cosmos building camera spectrograph major observatory like hubble space telescope,jim gunn shaped the theory of the evolution of the cosmos before building cameras and spectrographs for major observatories like the hubble space telescope.,jim gunn shaped the theory of the evolution of the cosmos before building cameras and spectrographs for major observatories like the hubble space telescope,"['jim', 'gunn', 'shaped', 'the', 'theory', 'of', 'the', 'evolution', 'of', 'the', 'cosmos', 'before', 'building', 'cameras', 'and', 'spectrographs', 'for', 'major', 'observatories', 'like', 'the', 'hubble', 'space', 'telescope']","['jim', 'gunn', 'shaped', 'theory', 'evolution', 'cosmos', 'building', 'cameras', 'spectrographs', 'major', 'observatories', 'like', 'hubble', 'space', 'telescope']","['jim', 'gunn', 'shaped', 'theory', 'evolution', 'cosmos', 'building', 'camera', 'spectrograph', 'major', 'observatory', 'like', 'hubble', 'space', 'telescope']"
What the Sight of a Black Hole Means to a Black Hole Physicist,Janna Levin,"April 10, 2019","The astrophysicist Janna Levin reflects on the newly unveiled, first-ever photograph of a black hole.",astrophysicist janna levin reflects newly unveiled first ever photograph black hole,"the astrophysicist janna levin reflects on the newly unveiled, first-ever photograph of a black hole.",the astrophysicist janna levin reflects on the newly unveiled first ever photograph of a black hole,"['the', 'astrophysicist', 'janna', 'levin', 'reflects', 'on', 'the', 'newly', 'unveiled', 'first', 'ever', 'photograph', 'of', 'a', 'black', 'hole']","['astrophysicist', 'janna', 'levin', 'reflects', 'newly', 'unveiled', 'first', 'ever', 'photograph', 'black', 'hole']","['astrophysicist', 'janna', 'levin', 'reflects', 'newly', 'unveiled', 'first', 'ever', 'photograph', 'black', 'hole']"
The Scientist Who Cooks Up the Skies of Faraway Worlds,Shannon Hall,"April 8, 2019","Astronomers will soon take their first glance at the atmosphere of a distant exoplanet. Sarah Hörst is writing the guidebook for these exoplanetary explorers, one that will reveal what a distinctive atmosphere says about the world underneath.",astronomer soon take first glance atmosphere distant exoplanet sarah h rst writing guidebook exoplanetary explorer one reveal distinctive atmosphere say world underneath,"astronomers will soon take their first glance at the atmosphere of a distant exoplanet. sarah hörst is writing the guidebook for these exoplanetary explorers, one that will reveal what a distinctive atmosphere says about the world underneath.",astronomers will soon take their first glance at the atmosphere of a distant exoplanet sarah h rst is writing the guidebook for these exoplanetary explorers one that will reveal what a distinctive atmosphere says about the world underneath,"['astronomers', 'will', 'soon', 'take', 'their', 'first', 'glance', 'at', 'the', 'atmosphere', 'of', 'a', 'distant', 'exoplanet', 'sarah', 'h', 'rst', 'is', 'writing', 'the', 'guidebook', 'for', 'these', 'exoplanetary', 'explorers', 'one', 'that', 'will', 'reveal', 'what', 'a', 'distinctive', 'atmosphere', 'says', 'about', 'the', 'world', 'underneath']","['astronomers', 'soon', 'take', 'first', 'glance', 'atmosphere', 'distant', 'exoplanet', 'sarah', 'h', 'rst', 'writing', 'guidebook', 'exoplanetary', 'explorers', 'one', 'reveal', 'distinctive', 'atmosphere', 'says', 'world', 'underneath']","['astronomer', 'soon', 'take', 'first', 'glance', 'atmosphere', 'distant', 'exoplanet', 'sarah', 'h', 'rst', 'writing', 'guidebook', 'exoplanetary', 'explorer', 'one', 'reveal', 'distinctive', 'atmosphere', 'say', 'world', 'underneath']"
Scientists Discover Exotic New Patterns of Synchronization,Natalie Wolchover,"April 4, 2019","In a world seemingly filled with chaos, physicists have discovered new forms of synchronization and are learning how to predict and control them.",world seemingly filled chaos physicist discovered new form synchronization learning predict control,"in a world seemingly filled with chaos, physicists have discovered new forms of synchronization and are learning how to predict and control them.",in a world seemingly filled with chaos physicists have discovered new forms of synchronization and are learning how to predict and control them,"['in', 'a', 'world', 'seemingly', 'filled', 'with', 'chaos', 'physicists', 'have', 'discovered', 'new', 'forms', 'of', 'synchronization', 'and', 'are', 'learning', 'how', 'to', 'predict', 'and', 'control', 'them']","['world', 'seemingly', 'filled', 'chaos', 'physicists', 'discovered', 'new', 'forms', 'synchronization', 'learning', 'predict', 'control']","['world', 'seemingly', 'filled', 'chaos', 'physicist', 'discovered', 'new', 'form', 'synchronization', 'learning', 'predict', 'control']"
Quantum Machine Appears to Defy Universe’s Push for Disorder,Marcus Woo,"March 20, 2019",One of the first quantum simulators has produced a puzzling phenomenon: a row of atoms that repeatedly pops back into place.,one first quantum simulator produced puzzling phenomenon row atom repeatedly pop back place,one of the first quantum simulators has produced a puzzling phenomenon: a row of atoms that repeatedly pops back into place.,one of the first quantum simulators has produced a puzzling phenomenon a row of atoms that repeatedly pops back into place,"['one', 'of', 'the', 'first', 'quantum', 'simulators', 'has', 'produced', 'a', 'puzzling', 'phenomenon', 'a', 'row', 'of', 'atoms', 'that', 'repeatedly', 'pops', 'back', 'into', 'place']","['one', 'first', 'quantum', 'simulators', 'produced', 'puzzling', 'phenomenon', 'row', 'atoms', 'repeatedly', 'pops', 'back', 'place']","['one', 'first', 'quantum', 'simulator', 'produced', 'puzzling', 'phenomenon', 'row', 'atom', 'repeatedly', 'pop', 'back', 'place']"
How Artificial Intelligence Is Changing Science,Dan Falk,"March 11, 2019","The latest AI algorithms are probing the evolution of galaxies, calculating quantum wave functions, discovering new chemical compounds and more. Is there anything that scientists do that can’t be automated?",latest ai algorithm probing evolution galaxy calculating quantum wave function discovering new chemical compound anything scientist automated,"the latest ai algorithms are probing the evolution of galaxies, calculating quantum wave functions, discovering new chemical compounds and more. is there anything that scientists do that can’t be automated?",the latest ai algorithms are probing the evolution of galaxies calculating quantum wave functions discovering new chemical compounds and more is there anything that scientists do that can t be automated,"['the', 'latest', 'ai', 'algorithms', 'are', 'probing', 'the', 'evolution', 'of', 'galaxies', 'calculating', 'quantum', 'wave', 'functions', 'discovering', 'new', 'chemical', 'compounds', 'and', 'more', 'is', 'there', 'anything', 'that', 'scientists', 'do', 'that', 'can', 't', 'be', 'automated']","['latest', 'ai', 'algorithms', 'probing', 'evolution', 'galaxies', 'calculating', 'quantum', 'wave', 'functions', 'discovering', 'new', 'chemical', 'compounds', 'anything', 'scientists', 'automated']","['latest', 'ai', 'algorithm', 'probing', 'evolution', 'galaxy', 'calculating', 'quantum', 'wave', 'function', 'discovering', 'new', 'chemical', 'compound', 'anything', 'scientist', 'automated']"
Galaxy Simulations Offer a New Solution to the Fermi Paradox,Rebecca Boyle,"March 7, 2019","Astronomers claim in a new paper that star motions should make it easy for civilizations to spread across the galaxy, but still we might find ourselves alone.",astronomer claim new paper star motion make easy civilization spread across galaxy still might find alone,"astronomers claim in a new paper that star motions should make it easy for civilizations to spread across the galaxy, but still we might find ourselves alone.",astronomers claim in a new paper that star motions should make it easy for civilizations to spread across the galaxy but still we might find ourselves alone,"['astronomers', 'claim', 'in', 'a', 'new', 'paper', 'that', 'star', 'motions', 'should', 'make', 'it', 'easy', 'for', 'civilizations', 'to', 'spread', 'across', 'the', 'galaxy', 'but', 'still', 'we', 'might', 'find', 'ourselves', 'alone']","['astronomers', 'claim', 'new', 'paper', 'star', 'motions', 'make', 'easy', 'civilizations', 'spread', 'across', 'galaxy', 'still', 'might', 'find', 'alone']","['astronomer', 'claim', 'new', 'paper', 'star', 'motion', 'make', 'easy', 'civilization', 'spread', 'across', 'galaxy', 'still', 'might', 'find', 'alone']"
The Universe’s Ultimate Complexity Revealed by Simple Quantum Games,Kevin Hartnett,"March 5, 2019",A two-player game can reveal whether the universe has an infinite amount of complexity.,two player game reveal whether universe infinite amount complexity,a two-player game can reveal whether the universe has an infinite amount of complexity.,a two player game can reveal whether the universe has an infinite amount of complexity,"['a', 'two', 'player', 'game', 'can', 'reveal', 'whether', 'the', 'universe', 'has', 'an', 'infinite', 'amount', 'of', 'complexity']","['two', 'player', 'game', 'reveal', 'whether', 'universe', 'infinite', 'amount', 'complexity']","['two', 'player', 'game', 'reveal', 'whether', 'universe', 'infinite', 'amount', 'complexity']"
The Physics Still Hiding in the Higgs Boson,Natalie Wolchover,"March 4, 2019","No new particles have been found at the Large Hadron Collider since the Higgs boson in 2012, but physicists say there’s much we can still learn from the Higgs itself.",no new particle found large hadron collider since higgs boson physicist say much still learn higgs,"no new particles have been found at the large hadron collider since the higgs boson in 2012, but physicists say there’s much we can still learn from the higgs itself.",no new particles have been found at the large hadron collider since the higgs boson in but physicists say there s much we can still learn from the higgs itself,"['no', 'new', 'particles', 'have', 'been', 'found', 'at', 'the', 'large', 'hadron', 'collider', 'since', 'the', 'higgs', 'boson', 'in', 'but', 'physicists', 'say', 'there', 's', 'much', 'we', 'can', 'still', 'learn', 'from', 'the', 'higgs', 'itself']","['no', 'new', 'particles', 'found', 'large', 'hadron', 'collider', 'since', 'higgs', 'boson', 'physicists', 'say', 'much', 'still', 'learn', 'higgs']","['no', 'new', 'particle', 'found', 'large', 'hadron', 'collider', 'since', 'higgs', 'boson', 'physicist', 'say', 'much', 'still', 'learn', 'higgs']"
"With a Second Repeating Radio Burst, Astronomers Close In on an Explanation",Joshua Sokol,"February 28, 2019",Brief cosmic blips called fast radio bursts have puzzled astronomers since their discovery earlier this decade. Now researchers appear to be close to understanding what powers them.,brief cosmic blip called fast radio burst puzzled astronomer since discovery earlier decade researcher appear close understanding power,brief cosmic blips called fast radio bursts have puzzled astronomers since their discovery earlier this decade. now researchers appear to be close to understanding what powers them.,brief cosmic blips called fast radio bursts have puzzled astronomers since their discovery earlier this decade now researchers appear to be close to understanding what powers them,"['brief', 'cosmic', 'blips', 'called', 'fast', 'radio', 'bursts', 'have', 'puzzled', 'astronomers', 'since', 'their', 'discovery', 'earlier', 'this', 'decade', 'now', 'researchers', 'appear', 'to', 'be', 'close', 'to', 'understanding', 'what', 'powers', 'them']","['brief', 'cosmic', 'blips', 'called', 'fast', 'radio', 'bursts', 'puzzled', 'astronomers', 'since', 'discovery', 'earlier', 'decade', 'researchers', 'appear', 'close', 'understanding', 'powers']","['brief', 'cosmic', 'blip', 'called', 'fast', 'radio', 'burst', 'puzzled', 'astronomer', 'since', 'discovery', 'earlier', 'decade', 'researcher', 'appear', 'close', 'understanding', 'power']"
A World Without Clouds,Natalie Wolchover,"February 25, 2019",A state-of-the-art supercomputer simulation indicates that a feedback loop between global warming and cloud loss can push Earth’s climate past a disastrous tipping point in as little as a century.,state art supercomputer simulation indicates feedback loop global warming cloud loss push earth climate past disastrous tipping point little century,a state-of-the-art supercomputer simulation indicates that a feedback loop between global warming and cloud loss can push earth’s climate past a disastrous tipping point in as little as a century.,a state of the art supercomputer simulation indicates that a feedback loop between global warming and cloud loss can push earth s climate past a disastrous tipping point in as little as a century,"['a', 'state', 'of', 'the', 'art', 'supercomputer', 'simulation', 'indicates', 'that', 'a', 'feedback', 'loop', 'between', 'global', 'warming', 'and', 'cloud', 'loss', 'can', 'push', 'earth', 's', 'climate', 'past', 'a', 'disastrous', 'tipping', 'point', 'in', 'as', 'little', 'as', 'a', 'century']","['state', 'art', 'supercomputer', 'simulation', 'indicates', 'feedback', 'loop', 'global', 'warming', 'cloud', 'loss', 'push', 'earth', 'climate', 'past', 'disastrous', 'tipping', 'point', 'little', 'century']","['state', 'art', 'supercomputer', 'simulation', 'indicates', 'feedback', 'loop', 'global', 'warming', 'cloud', 'loss', 'push', 'earth', 'climate', 'past', 'disastrous', 'tipping', 'point', 'little', 'century']"
How Our Universe Could Emerge as a Hologram,Natalie Wolchover,"February 21, 2019","Physicists have devised a holographic model of “de Sitter space,” the term for a universe like ours, that could give us new clues about the origin of space and time.",physicist devised holographic model de sitter space term universe like could give u new clue origin space time,"physicists have devised a holographic model of “de sitter space,” the term for a universe like ours, that could give us new clues about the origin of space and time.",physicists have devised a holographic model of de sitter space the term for a universe like ours that could give us new clues about the origin of space and time,"['physicists', 'have', 'devised', 'a', 'holographic', 'model', 'of', 'de', 'sitter', 'space', 'the', 'term', 'for', 'a', 'universe', 'like', 'ours', 'that', 'could', 'give', 'us', 'new', 'clues', 'about', 'the', 'origin', 'of', 'space', 'and', 'time']","['physicists', 'devised', 'holographic', 'model', 'de', 'sitter', 'space', 'term', 'universe', 'like', 'could', 'give', 'us', 'new', 'clues', 'origin', 'space', 'time']","['physicist', 'devised', 'holographic', 'model', 'de', 'sitter', 'space', 'term', 'universe', 'like', 'could', 'give', 'u', 'new', 'clue', 'origin', 'space', 'time']"
Mysterious Quantum Rule Reconstructed From Scratch,Philip Ball,"February 13, 2019",The new work promises to give researchers a better grip on the core mystery of quantum mechanics.,new work promise give researcher better grip core mystery quantum mechanic,the new work promises to give researchers a better grip on the core mystery of quantum mechanics.,the new work promises to give researchers a better grip on the core mystery of quantum mechanics,"['the', 'new', 'work', 'promises', 'to', 'give', 'researchers', 'a', 'better', 'grip', 'on', 'the', 'core', 'mystery', 'of', 'quantum', 'mechanics']","['new', 'work', 'promises', 'give', 'researchers', 'better', 'grip', 'core', 'mystery', 'quantum', 'mechanics']","['new', 'work', 'promise', 'give', 'researcher', 'better', 'grip', 'core', 'mystery', 'quantum', 'mechanic']"
An Astrophysicist Who Maps the Universe’s Terra Incognita,Natalie Wolchover,"February 4, 2019","Priyamvada Natarajan has pioneered the mapping and modeling of the universe’s invisible contents, especially dark matter and supermassive black holes.",priyamvada natarajan pioneered mapping modeling universe invisible content especially dark matter supermassive black hole,"priyamvada natarajan has pioneered the mapping and modeling of the universe’s invisible contents, especially dark matter and supermassive black holes.",priyamvada natarajan has pioneered the mapping and modeling of the universe s invisible contents especially dark matter and supermassive black holes,"['priyamvada', 'natarajan', 'has', 'pioneered', 'the', 'mapping', 'and', 'modeling', 'of', 'the', 'universe', 's', 'invisible', 'contents', 'especially', 'dark', 'matter', 'and', 'supermassive', 'black', 'holes']","['priyamvada', 'natarajan', 'pioneered', 'mapping', 'modeling', 'universe', 'invisible', 'contents', 'especially', 'dark', 'matter', 'supermassive', 'black', 'holes']","['priyamvada', 'natarajan', 'pioneered', 'mapping', 'modeling', 'universe', 'invisible', 'content', 'especially', 'dark', 'matter', 'supermassive', 'black', 'hole']"
The Double Life of Black Holes,Sabine Hossenfelder,"January 29, 2019",Perfect black holes are versatile mathematical tools. Just don’t mistake them for the real thing.,perfect black hole versatile mathematical tool mistake real thing,perfect black holes are versatile mathematical tools. just don’t mistake them for the real thing.,perfect black holes are versatile mathematical tools just don t mistake them for the real thing,"['perfect', 'black', 'holes', 'are', 'versatile', 'mathematical', 'tools', 'just', 'don', 't', 'mistake', 'them', 'for', 'the', 'real', 'thing']","['perfect', 'black', 'holes', 'versatile', 'mathematical', 'tools', 'mistake', 'real', 'thing']","['perfect', 'black', 'hole', 'versatile', 'mathematical', 'tool', 'mistake', 'real', 'thing']"
The Trouble With Turbulence,Michael Moyer,"January 28, 2019","Turbulence is everywhere, yet it is one of the most difficult concepts for physicists to understand.",turbulence everywhere yet one difficult concept physicist understand,"turbulence is everywhere, yet it is one of the most difficult concepts for physicists to understand.",turbulence is everywhere yet it is one of the most difficult concepts for physicists to understand,"['turbulence', 'is', 'everywhere', 'yet', 'it', 'is', 'one', 'of', 'the', 'most', 'difficult', 'concepts', 'for', 'physicists', 'to', 'understand']","['turbulence', 'everywhere', 'yet', 'one', 'difficult', 'concepts', 'physicists', 'understand']","['turbulence', 'everywhere', 'yet', 'one', 'difficult', 'concept', 'physicist', 'understand']"
A Child’s Puzzle Has Helped Unlock the Secrets of Magnetism,Marcus Woo,"January 24, 2019","People have known about magnets since ancient times, but the physics of ferromagnetism remains a mystery. Now a familiar puzzle is getting physicists closer to the answer.",people known magnet since ancient time physic ferromagnetism remains mystery familiar puzzle getting physicist closer answer,"people have known about magnets since ancient times, but the physics of ferromagnetism remains a mystery. now a familiar puzzle is getting physicists closer to the answer.",people have known about magnets since ancient times but the physics of ferromagnetism remains a mystery now a familiar puzzle is getting physicists closer to the answer,"['people', 'have', 'known', 'about', 'magnets', 'since', 'ancient', 'times', 'but', 'the', 'physics', 'of', 'ferromagnetism', 'remains', 'a', 'mystery', 'now', 'a', 'familiar', 'puzzle', 'is', 'getting', 'physicists', 'closer', 'to', 'the', 'answer']","['people', 'known', 'magnets', 'since', 'ancient', 'times', 'physics', 'ferromagnetism', 'remains', 'mystery', 'familiar', 'puzzle', 'getting', 'physicists', 'closer', 'answer']","['people', 'known', 'magnet', 'since', 'ancient', 'time', 'physic', 'ferromagnetism', 'remains', 'mystery', 'familiar', 'puzzle', 'getting', 'physicist', 'closer', 'answer']"
Asteroid Rate Jumped in Solar System’s Past,Joshua Sokol,"January 17, 2019",An analysis of lunar craters has found that we’ve been living in a relatively violent period in cosmic history.,analysis lunar crater found living relatively violent period cosmic history,an analysis of lunar craters has found that we’ve been living in a relatively violent period in cosmic history.,an analysis of lunar craters has found that we ve been living in a relatively violent period in cosmic history,"['an', 'analysis', 'of', 'lunar', 'craters', 'has', 'found', 'that', 'we', 've', 'been', 'living', 'in', 'a', 'relatively', 'violent', 'period', 'in', 'cosmic', 'history']","['analysis', 'lunar', 'craters', 'found', 'living', 'relatively', 'violent', 'period', 'cosmic', 'history']","['analysis', 'lunar', 'crater', 'found', 'living', 'relatively', 'violent', 'period', 'cosmic', 'history']"
How Nearby Stellar Explosions Could Have Killed Off Large Animals,Rebecca Boyle,"January 15, 2019",Subatomic particles called muons are thought to have streamed through the atmosphere and irradiated megafauna like the monster shark megalodon.,subatomic particle called muon thought streamed atmosphere irradiated megafauna like monster shark megalodon,subatomic particles called muons are thought to have streamed through the atmosphere and irradiated megafauna like the monster shark megalodon.,subatomic particles called muons are thought to have streamed through the atmosphere and irradiated megafauna like the monster shark megalodon,"['subatomic', 'particles', 'called', 'muons', 'are', 'thought', 'to', 'have', 'streamed', 'through', 'the', 'atmosphere', 'and', 'irradiated', 'megafauna', 'like', 'the', 'monster', 'shark', 'megalodon']","['subatomic', 'particles', 'called', 'muons', 'thought', 'streamed', 'atmosphere', 'irradiated', 'megafauna', 'like', 'monster', 'shark', 'megalodon']","['subatomic', 'particle', 'called', 'muon', 'thought', 'streamed', 'atmosphere', 'irradiated', 'megafauna', 'like', 'monster', 'shark', 'megalodon']"
Missing Galaxies? Now There’s Too Many,Shannon Hall,"January 9, 2019",Astronomers couldn’t find enough satellite galaxies orbiting the Milky Way. Now they have the opposite problem.,astronomer find enough satellite galaxy orbiting milky way opposite problem,astronomers couldn’t find enough satellite galaxies orbiting the milky way. now they have the opposite problem.,astronomers couldn t find enough satellite galaxies orbiting the milky way now they have the opposite problem,"['astronomers', 'couldn', 't', 'find', 'enough', 'satellite', 'galaxies', 'orbiting', 'the', 'milky', 'way', 'now', 'they', 'have', 'the', 'opposite', 'problem']","['astronomers', 'find', 'enough', 'satellite', 'galaxies', 'orbiting', 'milky', 'way', 'opposite', 'problem']","['astronomer', 'find', 'enough', 'satellite', 'galaxy', 'orbiting', 'milky', 'way', 'opposite', 'problem']"
Why the Best Place to Find Dark Matter May Be in a Rock,Rebecca Boyle,"January 7, 2019","Dark matter may occasionally interact with minerals in the earth, leaving telltale tracks that physicists hope to decipher.",dark matter may occasionally interact mineral earth leaving telltale track physicist hope decipher,"dark matter may occasionally interact with minerals in the earth, leaving telltale tracks that physicists hope to decipher.",dark matter may occasionally interact with minerals in the earth leaving telltale tracks that physicists hope to decipher,"['dark', 'matter', 'may', 'occasionally', 'interact', 'with', 'minerals', 'in', 'the', 'earth', 'leaving', 'telltale', 'tracks', 'that', 'physicists', 'hope', 'to', 'decipher']","['dark', 'matter', 'may', 'occasionally', 'interact', 'minerals', 'earth', 'leaving', 'telltale', 'tracks', 'physicists', 'hope', 'decipher']","['dark', 'matter', 'may', 'occasionally', 'interact', 'mineral', 'earth', 'leaving', 'telltale', 'track', 'physicist', 'hope', 'decipher']"
How Space and Time Could Be a Quantum Error-Correcting Code,Natalie Wolchover,"January 3, 2019",The same codes needed to thwart errors in quantum computers may also give the fabric of space-time its intrinsic robustness.,code needed thwart error quantum computer may also give fabric space time intrinsic robustness,the same codes needed to thwart errors in quantum computers may also give the fabric of space-time its intrinsic robustness.,the same codes needed to thwart errors in quantum computers may also give the fabric of space time its intrinsic robustness,"['the', 'same', 'codes', 'needed', 'to', 'thwart', 'errors', 'in', 'quantum', 'computers', 'may', 'also', 'give', 'the', 'fabric', 'of', 'space', 'time', 'its', 'intrinsic', 'robustness']","['codes', 'needed', 'thwart', 'errors', 'quantum', 'computers', 'may', 'also', 'give', 'fabric', 'space', 'time', 'intrinsic', 'robustness']","['code', 'needed', 'thwart', 'error', 'quantum', 'computer', 'may', 'also', 'give', 'fabric', 'space', 'time', 'intrinsic', 'robustness']"
Milestone Experiment Proves Quantum Communication Really Is Faster,Kevin Hartnett,"December 19, 2018","In a Paris lab, researchers have shown for the first time that quantum methods of transmitting information are superior to classical ones.",paris lab researcher shown first time quantum method transmitting information superior classical one,"in a paris lab, researchers have shown for the first time that quantum methods of transmitting information are superior to classical ones.",in a paris lab researchers have shown for the first time that quantum methods of transmitting information are superior to classical ones,"['in', 'a', 'paris', 'lab', 'researchers', 'have', 'shown', 'for', 'the', 'first', 'time', 'that', 'quantum', 'methods', 'of', 'transmitting', 'information', 'are', 'superior', 'to', 'classical', 'ones']","['paris', 'lab', 'researchers', 'shown', 'first', 'time', 'quantum', 'methods', 'transmitting', 'information', 'superior', 'classical', 'ones']","['paris', 'lab', 'researcher', 'shown', 'first', 'time', 'quantum', 'method', 'transmitting', 'information', 'superior', 'classical', 'one']"
The Woman Who Gets Called When a Piece of Mars Falls From the Sky,Rebecca Boyle,"December 18, 2018",Planetary geologist Meenakshi Wadhwa uses Martian meteorites to trace the history of our solar system.,planetary geologist meenakshi wadhwa us martian meteorite trace history solar system,planetary geologist meenakshi wadhwa uses martian meteorites to trace the history of our solar system.,planetary geologist meenakshi wadhwa uses martian meteorites to trace the history of our solar system,"['planetary', 'geologist', 'meenakshi', 'wadhwa', 'uses', 'martian', 'meteorites', 'to', 'trace', 'the', 'history', 'of', 'our', 'solar', 'system']","['planetary', 'geologist', 'meenakshi', 'wadhwa', 'uses', 'martian', 'meteorites', 'trace', 'history', 'solar', 'system']","['planetary', 'geologist', 'meenakshi', 'wadhwa', 'us', 'martian', 'meteorite', 'trace', 'history', 'solar', 'system']"
New Studies Rescue Gravitational-Wave Signal From the Noise,Natalie Wolchover,"December 13, 2018",Two independent papers vanquish lingering doubts about LIGO’s historic discovery of gravitational waves.,two independent paper vanquish lingering doubt ligo historic discovery gravitational wave,two independent papers vanquish lingering doubts about ligo’s historic discovery of gravitational waves.,two independent papers vanquish lingering doubts about ligo s historic discovery of gravitational waves,"['two', 'independent', 'papers', 'vanquish', 'lingering', 'doubts', 'about', 'ligo', 's', 'historic', 'discovery', 'of', 'gravitational', 'waves']","['two', 'independent', 'papers', 'vanquish', 'lingering', 'doubts', 'ligo', 'historic', 'discovery', 'gravitational', 'waves']","['two', 'independent', 'paper', 'vanquish', 'lingering', 'doubt', 'ligo', 'historic', 'discovery', 'gravitational', 'wave']"
Why Black Hole Interiors Grow (Almost) Forever,Natalie Wolchover,"December 6, 2018",The renowned physicist Leonard Susskind has identified a possible quantum origin for the ever-growing volume of black holes.,renowned physicist leonard susskind identified possible quantum origin ever growing volume black hole,the renowned physicist leonard susskind has identified a possible quantum origin for the ever-growing volume of black holes.,the renowned physicist leonard susskind has identified a possible quantum origin for the ever growing volume of black holes,"['the', 'renowned', 'physicist', 'leonard', 'susskind', 'has', 'identified', 'a', 'possible', 'quantum', 'origin', 'for', 'the', 'ever', 'growing', 'volume', 'of', 'black', 'holes']","['renowned', 'physicist', 'leonard', 'susskind', 'identified', 'possible', 'quantum', 'origin', 'ever', 'growing', 'volume', 'black', 'holes']","['renowned', 'physicist', 'leonard', 'susskind', 'identified', 'possible', 'quantum', 'origin', 'ever', 'growing', 'volume', 'black', 'hole']"
On the Best Use of Science to Safeguard Humanity,Claudia Dreifus,"December 5, 2018","For 50 years, the astrophysicist Martin Rees has contributed to our understanding of cosmology. Now he is speaking up about the promise and potential dangers of the science and technology that will arrive over the next 50 years and beyond.",year astrophysicist martin rees contributed understanding cosmology speaking promise potential danger science technology arrive next year beyond,"for 50 years, the astrophysicist martin rees has contributed to our understanding of cosmology. now he is speaking up about the promise and potential dangers of the science and technology that will arrive over the next 50 years and beyond.",for years the astrophysicist martin rees has contributed to our understanding of cosmology now he is speaking up about the promise and potential dangers of the science and technology that will arrive over the next years and beyond,"['for', 'years', 'the', 'astrophysicist', 'martin', 'rees', 'has', 'contributed', 'to', 'our', 'understanding', 'of', 'cosmology', 'now', 'he', 'is', 'speaking', 'up', 'about', 'the', 'promise', 'and', 'potential', 'dangers', 'of', 'the', 'science', 'and', 'technology', 'that', 'will', 'arrive', 'over', 'the', 'next', 'years', 'and', 'beyond']","['years', 'astrophysicist', 'martin', 'rees', 'contributed', 'understanding', 'cosmology', 'speaking', 'promise', 'potential', 'dangers', 'science', 'technology', 'arrive', 'next', 'years', 'beyond']","['year', 'astrophysicist', 'martin', 'rees', 'contributed', 'understanding', 'cosmology', 'speaking', 'promise', 'potential', 'danger', 'science', 'technology', 'arrive', 'next', 'year', 'beyond']"
New Quantum Paradox Clarifies Where Our Views of Reality Go Wrong,Anil Ananthaswamy,"December 3, 2018",The Frauchiger-Renner thought experiment has shaken up the world of quantum foundations.,frauchiger renner thought experiment shaken world quantum foundation,the frauchiger-renner thought experiment has shaken up the world of quantum foundations.,the frauchiger renner thought experiment has shaken up the world of quantum foundations,"['the', 'frauchiger', 'renner', 'thought', 'experiment', 'has', 'shaken', 'up', 'the', 'world', 'of', 'quantum', 'foundations']","['frauchiger', 'renner', 'thought', 'experiment', 'shaken', 'world', 'quantum', 'foundations']","['frauchiger', 'renner', 'thought', 'experiment', 'shaken', 'world', 'quantum', 'foundation']"
A Universal Law for the ‘Blood of the Earth’,Joshua Sokol,"November 28, 2018",Simple physical principles can be used to describe how rivers grow everywhere from Florida to Mars.,simple physical principle used describe river grow everywhere florida mar,simple physical principles can be used to describe how rivers grow everywhere from florida to mars.,simple physical principles can be used to describe how rivers grow everywhere from florida to mars,"['simple', 'physical', 'principles', 'can', 'be', 'used', 'to', 'describe', 'how', 'rivers', 'grow', 'everywhere', 'from', 'florida', 'to', 'mars']","['simple', 'physical', 'principles', 'used', 'describe', 'rivers', 'grow', 'everywhere', 'florida', 'mars']","['simple', 'physical', 'principle', 'used', 'describe', 'river', 'grow', 'everywhere', 'florida', 'mar']"
Galactic Beacons Get Snuffed Out in a Cosmic Eyeblink,Shannon Hall,"November 21, 2018",Quasars powered by supermassive black holes have been unexpectedly vanishing. Scientists have started to figure out why.,quasar powered supermassive black hole unexpectedly vanishing scientist started figure,quasars powered by supermassive black holes have been unexpectedly vanishing. scientists have started to figure out why.,quasars powered by supermassive black holes have been unexpectedly vanishing scientists have started to figure out why,"['quasars', 'powered', 'by', 'supermassive', 'black', 'holes', 'have', 'been', 'unexpectedly', 'vanishing', 'scientists', 'have', 'started', 'to', 'figure', 'out', 'why']","['quasars', 'powered', 'supermassive', 'black', 'holes', 'unexpectedly', 'vanishing', 'scientists', 'started', 'figure']","['quasar', 'powered', 'supermassive', 'black', 'hole', 'unexpectedly', 'vanishing', 'scientist', 'started', 'figure']"
Universal Quantum Phenomenon Found in Strange Metals,Natalie Wolchover,"November 19, 2018",Experiments suggest that exotic superconducting materials share a “strange metal” state characterized by a quantum speed limit that somehow acts as a fundamental organizing principle.,experiment suggest exotic superconducting material share strange metal state characterized quantum speed limit somehow act fundamental organizing principle,experiments suggest that exotic superconducting materials share a “strange metal” state characterized by a quantum speed limit that somehow acts as a fundamental organizing principle.,experiments suggest that exotic superconducting materials share a strange metal state characterized by a quantum speed limit that somehow acts as a fundamental organizing principle,"['experiments', 'suggest', 'that', 'exotic', 'superconducting', 'materials', 'share', 'a', 'strange', 'metal', 'state', 'characterized', 'by', 'a', 'quantum', 'speed', 'limit', 'that', 'somehow', 'acts', 'as', 'a', 'fundamental', 'organizing', 'principle']","['experiments', 'suggest', 'exotic', 'superconducting', 'materials', 'share', 'strange', 'metal', 'state', 'characterized', 'quantum', 'speed', 'limit', 'somehow', 'acts', 'fundamental', 'organizing', 'principle']","['experiment', 'suggest', 'exotic', 'superconducting', 'material', 'share', 'strange', 'metal', 'state', 'characterized', 'quantum', 'speed', 'limit', 'somehow', 'act', 'fundamental', 'organizing', 'principle']"
How Holography Could Help Solve Quantum Gravity,Thomas Lin,"November 14, 2018","In the latest campaign to reconcile Einstein’s theory of gravity with quantum mechanics, many physicists are studying how a higher dimensional space that includes gravity arises like a hologram from a lower dimensional particle theory.",latest campaign reconcile einstein theory gravity quantum mechanic many physicist studying higher dimensional space includes gravity arises like hologram lower dimensional particle theory,"in the latest campaign to reconcile einstein’s theory of gravity with quantum mechanics, many physicists are studying how a higher dimensional space that includes gravity arises like a hologram from a lower dimensional particle theory.",in the latest campaign to reconcile einstein s theory of gravity with quantum mechanics many physicists are studying how a higher dimensional space that includes gravity arises like a hologram from a lower dimensional particle theory,"['in', 'the', 'latest', 'campaign', 'to', 'reconcile', 'einstein', 's', 'theory', 'of', 'gravity', 'with', 'quantum', 'mechanics', 'many', 'physicists', 'are', 'studying', 'how', 'a', 'higher', 'dimensional', 'space', 'that', 'includes', 'gravity', 'arises', 'like', 'a', 'hologram', 'from', 'a', 'lower', 'dimensional', 'particle', 'theory']","['latest', 'campaign', 'reconcile', 'einstein', 'theory', 'gravity', 'quantum', 'mechanics', 'many', 'physicists', 'studying', 'higher', 'dimensional', 'space', 'includes', 'gravity', 'arises', 'like', 'hologram', 'lower', 'dimensional', 'particle', 'theory']","['latest', 'campaign', 'reconcile', 'einstein', 'theory', 'gravity', 'quantum', 'mechanic', 'many', 'physicist', 'studying', 'higher', 'dimensional', 'space', 'includes', 'gravity', 'arises', 'like', 'hologram', 'lower', 'dimensional', 'particle', 'theory']"
An Italian Cosmologist Who Wanders in Dante’s Dark Wood,Siobhan Roberts,"November 13, 2018","A scientist and programmer with a literary bent, Valeria Pettorino thinks multiple angles and diverse points of view are needed to unriddle the nature of dark matter and dark energy.",scientist programmer literary bent valeria pettorino think multiple angle diverse point view needed unriddle nature dark matter dark energy,"a scientist and programmer with a literary bent, valeria pettorino thinks multiple angles and diverse points of view are needed to unriddle the nature of dark matter and dark energy.",a scientist and programmer with a literary bent valeria pettorino thinks multiple angles and diverse points of view are needed to unriddle the nature of dark matter and dark energy,"['a', 'scientist', 'and', 'programmer', 'with', 'a', 'literary', 'bent', 'valeria', 'pettorino', 'thinks', 'multiple', 'angles', 'and', 'diverse', 'points', 'of', 'view', 'are', 'needed', 'to', 'unriddle', 'the', 'nature', 'of', 'dark', 'matter', 'and', 'dark', 'energy']","['scientist', 'programmer', 'literary', 'bent', 'valeria', 'pettorino', 'thinks', 'multiple', 'angles', 'diverse', 'points', 'view', 'needed', 'unriddle', 'nature', 'dark', 'matter', 'dark', 'energy']","['scientist', 'programmer', 'literary', 'bent', 'valeria', 'pettorino', 'think', 'multiple', 'angle', 'diverse', 'point', 'view', 'needed', 'unriddle', 'nature', 'dark', 'matter', 'dark', 'energy']"
Astronomers Creep Up to the Edge of the Milky Way’s Black Hole,Joshua Sokol,"October 30, 2018",Hot spots have been discovered orbiting just outside the supermassive black hole at the galaxy’s center. Their motions have given us the closest look at that violent environment.,hot spot discovered orbiting outside supermassive black hole galaxy center motion given u closest look violent environment,hot spots have been discovered orbiting just outside the supermassive black hole at the galaxy’s center. their motions have given us the closest look at that violent environment.,hot spots have been discovered orbiting just outside the supermassive black hole at the galaxy s center their motions have given us the closest look at that violent environment,"['hot', 'spots', 'have', 'been', 'discovered', 'orbiting', 'just', 'outside', 'the', 'supermassive', 'black', 'hole', 'at', 'the', 'galaxy', 's', 'center', 'their', 'motions', 'have', 'given', 'us', 'the', 'closest', 'look', 'at', 'that', 'violent', 'environment']","['hot', 'spots', 'discovered', 'orbiting', 'outside', 'supermassive', 'black', 'hole', 'galaxy', 'center', 'motions', 'given', 'us', 'closest', 'look', 'violent', 'environment']","['hot', 'spot', 'discovered', 'orbiting', 'outside', 'supermassive', 'black', 'hole', 'galaxy', 'center', 'motion', 'given', 'u', 'closest', 'look', 'violent', 'environment']"
Prepping for a Flood of Heavenly Bodies,Liz Kruesi,"October 24, 2018",Mario Jurić is leading the push to get astronomy ready for the torrents of data that are about to flow.,mario juri leading push get astronomy ready torrent data flow,mario jurić is leading the push to get astronomy ready for the torrents of data that are about to flow.,mario juri is leading the push to get astronomy ready for the torrents of data that are about to flow,"['mario', 'juri', 'is', 'leading', 'the', 'push', 'to', 'get', 'astronomy', 'ready', 'for', 'the', 'torrents', 'of', 'data', 'that', 'are', 'about', 'to', 'flow']","['mario', 'juri', 'leading', 'push', 'get', 'astronomy', 'ready', 'torrents', 'data', 'flow']","['mario', 'juri', 'leading', 'push', 'get', 'astronomy', 'ready', 'torrent', 'data', 'flow']"
Why the Many-Worlds Interpretation Has Many Problems,Philip Ball,"October 18, 2018","The idea that the universe splits into multiple realities with every measurement has become an increasingly popular proposed solution to the mysteries of quantum mechanics. But this “many-worlds interpretation” is incoherent, Philip Ball argues in this adapted excerpt from his new book Beyond Weird.",idea universe split multiple reality every measurement become increasingly popular proposed solution mystery quantum mechanic many world interpretation incoherent philip ball argues adapted excerpt new book beyond weird,"the idea that the universe splits into multiple realities with every measurement has become an increasingly popular proposed solution to the mysteries of quantum mechanics. but this “many-worlds interpretation” is incoherent, philip ball argues in this adapted excerpt from his new book beyond weird.",the idea that the universe splits into multiple realities with every measurement has become an increasingly popular proposed solution to the mysteries of quantum mechanics but this many worlds interpretation is incoherent philip ball argues in this adapted excerpt from his new book beyond weird,"['the', 'idea', 'that', 'the', 'universe', 'splits', 'into', 'multiple', 'realities', 'with', 'every', 'measurement', 'has', 'become', 'an', 'increasingly', 'popular', 'proposed', 'solution', 'to', 'the', 'mysteries', 'of', 'quantum', 'mechanics', 'but', 'this', 'many', 'worlds', 'interpretation', 'is', 'incoherent', 'philip', 'ball', 'argues', 'in', 'this', 'adapted', 'excerpt', 'from', 'his', 'new', 'book', 'beyond', 'weird']","['idea', 'universe', 'splits', 'multiple', 'realities', 'every', 'measurement', 'become', 'increasingly', 'popular', 'proposed', 'solution', 'mysteries', 'quantum', 'mechanics', 'many', 'worlds', 'interpretation', 'incoherent', 'philip', 'ball', 'argues', 'adapted', 'excerpt', 'new', 'book', 'beyond', 'weird']","['idea', 'universe', 'split', 'multiple', 'reality', 'every', 'measurement', 'become', 'increasingly', 'popular', 'proposed', 'solution', 'mystery', 'quantum', 'mechanic', 'many', 'world', 'interpretation', 'incoherent', 'philip', 'ball', 'argues', 'adapted', 'excerpt', 'new', 'book', 'beyond', 'weird']"
Famous Experiment Dooms Alternative to Quantum Weirdness,Natalie Wolchover,"October 11, 2018","Oil droplets guided by “pilot waves” have failed to reproduce the results of the quantum double-slit experiment, crushing a century-old dream that there exists a single, concrete reality.",oil droplet guided pilot wave failed reproduce result quantum double slit experiment crushing century old dream exists single concrete reality,"oil droplets guided by “pilot waves” have failed to reproduce the results of the quantum double-slit experiment, crushing a century-old dream that there exists a single, concrete reality.",oil droplets guided by pilot waves have failed to reproduce the results of the quantum double slit experiment crushing a century old dream that there exists a single concrete reality,"['oil', 'droplets', 'guided', 'by', 'pilot', 'waves', 'have', 'failed', 'to', 'reproduce', 'the', 'results', 'of', 'the', 'quantum', 'double', 'slit', 'experiment', 'crushing', 'a', 'century', 'old', 'dream', 'that', 'there', 'exists', 'a', 'single', 'concrete', 'reality']","['oil', 'droplets', 'guided', 'pilot', 'waves', 'failed', 'reproduce', 'results', 'quantum', 'double', 'slit', 'experiment', 'crushing', 'century', 'old', 'dream', 'exists', 'single', 'concrete', 'reality']","['oil', 'droplet', 'guided', 'pilot', 'wave', 'failed', 'reproduce', 'result', 'quantum', 'double', 'slit', 'experiment', 'crushing', 'century', 'old', 'dream', 'exists', 'single', 'concrete', 'reality']"
Interstellar Visitor Found to Be Unlike a Comet or an Asteroid,Ramin Skibba,"October 10, 2018","The mystery of ’Oumuamua, the first interstellar object ever observed, continues to deepen.",mystery oumuamua first interstellar object ever observed continues deepen,"the mystery of ’oumuamua, the first interstellar object ever observed, continues to deepen.",the mystery of oumuamua the first interstellar object ever observed continues to deepen,"['the', 'mystery', 'of', 'oumuamua', 'the', 'first', 'interstellar', 'object', 'ever', 'observed', 'continues', 'to', 'deepen']","['mystery', 'oumuamua', 'first', 'interstellar', 'object', 'ever', 'observed', 'continues', 'deepen']","['mystery', 'oumuamua', 'first', 'interstellar', 'object', 'ever', 'observed', 'continues', 'deepen']"
Planets Found to Be Larger Than the Disks They Come From,Rebecca Boyle,"October 4, 2018",The new finding is challenging established theories of how planets come to be.,new finding challenging established theory planet come,the new finding is challenging established theories of how planets come to be.,the new finding is challenging established theories of how planets come to be,"['the', 'new', 'finding', 'is', 'challenging', 'established', 'theories', 'of', 'how', 'planets', 'come', 'to', 'be']","['new', 'finding', 'challenging', 'established', 'theories', 'planets', 'come']","['new', 'finding', 'challenging', 'established', 'theory', 'planet', 'come']"
"Laser Physicists, Including Third Woman Ever, Win Physics Nobel",Michael Moyer,"October 2, 2018",Three researchers shared the Nobel Prize in Physics for advances in laser physics. The winners include a woman for the first time in 55 years.,three researcher shared nobel prize physic advance laser physic winner include woman first time year,three researchers shared the nobel prize in physics for advances in laser physics. the winners include a woman for the first time in 55 years.,three researchers shared the nobel prize in physics for advances in laser physics the winners include a woman for the first time in years,"['three', 'researchers', 'shared', 'the', 'nobel', 'prize', 'in', 'physics', 'for', 'advances', 'in', 'laser', 'physics', 'the', 'winners', 'include', 'a', 'woman', 'for', 'the', 'first', 'time', 'in', 'years']","['three', 'researchers', 'shared', 'nobel', 'prize', 'physics', 'advances', 'laser', 'physics', 'winners', 'include', 'woman', 'first', 'time', 'years']","['three', 'researcher', 'shared', 'nobel', 'prize', 'physic', 'advance', 'laser', 'physic', 'winner', 'include', 'woman', 'first', 'time', 'year']"
‘Quantum Atmospheres’ May Reveal Secrets of Matter,Marcus Woo,"September 25, 2018",A new theory proposes that the quantum properties of an object extend into an “atmosphere” that surrounds the material.,new theory proposes quantum property object extend atmosphere surround material,a new theory proposes that the quantum properties of an object extend into an “atmosphere” that surrounds the material.,a new theory proposes that the quantum properties of an object extend into an atmosphere that surrounds the material,"['a', 'new', 'theory', 'proposes', 'that', 'the', 'quantum', 'properties', 'of', 'an', 'object', 'extend', 'into', 'an', 'atmosphere', 'that', 'surrounds', 'the', 'material']","['new', 'theory', 'proposes', 'quantum', 'properties', 'object', 'extend', 'atmosphere', 'surrounds', 'material']","['new', 'theory', 'proposes', 'quantum', 'property', 'object', 'extend', 'atmosphere', 'surround', 'material']"
A Short History of the Missing Universe,Katia Moskvitch,"September 19, 2018",Astronomers have known where the universe’s missing matter has been hiding for the past 20 years. So why did it take so long to find it?,astronomer known universe missing matter hiding past year take long find,astronomers have known where the universe’s missing matter has been hiding for the past 20 years. so why did it take so long to find it?,astronomers have known where the universe s missing matter has been hiding for the past years so why did it take so long to find it,"['astronomers', 'have', 'known', 'where', 'the', 'universe', 's', 'missing', 'matter', 'has', 'been', 'hiding', 'for', 'the', 'past', 'years', 'so', 'why', 'did', 'it', 'take', 'so', 'long', 'to', 'find', 'it']","['astronomers', 'known', 'universe', 'missing', 'matter', 'hiding', 'past', 'years', 'take', 'long', 'find']","['astronomer', 'known', 'universe', 'missing', 'matter', 'hiding', 'past', 'year', 'take', 'long', 'find']"
A New Test for the Leading Big Bang Theory,Natalie Wolchover,"September 11, 2018",Cosmologists have predicted the existence of an oscillating signal that could distinguish between cosmic inflation and alternative theories of the universe’s birth.,cosmologist predicted existence oscillating signal could distinguish cosmic inflation alternative theory universe birth,cosmologists have predicted the existence of an oscillating signal that could distinguish between cosmic inflation and alternative theories of the universe’s birth.,cosmologists have predicted the existence of an oscillating signal that could distinguish between cosmic inflation and alternative theories of the universe s birth,"['cosmologists', 'have', 'predicted', 'the', 'existence', 'of', 'an', 'oscillating', 'signal', 'that', 'could', 'distinguish', 'between', 'cosmic', 'inflation', 'and', 'alternative', 'theories', 'of', 'the', 'universe', 's', 'birth']","['cosmologists', 'predicted', 'existence', 'oscillating', 'signal', 'could', 'distinguish', 'cosmic', 'inflation', 'alternative', 'theories', 'universe', 'birth']","['cosmologist', 'predicted', 'existence', 'oscillating', 'signal', 'could', 'distinguish', 'cosmic', 'inflation', 'alternative', 'theory', 'universe', 'birth']"
The Last of the Universe’s Ordinary Matter Has Been Found,Katia Moskvitch,"September 10, 2018","For decades, astronomers weren’t able to find all of the atomic matter in the universe. A series of recent papers has revealed where it’s been hiding.",decade astronomer able find atomic matter universe series recent paper revealed hiding,"for decades, astronomers weren’t able to find all of the atomic matter in the universe. a series of recent papers has revealed where it’s been hiding.",for decades astronomers weren t able to find all of the atomic matter in the universe a series of recent papers has revealed where it s been hiding,"['for', 'decades', 'astronomers', 'weren', 't', 'able', 'to', 'find', 'all', 'of', 'the', 'atomic', 'matter', 'in', 'the', 'universe', 'a', 'series', 'of', 'recent', 'papers', 'has', 'revealed', 'where', 'it', 's', 'been', 'hiding']","['decades', 'astronomers', 'able', 'find', 'atomic', 'matter', 'universe', 'series', 'recent', 'papers', 'revealed', 'hiding']","['decade', 'astronomer', 'able', 'find', 'atomic', 'matter', 'universe', 'series', 'recent', 'paper', 'revealed', 'hiding']"
The Strange Numbers That Birthed Modern Algebra,Charlie Wood,"September 6, 2018","The 19th-century discovery of numbers called “quaternions” gave mathematicians a way to describe rotations in space, forever changing physics and math.",th century discovery number called quaternion gave mathematician way describe rotation space forever changing physic math,"the 19th-century discovery of numbers called “quaternions” gave mathematicians a way to describe rotations in space, forever changing physics and math.",the th century discovery of numbers called quaternions gave mathematicians a way to describe rotations in space forever changing physics and math,"['the', 'th', 'century', 'discovery', 'of', 'numbers', 'called', 'quaternions', 'gave', 'mathematicians', 'a', 'way', 'to', 'describe', 'rotations', 'in', 'space', 'forever', 'changing', 'physics', 'and', 'math']","['th', 'century', 'discovery', 'numbers', 'called', 'quaternions', 'gave', 'mathematicians', 'way', 'describe', 'rotations', 'space', 'forever', 'changing', 'physics', 'math']","['th', 'century', 'discovery', 'number', 'called', 'quaternion', 'gave', 'mathematician', 'way', 'describe', 'rotation', 'space', 'forever', 'changing', 'physic', 'math']"
"To Understand Volcanoes on Other Worlds, Stand On Our Own",Shannon Hall,"August 28, 2018",Rosaly Lopes has visited dozens of active volcanoes on Earth and discovered even more elsewhere in the solar system. Her work is helping to establish whether volcanoes on distant moons could create conditions friendly to life.,rosaly lope visited dozen active volcano earth discovered even elsewhere solar system work helping establish whether volcano distant moon could create condition friendly life,rosaly lopes has visited dozens of active volcanoes on earth and discovered even more elsewhere in the solar system. her work is helping to establish whether volcanoes on distant moons could create conditions friendly to life.,rosaly lopes has visited dozens of active volcanoes on earth and discovered even more elsewhere in the solar system her work is helping to establish whether volcanoes on distant moons could create conditions friendly to life,"['rosaly', 'lopes', 'has', 'visited', 'dozens', 'of', 'active', 'volcanoes', 'on', 'earth', 'and', 'discovered', 'even', 'more', 'elsewhere', 'in', 'the', 'solar', 'system', 'her', 'work', 'is', 'helping', 'to', 'establish', 'whether', 'volcanoes', 'on', 'distant', 'moons', 'could', 'create', 'conditions', 'friendly', 'to', 'life']","['rosaly', 'lopes', 'visited', 'dozens', 'active', 'volcanoes', 'earth', 'discovered', 'even', 'elsewhere', 'solar', 'system', 'work', 'helping', 'establish', 'whether', 'volcanoes', 'distant', 'moons', 'could', 'create', 'conditions', 'friendly', 'life']","['rosaly', 'lope', 'visited', 'dozen', 'active', 'volcano', 'earth', 'discovered', 'even', 'elsewhere', 'solar', 'system', 'work', 'helping', 'establish', 'whether', 'volcano', 'distant', 'moon', 'could', 'create', 'condition', 'friendly', 'life']"
The End of Theoretical Physics as We Know It,Sabine Hossenfelder,"August 27, 2018",Computer simulations and custom-built quantum analogues are changing what it means to search for the laws of nature.,computer simulation custom built quantum analogue changing mean search law nature,computer simulations and custom-built quantum analogues are changing what it means to search for the laws of nature.,computer simulations and custom built quantum analogues are changing what it means to search for the laws of nature,"['computer', 'simulations', 'and', 'custom', 'built', 'quantum', 'analogues', 'are', 'changing', 'what', 'it', 'means', 'to', 'search', 'for', 'the', 'laws', 'of', 'nature']","['computer', 'simulations', 'custom', 'built', 'quantum', 'analogues', 'changing', 'means', 'search', 'laws', 'nature']","['computer', 'simulation', 'custom', 'built', 'quantum', 'analogue', 'changing', 'mean', 'search', 'law', 'nature']"
Black Hole Firewalls Could Be Too Tepid to Burn,Charlie Wood,"August 22, 2018",String theorists elide a paradox about black holes by extinguishing the walls of fire feared to surround them.,string theorist elide paradox black hole extinguishing wall fire feared surround,string theorists elide a paradox about black holes by extinguishing the walls of fire feared to surround them.,string theorists elide a paradox about black holes by extinguishing the walls of fire feared to surround them,"['string', 'theorists', 'elide', 'a', 'paradox', 'about', 'black', 'holes', 'by', 'extinguishing', 'the', 'walls', 'of', 'fire', 'feared', 'to', 'surround', 'them']","['string', 'theorists', 'elide', 'paradox', 'black', 'holes', 'extinguishing', 'walls', 'fire', 'feared', 'surround']","['string', 'theorist', 'elide', 'paradox', 'black', 'hole', 'extinguishing', 'wall', 'fire', 'feared', 'surround']"
Dark Energy May Be Incompatible With String Theory,Natalie Wolchover,"August 9, 2018",A controversial new paper argues that universes with dark energy profiles like ours do not exist in the “landscape” of universes allowed by string theory.,controversial new paper argues universe dark energy profile like not exist landscape universe allowed string theory,a controversial new paper argues that universes with dark energy profiles like ours do not exist in the “landscape” of universes allowed by string theory.,a controversial new paper argues that universes with dark energy profiles like ours do not exist in the landscape of universes allowed by string theory,"['a', 'controversial', 'new', 'paper', 'argues', 'that', 'universes', 'with', 'dark', 'energy', 'profiles', 'like', 'ours', 'do', 'not', 'exist', 'in', 'the', 'landscape', 'of', 'universes', 'allowed', 'by', 'string', 'theory']","['controversial', 'new', 'paper', 'argues', 'universes', 'dark', 'energy', 'profiles', 'like', 'not', 'exist', 'landscape', 'universes', 'allowed', 'string', 'theory']","['controversial', 'new', 'paper', 'argues', 'universe', 'dark', 'energy', 'profile', 'like', 'not', 'exist', 'landscape', 'universe', 'allowed', 'string', 'theory']"
Star-Swallowing Black Holes Reveal Secrets in Exotic Light Shows,Joshua Sokol,"August 8, 2018",Black holes occasionally reveal themselves when passing stars get ripped apart by their gravity. These tidal disruption events have created a new way for astronomers to map the hidden cosmos.,black hole occasionally reveal passing star get ripped apart gravity tidal disruption event created new way astronomer map hidden cosmos,black holes occasionally reveal themselves when passing stars get ripped apart by their gravity. these tidal disruption events have created a new way for astronomers to map the hidden cosmos.,black holes occasionally reveal themselves when passing stars get ripped apart by their gravity these tidal disruption events have created a new way for astronomers to map the hidden cosmos,"['black', 'holes', 'occasionally', 'reveal', 'themselves', 'when', 'passing', 'stars', 'get', 'ripped', 'apart', 'by', 'their', 'gravity', 'these', 'tidal', 'disruption', 'events', 'have', 'created', 'a', 'new', 'way', 'for', 'astronomers', 'to', 'map', 'the', 'hidden', 'cosmos']","['black', 'holes', 'occasionally', 'reveal', 'passing', 'stars', 'get', 'ripped', 'apart', 'gravity', 'tidal', 'disruption', 'events', 'created', 'new', 'way', 'astronomers', 'map', 'hidden', 'cosmos']","['black', 'hole', 'occasionally', 'reveal', 'passing', 'star', 'get', 'ripped', 'apart', 'gravity', 'tidal', 'disruption', 'event', 'created', 'new', 'way', 'astronomer', 'map', 'hidden', 'cosmos']"
Closed Loophole Confirms the Unreality of the Quantum World,Anil Ananthaswamy,"July 25, 2018",A quickly closed loophole has proved that the “great smoky dragon” of quantum mechanics may forever elude capture.,quickly closed loophole proved great smoky dragon quantum mechanic may forever elude capture,a quickly closed loophole has proved that the “great smoky dragon” of quantum mechanics may forever elude capture.,a quickly closed loophole has proved that the great smoky dragon of quantum mechanics may forever elude capture,"['a', 'quickly', 'closed', 'loophole', 'has', 'proved', 'that', 'the', 'great', 'smoky', 'dragon', 'of', 'quantum', 'mechanics', 'may', 'forever', 'elude', 'capture']","['quickly', 'closed', 'loophole', 'proved', 'great', 'smoky', 'dragon', 'quantum', 'mechanics', 'may', 'forever', 'elude', 'capture']","['quickly', 'closed', 'loophole', 'proved', 'great', 'smoky', 'dragon', 'quantum', 'mechanic', 'may', 'forever', 'elude', 'capture']"
How Artificial Intelligence Can Supercharge the Search for New Particles,Charlie Wood,"July 23, 2018","In the hunt for new fundamental particles, physicists have always had to make assumptions about how the particles will behave. New machine learning algorithms don’t.",hunt new fundamental particle physicist always make assumption particle behave new machine learning algorithm,"in the hunt for new fundamental particles, physicists have always had to make assumptions about how the particles will behave. new machine learning algorithms don’t.",in the hunt for new fundamental particles physicists have always had to make assumptions about how the particles will behave new machine learning algorithms don t,"['in', 'the', 'hunt', 'for', 'new', 'fundamental', 'particles', 'physicists', 'have', 'always', 'had', 'to', 'make', 'assumptions', 'about', 'how', 'the', 'particles', 'will', 'behave', 'new', 'machine', 'learning', 'algorithms', 'don', 't']","['hunt', 'new', 'fundamental', 'particles', 'physicists', 'always', 'make', 'assumptions', 'particles', 'behave', 'new', 'machine', 'learning', 'algorithms']","['hunt', 'new', 'fundamental', 'particle', 'physicist', 'always', 'make', 'assumption', 'particle', 'behave', 'new', 'machine', 'learning', 'algorithm']"
The Peculiar Math That Could Underlie the Laws of Nature,Natalie Wolchover,"July 20, 2018",New findings are fueling an old suspicion that fundamental particles and forces spring from strange eight-part numbers called “octonions.”,new finding fueling old suspicion fundamental particle force spring strange eight part number called octonions,new findings are fueling an old suspicion that fundamental particles and forces spring from strange eight-part numbers called “octonions.”,new findings are fueling an old suspicion that fundamental particles and forces spring from strange eight part numbers called octonions,"['new', 'findings', 'are', 'fueling', 'an', 'old', 'suspicion', 'that', 'fundamental', 'particles', 'and', 'forces', 'spring', 'from', 'strange', 'eight', 'part', 'numbers', 'called', 'octonions']","['new', 'findings', 'fueling', 'old', 'suspicion', 'fundamental', 'particles', 'forces', 'spring', 'strange', 'eight', 'part', 'numbers', 'called', 'octonions']","['new', 'finding', 'fueling', 'old', 'suspicion', 'fundamental', 'particle', 'force', 'spring', 'strange', 'eight', 'part', 'number', 'called', 'octonions']"
Three Major Physics Discoveries and Counting,Joshua Roebke,"July 18, 2018",Sau Lan Wu spent decades working to establish the Standard Model of particle physics. Now she’s searching for what lies beyond it.,sau lan wu spent decade working establish standard model particle physic searching lie beyond,sau lan wu spent decades working to establish the standard model of particle physics. now she’s searching for what lies beyond it.,sau lan wu spent decades working to establish the standard model of particle physics now she s searching for what lies beyond it,"['sau', 'lan', 'wu', 'spent', 'decades', 'working', 'to', 'establish', 'the', 'standard', 'model', 'of', 'particle', 'physics', 'now', 'she', 's', 'searching', 'for', 'what', 'lies', 'beyond', 'it']","['sau', 'lan', 'wu', 'spent', 'decades', 'working', 'establish', 'standard', 'model', 'particle', 'physics', 'searching', 'lies', 'beyond']","['sau', 'lan', 'wu', 'spent', 'decade', 'working', 'establish', 'standard', 'model', 'particle', 'physic', 'searching', 'lie', 'beyond']"
Neutrinos Linked With Cosmic Source for the First Time,Katia Moskvitch,"July 12, 2018",High-energy neutrinos have been traced back to a flaring supermassive black hole known as a blazar. The long-sought link opens the door to an entirely new way to study the universe.,high energy neutrino traced back flaring supermassive black hole known blazar long sought link open door entirely new way study universe,high-energy neutrinos have been traced back to a flaring supermassive black hole known as a blazar. the long-sought link opens the door to an entirely new way to study the universe.,high energy neutrinos have been traced back to a flaring supermassive black hole known as a blazar the long sought link opens the door to an entirely new way to study the universe,"['high', 'energy', 'neutrinos', 'have', 'been', 'traced', 'back', 'to', 'a', 'flaring', 'supermassive', 'black', 'hole', 'known', 'as', 'a', 'blazar', 'the', 'long', 'sought', 'link', 'opens', 'the', 'door', 'to', 'an', 'entirely', 'new', 'way', 'to', 'study', 'the', 'universe']","['high', 'energy', 'neutrinos', 'traced', 'back', 'flaring', 'supermassive', 'black', 'hole', 'known', 'blazar', 'long', 'sought', 'link', 'opens', 'door', 'entirely', 'new', 'way', 'study', 'universe']","['high', 'energy', 'neutrino', 'traced', 'back', 'flaring', 'supermassive', 'black', 'hole', 'known', 'blazar', 'long', 'sought', 'link', 'open', 'door', 'entirely', 'new', 'way', 'study', 'universe']"
The Hunt for Earth’s Deep Hidden Oceans,Marcus Woo,"July 11, 2018",Water-bearing minerals reveal that Earth’s mantle could hold more water than all its oceans. Researchers now ask: Where did it all come from?,water bearing mineral reveal earth mantle could hold water ocean researcher ask come,water-bearing minerals reveal that earth’s mantle could hold more water than all its oceans. researchers now ask: where did it all come from?,water bearing minerals reveal that earth s mantle could hold more water than all its oceans researchers now ask where did it all come from,"['water', 'bearing', 'minerals', 'reveal', 'that', 'earth', 's', 'mantle', 'could', 'hold', 'more', 'water', 'than', 'all', 'its', 'oceans', 'researchers', 'now', 'ask', 'where', 'did', 'it', 'all', 'come', 'from']","['water', 'bearing', 'minerals', 'reveal', 'earth', 'mantle', 'could', 'hold', 'water', 'oceans', 'researchers', 'ask', 'come']","['water', 'bearing', 'mineral', 'reveal', 'earth', 'mantle', 'could', 'hold', 'water', 'ocean', 'researcher', 'ask', 'come']"
What Is the Sun Made Of and When Will It Die?,Natalie Wolchover,"July 5, 2018","If and when physicists are able to pin down the metal content of the sun, that number could upend much of what we thought we knew about the evolution and life span of stars.",physicist able pin metal content sun number could upend much thought knew evolution life span star,"if and when physicists are able to pin down the metal content of the sun, that number could upend much of what we thought we knew about the evolution and life span of stars.",if and when physicists are able to pin down the metal content of the sun that number could upend much of what we thought we knew about the evolution and life span of stars,"['if', 'and', 'when', 'physicists', 'are', 'able', 'to', 'pin', 'down', 'the', 'metal', 'content', 'of', 'the', 'sun', 'that', 'number', 'could', 'upend', 'much', 'of', 'what', 'we', 'thought', 'we', 'knew', 'about', 'the', 'evolution', 'and', 'life', 'span', 'of', 'stars']","['physicists', 'able', 'pin', 'metal', 'content', 'sun', 'number', 'could', 'upend', 'much', 'thought', 'knew', 'evolution', 'life', 'span', 'stars']","['physicist', 'able', 'pin', 'metal', 'content', 'sun', 'number', 'could', 'upend', 'much', 'thought', 'knew', 'evolution', 'life', 'span', 'star']"
Why Can’t We Find Planet Nine?,Charlie Wood,"July 3, 2018","Astronomers suspect that there’s a large planet hiding out in the distant fringes of the solar system. At a recent workshop, they brainstormed ways to coax it into view.",astronomer suspect large planet hiding distant fringe solar system recent workshop brainstormed way coax view,"astronomers suspect that there’s a large planet hiding out in the distant fringes of the solar system. at a recent workshop, they brainstormed ways to coax it into view.",astronomers suspect that there s a large planet hiding out in the distant fringes of the solar system at a recent workshop they brainstormed ways to coax it into view,"['astronomers', 'suspect', 'that', 'there', 's', 'a', 'large', 'planet', 'hiding', 'out', 'in', 'the', 'distant', 'fringes', 'of', 'the', 'solar', 'system', 'at', 'a', 'recent', 'workshop', 'they', 'brainstormed', 'ways', 'to', 'coax', 'it', 'into', 'view']","['astronomers', 'suspect', 'large', 'planet', 'hiding', 'distant', 'fringes', 'solar', 'system', 'recent', 'workshop', 'brainstormed', 'ways', 'coax', 'view']","['astronomer', 'suspect', 'large', 'planet', 'hiding', 'distant', 'fringe', 'solar', 'system', 'recent', 'workshop', 'brainstormed', 'way', 'coax', 'view']"
The Young Milky Way Collided With a Dwarf Galaxy,Ramin Skibba,"June 28, 2018",Astronomers have found stars dating from a long-ago collision between the Milky Way and another galaxy. The crash helps to explain why the Milky Way looks the way it does.,astronomer found star dating long ago collision milky way another galaxy crash help explain milky way look way,astronomers have found stars dating from a long-ago collision between the milky way and another galaxy. the crash helps to explain why the milky way looks the way it does.,astronomers have found stars dating from a long ago collision between the milky way and another galaxy the crash helps to explain why the milky way looks the way it does,"['astronomers', 'have', 'found', 'stars', 'dating', 'from', 'a', 'long', 'ago', 'collision', 'between', 'the', 'milky', 'way', 'and', 'another', 'galaxy', 'the', 'crash', 'helps', 'to', 'explain', 'why', 'the', 'milky', 'way', 'looks', 'the', 'way', 'it', 'does']","['astronomers', 'found', 'stars', 'dating', 'long', 'ago', 'collision', 'milky', 'way', 'another', 'galaxy', 'crash', 'helps', 'explain', 'milky', 'way', 'looks', 'way']","['astronomer', 'found', 'star', 'dating', 'long', 'ago', 'collision', 'milky', 'way', 'another', 'galaxy', 'crash', 'help', 'explain', 'milky', 'way', 'look', 'way']"
Mathematicians Tame Turbulence in Flattened Fluids,Joshua Sokol,"June 27, 2018","By squeezing fluids into flat sheets, researchers can get a handle on the strange ways that turbulence feeds energy into a system instead of eating it away.",squeezing fluid flat sheet researcher get handle strange way turbulence feed energy system instead eating away,"by squeezing fluids into flat sheets, researchers can get a handle on the strange ways that turbulence feeds energy into a system instead of eating it away.",by squeezing fluids into flat sheets researchers can get a handle on the strange ways that turbulence feeds energy into a system instead of eating it away,"['by', 'squeezing', 'fluids', 'into', 'flat', 'sheets', 'researchers', 'can', 'get', 'a', 'handle', 'on', 'the', 'strange', 'ways', 'that', 'turbulence', 'feeds', 'energy', 'into', 'a', 'system', 'instead', 'of', 'eating', 'it', 'away']","['squeezing', 'fluids', 'flat', 'sheets', 'researchers', 'get', 'handle', 'strange', 'ways', 'turbulence', 'feeds', 'energy', 'system', 'instead', 'eating', 'away']","['squeezing', 'fluid', 'flat', 'sheet', 'researcher', 'get', 'handle', 'strange', 'way', 'turbulence', 'feed', 'energy', 'system', 'instead', 'eating', 'away']"
Real-Life Schrödinger’s Cats Probe the Boundary of the Quantum World,Philip Ball,"June 25, 2018","Recent experiments have put relatively large objects into quantum states, illuminating the processes by which the ordinary world emerges out of the quantum one.",recent experiment put relatively large object quantum state illuminating process ordinary world emerges quantum one,"recent experiments have put relatively large objects into quantum states, illuminating the processes by which the ordinary world emerges out of the quantum one.",recent experiments have put relatively large objects into quantum states illuminating the processes by which the ordinary world emerges out of the quantum one,"['recent', 'experiments', 'have', 'put', 'relatively', 'large', 'objects', 'into', 'quantum', 'states', 'illuminating', 'the', 'processes', 'by', 'which', 'the', 'ordinary', 'world', 'emerges', 'out', 'of', 'the', 'quantum', 'one']","['recent', 'experiments', 'put', 'relatively', 'large', 'objects', 'quantum', 'states', 'illuminating', 'processes', 'ordinary', 'world', 'emerges', 'quantum', 'one']","['recent', 'experiment', 'put', 'relatively', 'large', 'object', 'quantum', 'state', 'illuminating', 'process', 'ordinary', 'world', 'emerges', 'quantum', 'one']"
Brains May Teeter Near Their Tipping Point,Jennifer Ouellette,"June 14, 2018","In a renewed attempt at a grand unified theory of brain function, physicists now argue that brains optimize performance by staying near — though not exactly at — the critical point between two phases.",renewed attempt grand unified theory brain function physicist argue brain optimize performance staying near though not exactly critical point two phase,"in a renewed attempt at a grand unified theory of brain function, physicists now argue that brains optimize performance by staying near — though not exactly at — the critical point between two phases.",in a renewed attempt at a grand unified theory of brain function physicists now argue that brains optimize performance by staying near though not exactly at the critical point between two phases,"['in', 'a', 'renewed', 'attempt', 'at', 'a', 'grand', 'unified', 'theory', 'of', 'brain', 'function', 'physicists', 'now', 'argue', 'that', 'brains', 'optimize', 'performance', 'by', 'staying', 'near', 'though', 'not', 'exactly', 'at', 'the', 'critical', 'point', 'between', 'two', 'phases']","['renewed', 'attempt', 'grand', 'unified', 'theory', 'brain', 'function', 'physicists', 'argue', 'brains', 'optimize', 'performance', 'staying', 'near', 'though', 'not', 'exactly', 'critical', 'point', 'two', 'phases']","['renewed', 'attempt', 'grand', 'unified', 'theory', 'brain', 'function', 'physicist', 'argue', 'brain', 'optimize', 'performance', 'staying', 'near', 'though', 'not', 'exactly', 'critical', 'point', 'two', 'phase']"
"The Universe Is Not a Simulation, but We Can Now Simulate It",Natalie Wolchover,"June 12, 2018","Computer simulations have become so accurate that cosmologists can now use them to study dark matter, supermassive black holes and other mysteries of the real evolving cosmos.",computer simulation become accurate cosmologist use study dark matter supermassive black hole mystery real evolving cosmos,"computer simulations have become so accurate that cosmologists can now use them to study dark matter, supermassive black holes and other mysteries of the real evolving cosmos.",computer simulations have become so accurate that cosmologists can now use them to study dark matter supermassive black holes and other mysteries of the real evolving cosmos,"['computer', 'simulations', 'have', 'become', 'so', 'accurate', 'that', 'cosmologists', 'can', 'now', 'use', 'them', 'to', 'study', 'dark', 'matter', 'supermassive', 'black', 'holes', 'and', 'other', 'mysteries', 'of', 'the', 'real', 'evolving', 'cosmos']","['computer', 'simulations', 'become', 'accurate', 'cosmologists', 'use', 'study', 'dark', 'matter', 'supermassive', 'black', 'holes', 'mysteries', 'real', 'evolving', 'cosmos']","['computer', 'simulation', 'become', 'accurate', 'cosmologist', 'use', 'study', 'dark', 'matter', 'supermassive', 'black', 'hole', 'mystery', 'real', 'evolving', 'cosmos']"
The Physics of Glass Opens a Window Into Biology,Jordana Cepelewicz,"June 11, 2018",The physicist Lisa Manning studies the dynamics of glassy materials to understand embryonic development and disease.,physicist lisa manning study dynamic glassy material understand embryonic development disease,the physicist lisa manning studies the dynamics of glassy materials to understand embryonic development and disease.,the physicist lisa manning studies the dynamics of glassy materials to understand embryonic development and disease,"['the', 'physicist', 'lisa', 'manning', 'studies', 'the', 'dynamics', 'of', 'glassy', 'materials', 'to', 'understand', 'embryonic', 'development', 'and', 'disease']","['physicist', 'lisa', 'manning', 'studies', 'dynamics', 'glassy', 'materials', 'understand', 'embryonic', 'development', 'disease']","['physicist', 'lisa', 'manning', 'study', 'dynamic', 'glassy', 'material', 'understand', 'embryonic', 'development', 'disease']"
Why Earth’s Cracked Crust May Be Essential for Life,Rebecca Boyle,"June 7, 2018",Life needs more than water alone. Recent discoveries suggest that plate tectonics has played a critical role in nourishing life on Earth. The findings carry major consequences for the search for life elsewhere in the universe.,life need water alone recent discovery suggest plate tectonics played critical role nourishing life earth finding carry major consequence search life elsewhere universe,life needs more than water alone. recent discoveries suggest that plate tectonics has played a critical role in nourishing life on earth. the findings carry major consequences for the search for life elsewhere in the universe.,life needs more than water alone recent discoveries suggest that plate tectonics has played a critical role in nourishing life on earth the findings carry major consequences for the search for life elsewhere in the universe,"['life', 'needs', 'more', 'than', 'water', 'alone', 'recent', 'discoveries', 'suggest', 'that', 'plate', 'tectonics', 'has', 'played', 'a', 'critical', 'role', 'in', 'nourishing', 'life', 'on', 'earth', 'the', 'findings', 'carry', 'major', 'consequences', 'for', 'the', 'search', 'for', 'life', 'elsewhere', 'in', 'the', 'universe']","['life', 'needs', 'water', 'alone', 'recent', 'discoveries', 'suggest', 'plate', 'tectonics', 'played', 'critical', 'role', 'nourishing', 'life', 'earth', 'findings', 'carry', 'major', 'consequences', 'search', 'life', 'elsewhere', 'universe']","['life', 'need', 'water', 'alone', 'recent', 'discovery', 'suggest', 'plate', 'tectonics', 'played', 'critical', 'role', 'nourishing', 'life', 'earth', 'finding', 'carry', 'major', 'consequence', 'search', 'life', 'elsewhere', 'universe']"
There Are No Laws of Physics. There’s Only the Landscape.,Robbert Dijkgraaf,"June 4, 2018","Scientists seek a single description of reality. But modern physics allows for many different descriptions, many equivalent to one another, connected through a vast landscape of mathematical possibility.",scientist seek single description reality modern physic allows many different description many equivalent one another connected vast landscape mathematical possibility,"scientists seek a single description of reality. but modern physics allows for many different descriptions, many equivalent to one another, connected through a vast landscape of mathematical possibility.",scientists seek a single description of reality but modern physics allows for many different descriptions many equivalent to one another connected through a vast landscape of mathematical possibility,"['scientists', 'seek', 'a', 'single', 'description', 'of', 'reality', 'but', 'modern', 'physics', 'allows', 'for', 'many', 'different', 'descriptions', 'many', 'equivalent', 'to', 'one', 'another', 'connected', 'through', 'a', 'vast', 'landscape', 'of', 'mathematical', 'possibility']","['scientists', 'seek', 'single', 'description', 'reality', 'modern', 'physics', 'allows', 'many', 'different', 'descriptions', 'many', 'equivalent', 'one', 'another', 'connected', 'vast', 'landscape', 'mathematical', 'possibility']","['scientist', 'seek', 'single', 'description', 'reality', 'modern', 'physic', 'allows', 'many', 'different', 'description', 'many', 'equivalent', 'one', 'another', 'connected', 'vast', 'landscape', 'mathematical', 'possibility']"
Evidence Found for a New Fundamental Particle,Natalie Wolchover,"June 1, 2018","An experiment at the Fermi National Accelerator Laboratory near Chicago has detected far more electron neutrinos than predicted — a possible harbinger of a revolutionary new elementary particle called the sterile neutrino, though many physicists remain skeptical.",experiment fermi national accelerator laboratory near chicago detected far electron neutrino predicted possible harbinger revolutionary new elementary particle called sterile neutrino though many physicist remain skeptical,"an experiment at the fermi national accelerator laboratory near chicago has detected far more electron neutrinos than predicted — a possible harbinger of a revolutionary new elementary particle called the sterile neutrino, though many physicists remain skeptical.",an experiment at the fermi national accelerator laboratory near chicago has detected far more electron neutrinos than predicted a possible harbinger of a revolutionary new elementary particle called the sterile neutrino though many physicists remain skeptical,"['an', 'experiment', 'at', 'the', 'fermi', 'national', 'accelerator', 'laboratory', 'near', 'chicago', 'has', 'detected', 'far', 'more', 'electron', 'neutrinos', 'than', 'predicted', 'a', 'possible', 'harbinger', 'of', 'a', 'revolutionary', 'new', 'elementary', 'particle', 'called', 'the', 'sterile', 'neutrino', 'though', 'many', 'physicists', 'remain', 'skeptical']","['experiment', 'fermi', 'national', 'accelerator', 'laboratory', 'near', 'chicago', 'detected', 'far', 'electron', 'neutrinos', 'predicted', 'possible', 'harbinger', 'revolutionary', 'new', 'elementary', 'particle', 'called', 'sterile', 'neutrino', 'though', 'many', 'physicists', 'remain', 'skeptical']","['experiment', 'fermi', 'national', 'accelerator', 'laboratory', 'near', 'chicago', 'detected', 'far', 'electron', 'neutrino', 'predicted', 'possible', 'harbinger', 'revolutionary', 'new', 'elementary', 'particle', 'called', 'sterile', 'neutrino', 'though', 'many', 'physicist', 'remain', 'skeptical']"
"Questioning Truth, Reality and the Role of Science",Philip Ball,"May 24, 2018","In an era when untestable ideas such as the multiverse hold sway, Michela Massimi defends science from those who think it hopelessly unmoored from physical reality.",era untestable idea multiverse hold sway michela massimi defends science think hopelessly unmoored physical reality,"in an era when untestable ideas such as the multiverse hold sway, michela massimi defends science from those who think it hopelessly unmoored from physical reality.",in an era when untestable ideas such as the multiverse hold sway michela massimi defends science from those who think it hopelessly unmoored from physical reality,"['in', 'an', 'era', 'when', 'untestable', 'ideas', 'such', 'as', 'the', 'multiverse', 'hold', 'sway', 'michela', 'massimi', 'defends', 'science', 'from', 'those', 'who', 'think', 'it', 'hopelessly', 'unmoored', 'from', 'physical', 'reality']","['era', 'untestable', 'ideas', 'multiverse', 'hold', 'sway', 'michela', 'massimi', 'defends', 'science', 'think', 'hopelessly', 'unmoored', 'physical', 'reality']","['era', 'untestable', 'idea', 'multiverse', 'hold', 'sway', 'michela', 'massimi', 'defends', 'science', 'think', 'hopelessly', 'unmoored', 'physical', 'reality']"
Stellar Disks Reveal How Planets Get Made,Joshua Sokol,"May 21, 2018",Detailed images of disks swirling around young stars show the details of how solar systems come to be.,detailed image disk swirling around young star show detail solar system come,detailed images of disks swirling around young stars show the details of how solar systems come to be.,detailed images of disks swirling around young stars show the details of how solar systems come to be,"['detailed', 'images', 'of', 'disks', 'swirling', 'around', 'young', 'stars', 'show', 'the', 'details', 'of', 'how', 'solar', 'systems', 'come', 'to', 'be']","['detailed', 'images', 'disks', 'swirling', 'around', 'young', 'stars', 'show', 'details', 'solar', 'systems', 'come']","['detailed', 'image', 'disk', 'swirling', 'around', 'young', 'star', 'show', 'detail', 'solar', 'system', 'come']"
A New World’s Extraordinary Orbit Points to Planet Nine,Shannon Hall,"May 15, 2018",Astronomers argue that there’s an undiscovered giant planet far beyond the orbit of Neptune. A newly discovered rocky body has added evidence to the circumstantial case for it.,astronomer argue undiscovered giant planet far beyond orbit neptune newly discovered rocky body added evidence circumstantial case,astronomers argue that there’s an undiscovered giant planet far beyond the orbit of neptune. a newly discovered rocky body has added evidence to the circumstantial case for it.,astronomers argue that there s an undiscovered giant planet far beyond the orbit of neptune a newly discovered rocky body has added evidence to the circumstantial case for it,"['astronomers', 'argue', 'that', 'there', 's', 'an', 'undiscovered', 'giant', 'planet', 'far', 'beyond', 'the', 'orbit', 'of', 'neptune', 'a', 'newly', 'discovered', 'rocky', 'body', 'has', 'added', 'evidence', 'to', 'the', 'circumstantial', 'case', 'for', 'it']","['astronomers', 'argue', 'undiscovered', 'giant', 'planet', 'far', 'beyond', 'orbit', 'neptune', 'newly', 'discovered', 'rocky', 'body', 'added', 'evidence', 'circumstantial', 'case']","['astronomer', 'argue', 'undiscovered', 'giant', 'planet', 'far', 'beyond', 'orbit', 'neptune', 'newly', 'discovered', 'rocky', 'body', 'added', 'evidence', 'circumstantial', 'case']"
A Chemist Shines Light on a Surprising Prime Number Pattern,Natalie Wolchover,"May 14, 2018","When a crystallographer treated prime numbers as a system of particles, the resulting diffraction pattern created a new view of existing conjectures in number theory.",crystallographer treated prime number system particle resulting diffraction pattern created new view existing conjecture number theory,"when a crystallographer treated prime numbers as a system of particles, the resulting diffraction pattern created a new view of existing conjectures in number theory.",when a crystallographer treated prime numbers as a system of particles the resulting diffraction pattern created a new view of existing conjectures in number theory,"['when', 'a', 'crystallographer', 'treated', 'prime', 'numbers', 'as', 'a', 'system', 'of', 'particles', 'the', 'resulting', 'diffraction', 'pattern', 'created', 'a', 'new', 'view', 'of', 'existing', 'conjectures', 'in', 'number', 'theory']","['crystallographer', 'treated', 'prime', 'numbers', 'system', 'particles', 'resulting', 'diffraction', 'pattern', 'created', 'new', 'view', 'existing', 'conjectures', 'number', 'theory']","['crystallographer', 'treated', 'prime', 'number', 'system', 'particle', 'resulting', 'diffraction', 'pattern', 'created', 'new', 'view', 'existing', 'conjecture', 'number', 'theory']"
What Astronomers Are Learning From Gaia’s New Milky Way Map,Natalie Wolchover,"May 8, 2018",A roundup of some of the most important discoveries gleaned so far from the Gaia space observatory’s new map of the galaxy.,roundup important discovery gleaned far gaia space observatory new map galaxy,a roundup of some of the most important discoveries gleaned so far from the gaia space observatory’s new map of the galaxy.,a roundup of some of the most important discoveries gleaned so far from the gaia space observatory s new map of the galaxy,"['a', 'roundup', 'of', 'some', 'of', 'the', 'most', 'important', 'discoveries', 'gleaned', 'so', 'far', 'from', 'the', 'gaia', 'space', 'observatory', 's', 'new', 'map', 'of', 'the', 'galaxy']","['roundup', 'important', 'discoveries', 'gleaned', 'far', 'gaia', 'space', 'observatory', 'new', 'map', 'galaxy']","['roundup', 'important', 'discovery', 'gleaned', 'far', 'gaia', 'space', 'observatory', 'new', 'map', 'galaxy']"
A Radically Conservative Solution for Cosmology’s Biggest Mystery,Ramin Skibba,"May 1, 2018","Two ways of measuring the universe’s expansion rate yield two conflicting answers. Many point to the possibility of new physics at work, but a new analysis argues that unseen errors could be to blame.",two way measuring universe expansion rate yield two conflicting answer many point possibility new physic work new analysis argues unseen error could blame,"two ways of measuring the universe’s expansion rate yield two conflicting answers. many point to the possibility of new physics at work, but a new analysis argues that unseen errors could be to blame.",two ways of measuring the universe s expansion rate yield two conflicting answers many point to the possibility of new physics at work but a new analysis argues that unseen errors could be to blame,"['two', 'ways', 'of', 'measuring', 'the', 'universe', 's', 'expansion', 'rate', 'yield', 'two', 'conflicting', 'answers', 'many', 'point', 'to', 'the', 'possibility', 'of', 'new', 'physics', 'at', 'work', 'but', 'a', 'new', 'analysis', 'argues', 'that', 'unseen', 'errors', 'could', 'be', 'to', 'blame']","['two', 'ways', 'measuring', 'universe', 'expansion', 'rate', 'yield', 'two', 'conflicting', 'answers', 'many', 'point', 'possibility', 'new', 'physics', 'work', 'new', 'analysis', 'argues', 'unseen', 'errors', 'could', 'blame']","['two', 'way', 'measuring', 'universe', 'expansion', 'rate', 'yield', 'two', 'conflicting', 'answer', 'many', 'point', 'possibility', 'new', 'physic', 'work', 'new', 'analysis', 'argues', 'unseen', 'error', 'could', 'blame']"
Troubled Times for Alternatives to Einstein’s Theory of Gravity,Katia Moskvitch,"April 30, 2018",New observations of extreme astrophysical systems have “brutally and pitilessly murdered” attempts to replace Einstein’s general theory of relativity.,new observation extreme astrophysical system brutally pitilessly murdered attempt replace einstein general theory relativity,new observations of extreme astrophysical systems have “brutally and pitilessly murdered” attempts to replace einstein’s general theory of relativity.,new observations of extreme astrophysical systems have brutally and pitilessly murdered attempts to replace einstein s general theory of relativity,"['new', 'observations', 'of', 'extreme', 'astrophysical', 'systems', 'have', 'brutally', 'and', 'pitilessly', 'murdered', 'attempts', 'to', 'replace', 'einstein', 's', 'general', 'theory', 'of', 'relativity']","['new', 'observations', 'extreme', 'astrophysical', 'systems', 'brutally', 'pitilessly', 'murdered', 'attempts', 'replace', 'einstein', 'general', 'theory', 'relativity']","['new', 'observation', 'extreme', 'astrophysical', 'system', 'brutally', 'pitilessly', 'murdered', 'attempt', 'replace', 'einstein', 'general', 'theory', 'relativity']"
Machine Learning’s ‘Amazing’ Ability to Predict Chaos,Natalie Wolchover,"April 18, 2018","In new computer experiments, artificial-intelligence algorithms can tell the future of chaotic systems.",new computer experiment artificial intelligence algorithm tell future chaotic system,"in new computer experiments, artificial-intelligence algorithms can tell the future of chaotic systems.",in new computer experiments artificial intelligence algorithms can tell the future of chaotic systems,"['in', 'new', 'computer', 'experiments', 'artificial', 'intelligence', 'algorithms', 'can', 'tell', 'the', 'future', 'of', 'chaotic', 'systems']","['new', 'computer', 'experiments', 'artificial', 'intelligence', 'algorithms', 'tell', 'future', 'chaotic', 'systems']","['new', 'computer', 'experiment', 'artificial', 'intelligence', 'algorithm', 'tell', 'future', 'chaotic', 'system']"
Ultra-Accurate Clocks Lead Search for New Laws of Physics,Gabriel Popkin,"April 16, 2018",Atomic clocks are letting physicists tighten the lasso around elusive phenomena such as dark matter.,atomic clock letting physicist tighten lasso around elusive phenomenon dark matter,atomic clocks are letting physicists tighten the lasso around elusive phenomena such as dark matter.,atomic clocks are letting physicists tighten the lasso around elusive phenomena such as dark matter,"['atomic', 'clocks', 'are', 'letting', 'physicists', 'tighten', 'the', 'lasso', 'around', 'elusive', 'phenomena', 'such', 'as', 'dark', 'matter']","['atomic', 'clocks', 'letting', 'physicists', 'tighten', 'lasso', 'around', 'elusive', 'phenomena', 'dark', 'matter']","['atomic', 'clock', 'letting', 'physicist', 'tighten', 'lasso', 'around', 'elusive', 'phenomenon', 'dark', 'matter']"
Trouble Detected in Infamous Dark Matter Signal,Natalie Wolchover,"April 12, 2018",Independent scientists have cast serious doubt on a claimed detection of dark matter.,independent scientist cast serious doubt claimed detection dark matter,independent scientists have cast serious doubt on a claimed detection of dark matter.,independent scientists have cast serious doubt on a claimed detection of dark matter,"['independent', 'scientists', 'have', 'cast', 'serious', 'doubt', 'on', 'a', 'claimed', 'detection', 'of', 'dark', 'matter']","['independent', 'scientists', 'cast', 'serious', 'doubt', 'claimed', 'detection', 'dark', 'matter']","['independent', 'scientist', 'cast', 'serious', 'doubt', 'claimed', 'detection', 'dark', 'matter']"
Quantum Correlations Reverse Thermodynamic Arrow of Time,Katia Moskvitch,"April 2, 2018","A recent experiment shows how quantum mechanics can make heat flow from a cold body to a hot one, an apparent (though not real) violation of the second law of thermodynamics.",recent experiment show quantum mechanic make heat flow cold body hot one apparent though not real violation second law thermodynamics,"a recent experiment shows how quantum mechanics can make heat flow from a cold body to a hot one, an apparent (though not real) violation of the second law of thermodynamics.",a recent experiment shows how quantum mechanics can make heat flow from a cold body to a hot one an apparent though not real violation of the second law of thermodynamics,"['a', 'recent', 'experiment', 'shows', 'how', 'quantum', 'mechanics', 'can', 'make', 'heat', 'flow', 'from', 'a', 'cold', 'body', 'to', 'a', 'hot', 'one', 'an', 'apparent', 'though', 'not', 'real', 'violation', 'of', 'the', 'second', 'law', 'of', 'thermodynamics']","['recent', 'experiment', 'shows', 'quantum', 'mechanics', 'make', 'heat', 'flow', 'cold', 'body', 'hot', 'one', 'apparent', 'though', 'not', 'real', 'violation', 'second', 'law', 'thermodynamics']","['recent', 'experiment', 'show', 'quantum', 'mechanic', 'make', 'heat', 'flow', 'cold', 'body', 'hot', 'one', 'apparent', 'though', 'not', 'real', 'violation', 'second', 'law', 'thermodynamics']"
Whisper From the First Stars Sets Off Loud Dark Matter Debate,Liz Kruesi,"March 29, 2018",A surprise discovery announced a month ago suggested that the early universe looked very different than previously believed. Initial theories that the discrepancy was due to dark matter have come under fire.,surprise discovery announced month ago suggested early universe looked different previously believed initial theory discrepancy due dark matter come fire,a surprise discovery announced a month ago suggested that the early universe looked very different than previously believed. initial theories that the discrepancy was due to dark matter have come under fire.,a surprise discovery announced a month ago suggested that the early universe looked very different than previously believed initial theories that the discrepancy was due to dark matter have come under fire,"['a', 'surprise', 'discovery', 'announced', 'a', 'month', 'ago', 'suggested', 'that', 'the', 'early', 'universe', 'looked', 'very', 'different', 'than', 'previously', 'believed', 'initial', 'theories', 'that', 'the', 'discrepancy', 'was', 'due', 'to', 'dark', 'matter', 'have', 'come', 'under', 'fire']","['surprise', 'discovery', 'announced', 'month', 'ago', 'suggested', 'early', 'universe', 'looked', 'different', 'previously', 'believed', 'initial', 'theories', 'discrepancy', 'due', 'dark', 'matter', 'come', 'fire']","['surprise', 'discovery', 'announced', 'month', 'ago', 'suggested', 'early', 'universe', 'looked', 'different', 'previously', 'believed', 'initial', 'theory', 'discrepancy', 'due', 'dark', 'matter', 'come', 'fire']"
A Victory for Dark Matter in a Galaxy Without Any,Joshua Sokol,"March 28, 2018","Paradoxically, a small galaxy that seems to contain none of the invisible stuff known as “dark matter” may help prove that it exists.",paradoxically small galaxy seems contain none invisible stuff known dark matter may help prove exists,"paradoxically, a small galaxy that seems to contain none of the invisible stuff known as “dark matter” may help prove that it exists.",paradoxically a small galaxy that seems to contain none of the invisible stuff known as dark matter may help prove that it exists,"['paradoxically', 'a', 'small', 'galaxy', 'that', 'seems', 'to', 'contain', 'none', 'of', 'the', 'invisible', 'stuff', 'known', 'as', 'dark', 'matter', 'may', 'help', 'prove', 'that', 'it', 'exists']","['paradoxically', 'small', 'galaxy', 'seems', 'contain', 'none', 'invisible', 'stuff', 'known', 'dark', 'matter', 'may', 'help', 'prove', 'exists']","['paradoxically', 'small', 'galaxy', 'seems', 'contain', 'none', 'invisible', 'stuff', 'known', 'dark', 'matter', 'may', 'help', 'prove', 'exists']"
Black Hole Echoes Would Reveal Break With Einstein’s Theory,Sabine Hossenfelder,"March 22, 2018",Gravitational waves have opened up new ways to test the properties of black holes — and Einstein’s theory of gravity along with them.,gravitational wave opened new way test property black hole einstein theory gravity along,gravitational waves have opened up new ways to test the properties of black holes — and einstein’s theory of gravity along with them.,gravitational waves have opened up new ways to test the properties of black holes and einstein s theory of gravity along with them,"['gravitational', 'waves', 'have', 'opened', 'up', 'new', 'ways', 'to', 'test', 'the', 'properties', 'of', 'black', 'holes', 'and', 'einstein', 's', 'theory', 'of', 'gravity', 'along', 'with', 'them']","['gravitational', 'waves', 'opened', 'new', 'ways', 'test', 'properties', 'black', 'holes', 'einstein', 'theory', 'gravity', 'along']","['gravitational', 'wave', 'opened', 'new', 'way', 'test', 'property', 'black', 'hole', 'einstein', 'theory', 'gravity', 'along']"
Why Stephen Hawking’s Black Hole Puzzle Keeps Puzzling,Jennifer Ouellette,"March 14, 2018","The renowned British physicist, who died at 76, left behind a riddle that could eventually lead his successors to the theory of quantum gravity.",renowned british physicist died left behind riddle could eventually lead successor theory quantum gravity,"the renowned british physicist, who died at 76, left behind a riddle that could eventually lead his successors to the theory of quantum gravity.",the renowned british physicist who died at left behind a riddle that could eventually lead his successors to the theory of quantum gravity,"['the', 'renowned', 'british', 'physicist', 'who', 'died', 'at', 'left', 'behind', 'a', 'riddle', 'that', 'could', 'eventually', 'lead', 'his', 'successors', 'to', 'the', 'theory', 'of', 'quantum', 'gravity']","['renowned', 'british', 'physicist', 'died', 'left', 'behind', 'riddle', 'could', 'eventually', 'lead', 'successors', 'theory', 'quantum', 'gravity']","['renowned', 'british', 'physicist', 'died', 'left', 'behind', 'riddle', 'could', 'eventually', 'lead', 'successor', 'theory', 'quantum', 'gravity']"
"How Einstein Lost His Bearings, and With Them, General Relativity",Kevin Hartnett,"March 14, 2018","By 1913, Albert Einstein had nearly completed general relativity. But a simple mistake set him on a tortured, two-year reconsideration of his theory. Today, mathematicians still grapple with the issues he confronted.",albert einstein nearly completed general relativity simple mistake set tortured two year reconsideration theory today mathematician still grapple issue confronted,"by 1913, albert einstein had nearly completed general relativity. but a simple mistake set him on a tortured, two-year reconsideration of his theory. today, mathematicians still grapple with the issues he confronted.",by albert einstein had nearly completed general relativity but a simple mistake set him on a tortured two year reconsideration of his theory today mathematicians still grapple with the issues he confronted,"['by', 'albert', 'einstein', 'had', 'nearly', 'completed', 'general', 'relativity', 'but', 'a', 'simple', 'mistake', 'set', 'him', 'on', 'a', 'tortured', 'two', 'year', 'reconsideration', 'of', 'his', 'theory', 'today', 'mathematicians', 'still', 'grapple', 'with', 'the', 'issues', 'he', 'confronted']","['albert', 'einstein', 'nearly', 'completed', 'general', 'relativity', 'simple', 'mistake', 'set', 'tortured', 'two', 'year', 'reconsideration', 'theory', 'today', 'mathematicians', 'still', 'grapple', 'issues', 'confronted']","['albert', 'einstein', 'nearly', 'completed', 'general', 'relativity', 'simple', 'mistake', 'set', 'tortured', 'two', 'year', 'reconsideration', 'theory', 'today', 'mathematician', 'still', 'grapple', 'issue', 'confronted']"
Why the Tiny Weight of Empty Space Is Such a Huge Mystery,Natalie Wolchover,"March 12, 2018",The amount of energy infusing empty space seems too small to explain without a multiverse. But physicists have at least one alternative left to explore.,amount energy infusing empty space seems small explain without multiverse physicist least one alternative left explore,the amount of energy infusing empty space seems too small to explain without a multiverse. but physicists have at least one alternative left to explore.,the amount of energy infusing empty space seems too small to explain without a multiverse but physicists have at least one alternative left to explore,"['the', 'amount', 'of', 'energy', 'infusing', 'empty', 'space', 'seems', 'too', 'small', 'to', 'explain', 'without', 'a', 'multiverse', 'but', 'physicists', 'have', 'at', 'least', 'one', 'alternative', 'left', 'to', 'explore']","['amount', 'energy', 'infusing', 'empty', 'space', 'seems', 'small', 'explain', 'without', 'multiverse', 'physicists', 'least', 'one', 'alternative', 'left', 'explore']","['amount', 'energy', 'infusing', 'empty', 'space', 'seems', 'small', 'explain', 'without', 'multiverse', 'physicist', 'least', 'one', 'alternative', 'left', 'explore']"
"To Test Einstein’s Equations, Poke a Black Hole",Kevin Hartnett,"March 8, 2018","Two teams of researchers have made significant progress toward proving the black hole stability conjecture, a critical mathematical test of Einstein’s theory of general relativity.",two team researcher made significant progress toward proving black hole stability conjecture critical mathematical test einstein theory general relativity,"two teams of researchers have made significant progress toward proving the black hole stability conjecture, a critical mathematical test of einstein’s theory of general relativity.",two teams of researchers have made significant progress toward proving the black hole stability conjecture a critical mathematical test of einstein s theory of general relativity,"['two', 'teams', 'of', 'researchers', 'have', 'made', 'significant', 'progress', 'toward', 'proving', 'the', 'black', 'hole', 'stability', 'conjecture', 'a', 'critical', 'mathematical', 'test', 'of', 'einstein', 's', 'theory', 'of', 'general', 'relativity']","['two', 'teams', 'researchers', 'made', 'significant', 'progress', 'toward', 'proving', 'black', 'hole', 'stability', 'conjecture', 'critical', 'mathematical', 'test', 'einstein', 'theory', 'general', 'relativity']","['two', 'team', 'researcher', 'made', 'significant', 'progress', 'toward', 'proving', 'black', 'hole', 'stability', 'conjecture', 'critical', 'mathematical', 'test', 'einstein', 'theory', 'general', 'relativity']"
Physicists Find a Way to See the ‘Grin’ of Quantum Gravity,Natalie Wolchover,"March 6, 2018",A recently proposed experiment would confirm that gravity is a quantum force.,recently proposed experiment would confirm gravity quantum force,a recently proposed experiment would confirm that gravity is a quantum force.,a recently proposed experiment would confirm that gravity is a quantum force,"['a', 'recently', 'proposed', 'experiment', 'would', 'confirm', 'that', 'gravity', 'is', 'a', 'quantum', 'force']","['recently', 'proposed', 'experiment', 'would', 'confirm', 'gravity', 'quantum', 'force']","['recently', 'proposed', 'experiment', 'would', 'confirm', 'gravity', 'quantum', 'force']"
Elusive Higgs-Like State Created in Exotic Materials,Sophia Chen,"February 28, 2018","Two teams of physicists have created the ""Higgs mode"" – a link between particle physics and the physics of matter. The work could help researchers understand the strange behavior of deeply quantum systems.",two team physicist created higgs mode link particle physic physic matter work could help researcher understand strange behavior deeply quantum system,"two teams of physicists have created the ""higgs mode"" – a link between particle physics and the physics of matter. the work could help researchers understand the strange behavior of deeply quantum systems.",two teams of physicists have created the higgs mode a link between particle physics and the physics of matter the work could help researchers understand the strange behavior of deeply quantum systems,"['two', 'teams', 'of', 'physicists', 'have', 'created', 'the', 'higgs', 'mode', 'a', 'link', 'between', 'particle', 'physics', 'and', 'the', 'physics', 'of', 'matter', 'the', 'work', 'could', 'help', 'researchers', 'understand', 'the', 'strange', 'behavior', 'of', 'deeply', 'quantum', 'systems']","['two', 'teams', 'physicists', 'created', 'higgs', 'mode', 'link', 'particle', 'physics', 'physics', 'matter', 'work', 'could', 'help', 'researchers', 'understand', 'strange', 'behavior', 'deeply', 'quantum', 'systems']","['two', 'team', 'physicist', 'created', 'higgs', 'mode', 'link', 'particle', 'physic', 'physic', 'matter', 'work', 'could', 'help', 'researcher', 'understand', 'strange', 'behavior', 'deeply', 'quantum', 'system']"
"Physicists Mourn Joe Polchinski, Developer of Deep Ideas and Paradoxes",Eva Silverstein,"February 20, 2018","The theoretical physicist Joe Polchinski, who died February 2, left a tremendous professional and personal legacy, says a friend and collaborator.",theoretical physicist joe polchinski died february left tremendous professional personal legacy say friend collaborator,"the theoretical physicist joe polchinski, who died february 2, left a tremendous professional and personal legacy, says a friend and collaborator.",the theoretical physicist joe polchinski who died february left a tremendous professional and personal legacy says a friend and collaborator,"['the', 'theoretical', 'physicist', 'joe', 'polchinski', 'who', 'died', 'february', 'left', 'a', 'tremendous', 'professional', 'and', 'personal', 'legacy', 'says', 'a', 'friend', 'and', 'collaborator']","['theoretical', 'physicist', 'joe', 'polchinski', 'died', 'february', 'left', 'tremendous', 'professional', 'personal', 'legacy', 'says', 'friend', 'collaborator']","['theoretical', 'physicist', 'joe', 'polchinski', 'died', 'february', 'left', 'tremendous', 'professional', 'personal', 'legacy', 'say', 'friend', 'collaborator']"
"Neutron Lifetime Puzzle Deepens, but No Dark Matter Seen",Natalie Wolchover,"February 13, 2018","Two methods of measuring the neutron's longevity give different answers, creating uncertainty in cosmological models. But no one has a clue what the problem is.",two method measuring neutron longevity give different answer creating uncertainty cosmological model no one clue problem,"two methods of measuring the neutron's longevity give different answers, creating uncertainty in cosmological models. but no one has a clue what the problem is.",two methods of measuring the neutron s longevity give different answers creating uncertainty in cosmological models but no one has a clue what the problem is,"['two', 'methods', 'of', 'measuring', 'the', 'neutron', 's', 'longevity', 'give', 'different', 'answers', 'creating', 'uncertainty', 'in', 'cosmological', 'models', 'but', 'no', 'one', 'has', 'a', 'clue', 'what', 'the', 'problem', 'is']","['two', 'methods', 'measuring', 'neutron', 'longevity', 'give', 'different', 'answers', 'creating', 'uncertainty', 'cosmological', 'models', 'no', 'one', 'clue', 'problem']","['two', 'method', 'measuring', 'neutron', 'longevity', 'give', 'different', 'answer', 'creating', 'uncertainty', 'cosmological', 'model', 'no', 'one', 'clue', 'problem']"
Quantum Algorithms Struggle Against Old Foe: Clever Computers,Ariel Bleicher,"February 1, 2018","The quest for ""quantum supremacy"" – unambiguous proof that a quantum computer does something faster than an ordinary computer – has paradoxically led to a boom in quasi-quantum classical algorithms.",quest quantum supremacy unambiguous proof quantum computer something faster ordinary computer paradoxically led boom quasi quantum classical algorithm,"the quest for ""quantum supremacy"" – unambiguous proof that a quantum computer does something faster than an ordinary computer – has paradoxically led to a boom in quasi-quantum classical algorithms.",the quest for quantum supremacy unambiguous proof that a quantum computer does something faster than an ordinary computer has paradoxically led to a boom in quasi quantum classical algorithms,"['the', 'quest', 'for', 'quantum', 'supremacy', 'unambiguous', 'proof', 'that', 'a', 'quantum', 'computer', 'does', 'something', 'faster', 'than', 'an', 'ordinary', 'computer', 'has', 'paradoxically', 'led', 'to', 'a', 'boom', 'in', 'quasi', 'quantum', 'classical', 'algorithms']","['quest', 'quantum', 'supremacy', 'unambiguous', 'proof', 'quantum', 'computer', 'something', 'faster', 'ordinary', 'computer', 'paradoxically', 'led', 'boom', 'quasi', 'quantum', 'classical', 'algorithms']","['quest', 'quantum', 'supremacy', 'unambiguous', 'proof', 'quantum', 'computer', 'something', 'faster', 'ordinary', 'computer', 'paradoxically', 'led', 'boom', 'quasi', 'quantum', 'classical', 'algorithm']"
How the Universe Got Its Bounce Back,Natalie Wolchover,"January 31, 2018",Cosmologists have shown that it’s theoretically possible for a contracting universe to bounce and expand. The new work resuscitates an old idea that directly challenges the Big Bang theory of cosmic origins.,cosmologist shown theoretically possible contracting universe bounce expand new work resuscitates old idea directly challenge big bang theory cosmic origin,cosmologists have shown that it’s theoretically possible for a contracting universe to bounce and expand. the new work resuscitates an old idea that directly challenges the big bang theory of cosmic origins.,cosmologists have shown that it s theoretically possible for a contracting universe to bounce and expand the new work resuscitates an old idea that directly challenges the big bang theory of cosmic origins,"['cosmologists', 'have', 'shown', 'that', 'it', 's', 'theoretically', 'possible', 'for', 'a', 'contracting', 'universe', 'to', 'bounce', 'and', 'expand', 'the', 'new', 'work', 'resuscitates', 'an', 'old', 'idea', 'that', 'directly', 'challenges', 'the', 'big', 'bang', 'theory', 'of', 'cosmic', 'origins']","['cosmologists', 'shown', 'theoretically', 'possible', 'contracting', 'universe', 'bounce', 'expand', 'new', 'work', 'resuscitates', 'old', 'idea', 'directly', 'challenges', 'big', 'bang', 'theory', 'cosmic', 'origins']","['cosmologist', 'shown', 'theoretically', 'possible', 'contracting', 'universe', 'bounce', 'expand', 'new', 'work', 'resuscitates', 'old', 'idea', 'directly', 'challenge', 'big', 'bang', 'theory', 'cosmic', 'origin']"
Job One for Quantum Computers: Boost Artificial Intelligence,George Musser,"January 29, 2018",The fusion of quantum computing and machine learning has become a booming research area. Can it possibly live up to its high expectations?,fusion quantum computing machine learning become booming research area possibly live high expectation,the fusion of quantum computing and machine learning has become a booming research area. can it possibly live up to its high expectations?,the fusion of quantum computing and machine learning has become a booming research area can it possibly live up to its high expectations,"['the', 'fusion', 'of', 'quantum', 'computing', 'and', 'machine', 'learning', 'has', 'become', 'a', 'booming', 'research', 'area', 'can', 'it', 'possibly', 'live', 'up', 'to', 'its', 'high', 'expectations']","['fusion', 'quantum', 'computing', 'machine', 'learning', 'become', 'booming', 'research', 'area', 'possibly', 'live', 'high', 'expectations']","['fusion', 'quantum', 'computing', 'machine', 'learning', 'become', 'booming', 'research', 'area', 'possibly', 'live', 'high', 'expectation']"
Fossil Discoveries Challenge Ideas About Earth’s Start,Rebecca Boyle,"January 22, 2018","A series of fossil finds suggests that life on Earth started earlier than anyone thought, calling into question a widely held theory of the solar system’s beginnings.",series fossil find suggests life earth started earlier anyone thought calling question widely held theory solar system beginning,"a series of fossil finds suggests that life on earth started earlier than anyone thought, calling into question a widely held theory of the solar system’s beginnings.",a series of fossil finds suggests that life on earth started earlier than anyone thought calling into question a widely held theory of the solar system s beginnings,"['a', 'series', 'of', 'fossil', 'finds', 'suggests', 'that', 'life', 'on', 'earth', 'started', 'earlier', 'than', 'anyone', 'thought', 'calling', 'into', 'question', 'a', 'widely', 'held', 'theory', 'of', 'the', 'solar', 'system', 's', 'beginnings']","['series', 'fossil', 'finds', 'suggests', 'life', 'earth', 'started', 'earlier', 'anyone', 'thought', 'calling', 'question', 'widely', 'held', 'theory', 'solar', 'system', 'beginnings']","['series', 'fossil', 'find', 'suggests', 'life', 'earth', 'started', 'earlier', 'anyone', 'thought', 'calling', 'question', 'widely', 'held', 'theory', 'solar', 'system', 'beginning']"
Astronomers Trace Radio Burst to Extreme Cosmic Neighborhood,Katia Moskvitch,"January 10, 2018",A mysterious object that repeatedly bursts with ultra-powerful radio waves must live in an extreme environment — something like the one around a supermassive black hole.,mysterious object repeatedly burst ultra powerful radio wave must live extreme environment something like one around supermassive black hole,a mysterious object that repeatedly bursts with ultra-powerful radio waves must live in an extreme environment — something like the one around a supermassive black hole.,a mysterious object that repeatedly bursts with ultra powerful radio waves must live in an extreme environment something like the one around a supermassive black hole,"['a', 'mysterious', 'object', 'that', 'repeatedly', 'bursts', 'with', 'ultra', 'powerful', 'radio', 'waves', 'must', 'live', 'in', 'an', 'extreme', 'environment', 'something', 'like', 'the', 'one', 'around', 'a', 'supermassive', 'black', 'hole']","['mysterious', 'object', 'repeatedly', 'bursts', 'ultra', 'powerful', 'radio', 'waves', 'must', 'live', 'extreme', 'environment', 'something', 'like', 'one', 'around', 'supermassive', 'black', 'hole']","['mysterious', 'object', 'repeatedly', 'burst', 'ultra', 'powerful', 'radio', 'wave', 'must', 'live', 'extreme', 'environment', 'something', 'like', 'one', 'around', 'supermassive', 'black', 'hole']"
Why an Old Theory of Everything Is Gaining New Life,Sabine Hossenfelder,"January 8, 2018","For decades, physicists have struggled to create a quantum theory of gravity. Now an approach that dates to the 1970s is attracting newfound attention.",decade physicist struggled create quantum theory gravity approach date attracting newfound attention,"for decades, physicists have struggled to create a quantum theory of gravity. now an approach that dates to the 1970s is attracting newfound attention.",for decades physicists have struggled to create a quantum theory of gravity now an approach that dates to the s is attracting newfound attention,"['for', 'decades', 'physicists', 'have', 'struggled', 'to', 'create', 'a', 'quantum', 'theory', 'of', 'gravity', 'now', 'an', 'approach', 'that', 'dates', 'to', 'the', 's', 'is', 'attracting', 'newfound', 'attention']","['decades', 'physicists', 'struggled', 'create', 'quantum', 'theory', 'gravity', 'approach', 'dates', 'attracting', 'newfound', 'attention']","['decade', 'physicist', 'struggled', 'create', 'quantum', 'theory', 'gravity', 'approach', 'date', 'attracting', 'newfound', 'attention']"
Physicists Aim to Classify All Possible Phases of Matter,Natalie Wolchover,"January 3, 2018",A complete classification could lead to a wealth of new materials and technologies. But some exotic phases continue to resist understanding.,complete classification could lead wealth new material technology exotic phase continue resist understanding,a complete classification could lead to a wealth of new materials and technologies. but some exotic phases continue to resist understanding.,a complete classification could lead to a wealth of new materials and technologies but some exotic phases continue to resist understanding,"['a', 'complete', 'classification', 'could', 'lead', 'to', 'a', 'wealth', 'of', 'new', 'materials', 'and', 'technologies', 'but', 'some', 'exotic', 'phases', 'continue', 'to', 'resist', 'understanding']","['complete', 'classification', 'could', 'lead', 'wealth', 'new', 'materials', 'technologies', 'exotic', 'phases', 'continue', 'resist', 'understanding']","['complete', 'classification', 'could', 'lead', 'wealth', 'new', 'material', 'technology', 'exotic', 'phase', 'continue', 'resist', 'understanding']"
Why Is M-Theory the Leading Candidate for Theory of Everything?,Natalie Wolchover,"December 18, 2017","The mother of all string theories passes a litmus test that, so far, no other candidate theory of quantum gravity has been able to match.",mother string theory pass litmus test far no candidate theory quantum gravity able match,"the mother of all string theories passes a litmus test that, so far, no other candidate theory of quantum gravity has been able to match.",the mother of all string theories passes a litmus test that so far no other candidate theory of quantum gravity has been able to match,"['the', 'mother', 'of', 'all', 'string', 'theories', 'passes', 'a', 'litmus', 'test', 'that', 'so', 'far', 'no', 'other', 'candidate', 'theory', 'of', 'quantum', 'gravity', 'has', 'been', 'able', 'to', 'match']","['mother', 'string', 'theories', 'passes', 'litmus', 'test', 'far', 'no', 'candidate', 'theory', 'quantum', 'gravity', 'able', 'match']","['mother', 'string', 'theory', 'pass', 'litmus', 'test', 'far', 'no', 'candidate', 'theory', 'quantum', 'gravity', 'able', 'match']"
Neutrinos Suggest Solution to Mystery of Universe’s Existence,Katia Moskvitch,"December 12, 2017",Updated results from a Japanese neutrino experiment continue to reveal an inconsistency in the way that matter and antimatter behave.,updated result japanese neutrino experiment continue reveal inconsistency way matter antimatter behave,updated results from a japanese neutrino experiment continue to reveal an inconsistency in the way that matter and antimatter behave.,updated results from a japanese neutrino experiment continue to reveal an inconsistency in the way that matter and antimatter behave,"['updated', 'results', 'from', 'a', 'japanese', 'neutrino', 'experiment', 'continue', 'to', 'reveal', 'an', 'inconsistency', 'in', 'the', 'way', 'that', 'matter', 'and', 'antimatter', 'behave']","['updated', 'results', 'japanese', 'neutrino', 'experiment', 'continue', 'reveal', 'inconsistency', 'way', 'matter', 'antimatter', 'behave']","['updated', 'result', 'japanese', 'neutrino', 'experiment', 'continue', 'reveal', 'inconsistency', 'way', 'matter', 'antimatter', 'behave']"
Earliest Black Hole Gives Rare Glimpse of Ancient Universe,Joshua Sokol,"December 6, 2017","It weighs as much as 780 million suns and helped to cast off the cosmic Dark Ages. But now that astronomers have found the earliest known black hole, they wonder: How could this giant have grown so big, so fast?",weighs much million sun helped cast cosmic dark age astronomer found earliest known black hole wonder could giant grown big fast,"it weighs as much as 780 million suns and helped to cast off the cosmic dark ages. but now that astronomers have found the earliest known black hole, they wonder: how could this giant have grown so big, so fast?",it weighs as much as million suns and helped to cast off the cosmic dark ages but now that astronomers have found the earliest known black hole they wonder how could this giant have grown so big so fast,"['it', 'weighs', 'as', 'much', 'as', 'million', 'suns', 'and', 'helped', 'to', 'cast', 'off', 'the', 'cosmic', 'dark', 'ages', 'but', 'now', 'that', 'astronomers', 'have', 'found', 'the', 'earliest', 'known', 'black', 'hole', 'they', 'wonder', 'how', 'could', 'this', 'giant', 'have', 'grown', 'so', 'big', 'so', 'fast']","['weighs', 'much', 'million', 'suns', 'helped', 'cast', 'cosmic', 'dark', 'ages', 'astronomers', 'found', 'earliest', 'known', 'black', 'hole', 'wonder', 'could', 'giant', 'grown', 'big', 'fast']","['weighs', 'much', 'million', 'sun', 'helped', 'cast', 'cosmic', 'dark', 'age', 'astronomer', 'found', 'earliest', 'known', 'black', 'hole', 'wonder', 'could', 'giant', 'grown', 'big', 'fast']"
A Physicist’s Physicist Ponders the Nature of Reality,Natalie Wolchover,"November 28, 2017","Edward Witten reflects on the meaning of dualities in physics and math, emergent space-time, and the pursuit of a complete description of nature.",edward witten reflects meaning duality physic math emergent space time pursuit complete description nature,"edward witten reflects on the meaning of dualities in physics and math, emergent space-time, and the pursuit of a complete description of nature.",edward witten reflects on the meaning of dualities in physics and math emergent space time and the pursuit of a complete description of nature,"['edward', 'witten', 'reflects', 'on', 'the', 'meaning', 'of', 'dualities', 'in', 'physics', 'and', 'math', 'emergent', 'space', 'time', 'and', 'the', 'pursuit', 'of', 'a', 'complete', 'description', 'of', 'nature']","['edward', 'witten', 'reflects', 'meaning', 'dualities', 'physics', 'math', 'emergent', 'space', 'time', 'pursuit', 'complete', 'description', 'nature']","['edward', 'witten', 'reflects', 'meaning', 'duality', 'physic', 'math', 'emergent', 'space', 'time', 'pursuit', 'complete', 'description', 'nature']"
Hidden Supercluster Could Solve Milky Way Mystery,Liz Kruesi,"November 21, 2017","Astronomers generally stay away from the “Zone of Avoidance.” When one astronomer didn’t, she found a giant cosmic structure that could help explain why our galaxy moves so fast.",astronomer generally stay away zone avoidance one astronomer found giant cosmic structure could help explain galaxy move fast,"astronomers generally stay away from the “zone of avoidance.” when one astronomer didn’t, she found a giant cosmic structure that could help explain why our galaxy moves so fast.",astronomers generally stay away from the zone of avoidance when one astronomer didn t she found a giant cosmic structure that could help explain why our galaxy moves so fast,"['astronomers', 'generally', 'stay', 'away', 'from', 'the', 'zone', 'of', 'avoidance', 'when', 'one', 'astronomer', 'didn', 't', 'she', 'found', 'a', 'giant', 'cosmic', 'structure', 'that', 'could', 'help', 'explain', 'why', 'our', 'galaxy', 'moves', 'so', 'fast']","['astronomers', 'generally', 'stay', 'away', 'zone', 'avoidance', 'one', 'astronomer', 'found', 'giant', 'cosmic', 'structure', 'could', 'help', 'explain', 'galaxy', 'moves', 'fast']","['astronomer', 'generally', 'stay', 'away', 'zone', 'avoidance', 'one', 'astronomer', 'found', 'giant', 'cosmic', 'structure', 'could', 'help', 'explain', 'galaxy', 'move', 'fast']"
Deathblow Dealt to Dark Matter Disks,Natalie Wolchover,"November 17, 2017",New data tracking the movements of millions of Milky Way stars have effectively ruled out the presence of a “dark disk” that could have offered important clues to the mystery of dark matter.,new data tracking movement million milky way star effectively ruled presence dark disk could offered important clue mystery dark matter,new data tracking the movements of millions of milky way stars have effectively ruled out the presence of a “dark disk” that could have offered important clues to the mystery of dark matter.,new data tracking the movements of millions of milky way stars have effectively ruled out the presence of a dark disk that could have offered important clues to the mystery of dark matter,"['new', 'data', 'tracking', 'the', 'movements', 'of', 'millions', 'of', 'milky', 'way', 'stars', 'have', 'effectively', 'ruled', 'out', 'the', 'presence', 'of', 'a', 'dark', 'disk', 'that', 'could', 'have', 'offered', 'important', 'clues', 'to', 'the', 'mystery', 'of', 'dark', 'matter']","['new', 'data', 'tracking', 'movements', 'millions', 'milky', 'way', 'stars', 'effectively', 'ruled', 'presence', 'dark', 'disk', 'could', 'offered', 'important', 'clues', 'mystery', 'dark', 'matter']","['new', 'data', 'tracking', 'movement', 'million', 'milky', 'way', 'star', 'effectively', 'ruled', 'presence', 'dark', 'disk', 'could', 'offered', 'important', 'clue', 'mystery', 'dark', 'matter']"
"Galactic Glow, Thought to Be Dark Matter, Now Hints at Hidden Pulsars",Katia Moskvitch,"November 14, 2017",A number of high-energy anomalies raised hopes that astrophysicists had seen their first direct glimpses of dark matter. New studies suggest a different source may be responsible.,number high energy anomaly raised hope astrophysicist seen first direct glimpse dark matter new study suggest different source may responsible,a number of high-energy anomalies raised hopes that astrophysicists had seen their first direct glimpses of dark matter. new studies suggest a different source may be responsible.,a number of high energy anomalies raised hopes that astrophysicists had seen their first direct glimpses of dark matter new studies suggest a different source may be responsible,"['a', 'number', 'of', 'high', 'energy', 'anomalies', 'raised', 'hopes', 'that', 'astrophysicists', 'had', 'seen', 'their', 'first', 'direct', 'glimpses', 'of', 'dark', 'matter', 'new', 'studies', 'suggest', 'a', 'different', 'source', 'may', 'be', 'responsible']","['number', 'high', 'energy', 'anomalies', 'raised', 'hopes', 'astrophysicists', 'seen', 'first', 'direct', 'glimpses', 'dark', 'matter', 'new', 'studies', 'suggest', 'different', 'source', 'may', 'responsible']","['number', 'high', 'energy', 'anomaly', 'raised', 'hope', 'astrophysicist', 'seen', 'first', 'direct', 'glimpse', 'dark', 'matter', 'new', 'study', 'suggest', 'different', 'source', 'may', 'responsible']"
‘Crazy’ Supernova Looks Like a New Kind of Star Death,Natalie Wolchover,"November 8, 2017",Astronomers are mystified by a strange star explosion in a distant galaxy that might be a relic from an earlier cosmological era.,astronomer mystified strange star explosion distant galaxy might relic earlier cosmological era,astronomers are mystified by a strange star explosion in a distant galaxy that might be a relic from an earlier cosmological era.,astronomers are mystified by a strange star explosion in a distant galaxy that might be a relic from an earlier cosmological era,"['astronomers', 'are', 'mystified', 'by', 'a', 'strange', 'star', 'explosion', 'in', 'a', 'distant', 'galaxy', 'that', 'might', 'be', 'a', 'relic', 'from', 'an', 'earlier', 'cosmological', 'era']","['astronomers', 'mystified', 'strange', 'star', 'explosion', 'distant', 'galaxy', 'might', 'relic', 'earlier', 'cosmological', 'era']","['astronomer', 'mystified', 'strange', 'star', 'explosion', 'distant', 'galaxy', 'might', 'relic', 'earlier', 'cosmological', 'era']"
From the Edge of the Universe to the Inside of a Proton,Natalie Wolchover,"November 6, 2017","The Zoomable Universe, a new book by the astrobiologist Caleb Scharf, the illustrator Ron Miller and 5W Infographics, tours the universe’s 62 orders of magnitude.",zoomable universe new book astrobiologist caleb scharf illustrator ron miller w infographics tour universe order magnitude,"the zoomable universe, a new book by the astrobiologist caleb scharf, the illustrator ron miller and 5w infographics, tours the universe’s 62 orders of magnitude.",the zoomable universe a new book by the astrobiologist caleb scharf the illustrator ron miller and w infographics tours the universe s orders of magnitude,"['the', 'zoomable', 'universe', 'a', 'new', 'book', 'by', 'the', 'astrobiologist', 'caleb', 'scharf', 'the', 'illustrator', 'ron', 'miller', 'and', 'w', 'infographics', 'tours', 'the', 'universe', 's', 'orders', 'of', 'magnitude']","['zoomable', 'universe', 'new', 'book', 'astrobiologist', 'caleb', 'scharf', 'illustrator', 'ron', 'miller', 'w', 'infographics', 'tours', 'universe', 'orders', 'magnitude']","['zoomable', 'universe', 'new', 'book', 'astrobiologist', 'caleb', 'scharf', 'illustrator', 'ron', 'miller', 'w', 'infographics', 'tour', 'universe', 'order', 'magnitude']"
Squishy or Solid? A Neutron Star’s Insides Open to Debate,Joshua Sokol,"October 30, 2017",The core of a neutron star is such an extreme environment that physicists can’t agree on what happens inside. But a new space-based experiment — and a few more colliding neutron stars — should reveal whether neutrons themselves break down.,core neutron star extreme environment physicist agree happens inside new space based experiment colliding neutron star reveal whether neutron break,the core of a neutron star is such an extreme environment that physicists can’t agree on what happens inside. but a new space-based experiment — and a few more colliding neutron stars — should reveal whether neutrons themselves break down.,the core of a neutron star is such an extreme environment that physicists can t agree on what happens inside but a new space based experiment and a few more colliding neutron stars should reveal whether neutrons themselves break down,"['the', 'core', 'of', 'a', 'neutron', 'star', 'is', 'such', 'an', 'extreme', 'environment', 'that', 'physicists', 'can', 't', 'agree', 'on', 'what', 'happens', 'inside', 'but', 'a', 'new', 'space', 'based', 'experiment', 'and', 'a', 'few', 'more', 'colliding', 'neutron', 'stars', 'should', 'reveal', 'whether', 'neutrons', 'themselves', 'break', 'down']","['core', 'neutron', 'star', 'extreme', 'environment', 'physicists', 'agree', 'happens', 'inside', 'new', 'space', 'based', 'experiment', 'colliding', 'neutron', 'stars', 'reveal', 'whether', 'neutrons', 'break']","['core', 'neutron', 'star', 'extreme', 'environment', 'physicist', 'agree', 'happens', 'inside', 'new', 'space', 'based', 'experiment', 'colliding', 'neutron', 'star', 'reveal', 'whether', 'neutron', 'break']"
Colliding Neutron Stars Could Settle the Biggest Debate in Cosmology,Natalie Wolchover,"October 25, 2017","Newly discovered “standard sirens” provide an independent, clean way to measure how fast the universe is expanding.",newly discovered standard siren provide independent clean way measure fast universe expanding,"newly discovered “standard sirens” provide an independent, clean way to measure how fast the universe is expanding.",newly discovered standard sirens provide an independent clean way to measure how fast the universe is expanding,"['newly', 'discovered', 'standard', 'sirens', 'provide', 'an', 'independent', 'clean', 'way', 'to', 'measure', 'how', 'fast', 'the', 'universe', 'is', 'expanding']","['newly', 'discovered', 'standard', 'sirens', 'provide', 'independent', 'clean', 'way', 'measure', 'fast', 'universe', 'expanding']","['newly', 'discovered', 'standard', 'siren', 'provide', 'independent', 'clean', 'way', 'measure', 'fast', 'universe', 'expanding']"
Newfound Wormhole Allows Information to Escape Black Holes,Natalie Wolchover,"October 23, 2017",Physicists theorize that a new “traversable” kind of wormhole could resolve a baffling paradox and rescue information that falls into black holes.,physicist theorize new traversable kind wormhole could resolve baffling paradox rescue information fall black hole,physicists theorize that a new “traversable” kind of wormhole could resolve a baffling paradox and rescue information that falls into black holes.,physicists theorize that a new traversable kind of wormhole could resolve a baffling paradox and rescue information that falls into black holes,"['physicists', 'theorize', 'that', 'a', 'new', 'traversable', 'kind', 'of', 'wormhole', 'could', 'resolve', 'a', 'baffling', 'paradox', 'and', 'rescue', 'information', 'that', 'falls', 'into', 'black', 'holes']","['physicists', 'theorize', 'new', 'traversable', 'kind', 'wormhole', 'could', 'resolve', 'baffling', 'paradox', 'rescue', 'information', 'falls', 'black', 'holes']","['physicist', 'theorize', 'new', 'traversable', 'kind', 'wormhole', 'could', 'resolve', 'baffling', 'paradox', 'rescue', 'information', 'fall', 'black', 'hole']"
Neutron-Star Collision Shakes Space-Time and Lights Up the Sky,Katia Moskvitch,"October 16, 2017","Astronomers have for the first time matched a gravitational-wave signal to a kilonova’s burst of light, observations that will “go down in the history of astronomy.”",astronomer first time matched gravitational wave signal kilonova burst light observation go history astronomy,"astronomers have for the first time matched a gravitational-wave signal to a kilonova’s burst of light, observations that will “go down in the history of astronomy.”",astronomers have for the first time matched a gravitational wave signal to a kilonova s burst of light observations that will go down in the history of astronomy,"['astronomers', 'have', 'for', 'the', 'first', 'time', 'matched', 'a', 'gravitational', 'wave', 'signal', 'to', 'a', 'kilonova', 's', 'burst', 'of', 'light', 'observations', 'that', 'will', 'go', 'down', 'in', 'the', 'history', 'of', 'astronomy']","['astronomers', 'first', 'time', 'matched', 'gravitational', 'wave', 'signal', 'kilonova', 'burst', 'light', 'observations', 'go', 'history', 'astronomy']","['astronomer', 'first', 'time', 'matched', 'gravitational', 'wave', 'signal', 'kilonova', 'burst', 'light', 'observation', 'go', 'history', 'astronomy']"
Ultra-Powerful Radio Bursts May Be Getting a Cosmic Boost,Katia Moskvitch,"October 10, 2017",Repeating radio bursts are among the most mysterious phenomena in the universe. A new theory explores how some of their puzzling properties can be explained by galactic lenses made of plasma.,repeating radio burst among mysterious phenomenon universe new theory explores puzzling property explained galactic lens made plasma,repeating radio bursts are among the most mysterious phenomena in the universe. a new theory explores how some of their puzzling properties can be explained by galactic lenses made of plasma.,repeating radio bursts are among the most mysterious phenomena in the universe a new theory explores how some of their puzzling properties can be explained by galactic lenses made of plasma,"['repeating', 'radio', 'bursts', 'are', 'among', 'the', 'most', 'mysterious', 'phenomena', 'in', 'the', 'universe', 'a', 'new', 'theory', 'explores', 'how', 'some', 'of', 'their', 'puzzling', 'properties', 'can', 'be', 'explained', 'by', 'galactic', 'lenses', 'made', 'of', 'plasma']","['repeating', 'radio', 'bursts', 'among', 'mysterious', 'phenomena', 'universe', 'new', 'theory', 'explores', 'puzzling', 'properties', 'explained', 'galactic', 'lenses', 'made', 'plasma']","['repeating', 'radio', 'burst', 'among', 'mysterious', 'phenomenon', 'universe', 'new', 'theory', 'explores', 'puzzling', 'property', 'explained', 'galactic', 'lens', 'made', 'plasma']"
LIGO Architects Win Nobel Prize in Physics,Natalie Wolchover,"October 3, 2017","The American physicists Rainer Weiss, Kip Thorne and Barry Barish were honored for dreaming up and realizing the experiment that confirmed the existence of gravitational waves.",american physicist rainer weiss kip thorne barry barish honored dreaming realizing experiment confirmed existence gravitational wave,"the american physicists rainer weiss, kip thorne and barry barish were honored for dreaming up and realizing the experiment that confirmed the existence of gravitational waves.",the american physicists rainer weiss kip thorne and barry barish were honored for dreaming up and realizing the experiment that confirmed the existence of gravitational waves,"['the', 'american', 'physicists', 'rainer', 'weiss', 'kip', 'thorne', 'and', 'barry', 'barish', 'were', 'honored', 'for', 'dreaming', 'up', 'and', 'realizing', 'the', 'experiment', 'that', 'confirmed', 'the', 'existence', 'of', 'gravitational', 'waves']","['american', 'physicists', 'rainer', 'weiss', 'kip', 'thorne', 'barry', 'barish', 'honored', 'dreaming', 'realizing', 'experiment', 'confirmed', 'existence', 'gravitational', 'waves']","['american', 'physicist', 'rainer', 'weiss', 'kip', 'thorne', 'barry', 'barish', 'honored', 'dreaming', 'realizing', 'experiment', 'confirmed', 'existence', 'gravitational', 'wave']"
How the Hidden Higgs Could Reveal Our Universe’s Dark Sector,Bob Henderson,"September 26, 2017","The universe has not cooperated with physicists’ hopes. In desperation, many are looking for new ways to search for surprises at the Large Hadron Collider.",universe not cooperated physicist hope desperation many looking new way search surprise large hadron collider,"the universe has not cooperated with physicists’ hopes. in desperation, many are looking for new ways to search for surprises at the large hadron collider.",the universe has not cooperated with physicists hopes in desperation many are looking for new ways to search for surprises at the large hadron collider,"['the', 'universe', 'has', 'not', 'cooperated', 'with', 'physicists', 'hopes', 'in', 'desperation', 'many', 'are', 'looking', 'for', 'new', 'ways', 'to', 'search', 'for', 'surprises', 'at', 'the', 'large', 'hadron', 'collider']","['universe', 'not', 'cooperated', 'physicists', 'hopes', 'desperation', 'many', 'looking', 'new', 'ways', 'search', 'surprises', 'large', 'hadron', 'collider']","['universe', 'not', 'cooperated', 'physicist', 'hope', 'desperation', 'many', 'looking', 'new', 'way', 'search', 'surprise', 'large', 'hadron', 'collider']"
"To Solve the Biggest Mystery in Physics, Join Two Kinds of Law",Robbert Dijkgraaf,"September 7, 2017",Reductionism breaks the world into elementary building blocks. Emergence finds the simple laws that arise out of complexity. These two complementary ways of viewing the universe come together in modern theories of quantum gravity.,reductionism break world elementary building block emergence find simple law arise complexity two complementary way viewing universe come together modern theory quantum gravity,reductionism breaks the world into elementary building blocks. emergence finds the simple laws that arise out of complexity. these two complementary ways of viewing the universe come together in modern theories of quantum gravity.,reductionism breaks the world into elementary building blocks emergence finds the simple laws that arise out of complexity these two complementary ways of viewing the universe come together in modern theories of quantum gravity,"['reductionism', 'breaks', 'the', 'world', 'into', 'elementary', 'building', 'blocks', 'emergence', 'finds', 'the', 'simple', 'laws', 'that', 'arise', 'out', 'of', 'complexity', 'these', 'two', 'complementary', 'ways', 'of', 'viewing', 'the', 'universe', 'come', 'together', 'in', 'modern', 'theories', 'of', 'quantum', 'gravity']","['reductionism', 'breaks', 'world', 'elementary', 'building', 'blocks', 'emergence', 'finds', 'simple', 'laws', 'arise', 'complexity', 'two', 'complementary', 'ways', 'viewing', 'universe', 'come', 'together', 'modern', 'theories', 'quantum', 'gravity']","['reductionism', 'break', 'world', 'elementary', 'building', 'block', 'emergence', 'find', 'simple', 'law', 'arise', 'complexity', 'two', 'complementary', 'way', 'viewing', 'universe', 'come', 'together', 'modern', 'theory', 'quantum', 'gravity']"
Quantum Theory Rebuilt From Simple Physical Principles,Philip Ball,"August 30, 2017",Physicists are trying to rewrite the axioms of quantum theory from scratch in an effort to understand what it all means. The problem? They’ve been almost too successful.,physicist trying rewrite axiom quantum theory scratch effort understand mean problem almost successful,physicists are trying to rewrite the axioms of quantum theory from scratch in an effort to understand what it all means. the problem? they’ve been almost too successful.,physicists are trying to rewrite the axioms of quantum theory from scratch in an effort to understand what it all means the problem they ve been almost too successful,"['physicists', 'are', 'trying', 'to', 'rewrite', 'the', 'axioms', 'of', 'quantum', 'theory', 'from', 'scratch', 'in', 'an', 'effort', 'to', 'understand', 'what', 'it', 'all', 'means', 'the', 'problem', 'they', 've', 'been', 'almost', 'too', 'successful']","['physicists', 'trying', 'rewrite', 'axioms', 'quantum', 'theory', 'scratch', 'effort', 'understand', 'means', 'problem', 'almost', 'successful']","['physicist', 'trying', 'rewrite', 'axiom', 'quantum', 'theory', 'scratch', 'effort', 'understand', 'mean', 'problem', 'almost', 'successful']"
"For Astronomers, Neutron Star Merger Could Eclipse Eclipse",Joshua Sokol,"August 25, 2017","Even as the solar eclipse was mesmerizing millions, astronomers were training their space- and land-based telescopes on a far more violent astrophysical event.",even solar eclipse mesmerizing million astronomer training space land based telescope far violent astrophysical event,"even as the solar eclipse was mesmerizing millions, astronomers were training their space- and land-based telescopes on a far more violent astrophysical event.",even as the solar eclipse was mesmerizing millions astronomers were training their space and land based telescopes on a far more violent astrophysical event,"['even', 'as', 'the', 'solar', 'eclipse', 'was', 'mesmerizing', 'millions', 'astronomers', 'were', 'training', 'their', 'space', 'and', 'land', 'based', 'telescopes', 'on', 'a', 'far', 'more', 'violent', 'astrophysical', 'event']","['even', 'solar', 'eclipse', 'mesmerizing', 'millions', 'astronomers', 'training', 'space', 'land', 'based', 'telescopes', 'far', 'violent', 'astrophysical', 'event']","['even', 'solar', 'eclipse', 'mesmerizing', 'million', 'astronomer', 'training', 'space', 'land', 'based', 'telescope', 'far', 'violent', 'astrophysical', 'event']"
A Physicist Who Models ISIS and the Alt-Right,Natalie Wolchover,"August 23, 2017",The rise of new extremist groups has served as both an impetus and test-case for Neil Johnson’s models of terrorism and insurgency.,rise new extremist group served impetus test case neil johnson model terrorism insurgency,the rise of new extremist groups has served as both an impetus and test-case for neil johnson’s models of terrorism and insurgency.,the rise of new extremist groups has served as both an impetus and test case for neil johnson s models of terrorism and insurgency,"['the', 'rise', 'of', 'new', 'extremist', 'groups', 'has', 'served', 'as', 'both', 'an', 'impetus', 'and', 'test', 'case', 'for', 'neil', 'johnson', 's', 'models', 'of', 'terrorism', 'and', 'insurgency']","['rise', 'new', 'extremist', 'groups', 'served', 'impetus', 'test', 'case', 'neil', 'johnson', 'models', 'terrorism', 'insurgency']","['rise', 'new', 'extremist', 'group', 'served', 'impetus', 'test', 'case', 'neil', 'johnson', 'model', 'terrorism', 'insurgency']"
"Mathematicians Tame Rogue Waves, Lighting Up Future of LEDs",Kevin Hartnett,"August 22, 2017",The mathematician Svitlana Mayboroda and collaborators have figured out how to predict the behavior of electrons — a mathematical discovery that could have immediate practical effects.,mathematician svitlana mayboroda collaborator figured predict behavior electron mathematical discovery could immediate practical effect,the mathematician svitlana mayboroda and collaborators have figured out how to predict the behavior of electrons — a mathematical discovery that could have immediate practical effects.,the mathematician svitlana mayboroda and collaborators have figured out how to predict the behavior of electrons a mathematical discovery that could have immediate practical effects,"['the', 'mathematician', 'svitlana', 'mayboroda', 'and', 'collaborators', 'have', 'figured', 'out', 'how', 'to', 'predict', 'the', 'behavior', 'of', 'electrons', 'a', 'mathematical', 'discovery', 'that', 'could', 'have', 'immediate', 'practical', 'effects']","['mathematician', 'svitlana', 'mayboroda', 'collaborators', 'figured', 'predict', 'behavior', 'electrons', 'mathematical', 'discovery', 'could', 'immediate', 'practical', 'effects']","['mathematician', 'svitlana', 'mayboroda', 'collaborator', 'figured', 'predict', 'behavior', 'electron', 'mathematical', 'discovery', 'could', 'immediate', 'practical', 'effect']"
Eclipse Hunter Reveals the Science That Can Only Be Done in the Dark,Dan Falk,"August 10, 2017","Even in the age of sun-observing satellites, astronomers like Jay Pasachoff still seek out total solar eclipses for the tales they can tell about our sun.",even age sun observing satellite astronomer like jay pasachoff still seek total solar eclipse tale tell sun,"even in the age of sun-observing satellites, astronomers like jay pasachoff still seek out total solar eclipses for the tales they can tell about our sun.",even in the age of sun observing satellites astronomers like jay pasachoff still seek out total solar eclipses for the tales they can tell about our sun,"['even', 'in', 'the', 'age', 'of', 'sun', 'observing', 'satellites', 'astronomers', 'like', 'jay', 'pasachoff', 'still', 'seek', 'out', 'total', 'solar', 'eclipses', 'for', 'the', 'tales', 'they', 'can', 'tell', 'about', 'our', 'sun']","['even', 'age', 'sun', 'observing', 'satellites', 'astronomers', 'like', 'jay', 'pasachoff', 'still', 'seek', 'total', 'solar', 'eclipses', 'tales', 'tell', 'sun']","['even', 'age', 'sun', 'observing', 'satellite', 'astronomer', 'like', 'jay', 'pasachoff', 'still', 'seek', 'total', 'solar', 'eclipse', 'tale', 'tell', 'sun']"
Scientists Unveil New Inventory of Universe’s Dark Contents,Natalie Wolchover,"August 3, 2017",The first major results from the Dark Energy Survey signal the start of a new era of cosmology.,first major result dark energy survey signal start new era cosmology,the first major results from the dark energy survey signal the start of a new era of cosmology.,the first major results from the dark energy survey signal the start of a new era of cosmology,"['the', 'first', 'major', 'results', 'from', 'the', 'dark', 'energy', 'survey', 'signal', 'the', 'start', 'of', 'a', 'new', 'era', 'of', 'cosmology']","['first', 'major', 'results', 'dark', 'energy', 'survey', 'signal', 'start', 'new', 'era', 'cosmology']","['first', 'major', 'result', 'dark', 'energy', 'survey', 'signal', 'start', 'new', 'era', 'cosmology']"
What Made the Moon? New Ideas Try to Rescue a Troubled Theory,Rebecca Boyle,"August 2, 2017","Textbooks say that the moon was formed after a Mars-size mass smashed the young Earth. But new evidence has cast doubt on that story, leaving researchers to dream up new ways to get a giant rock into orbit.",textbook say moon formed mar size mass smashed young earth new evidence cast doubt story leaving researcher dream new way get giant rock orbit,"textbooks say that the moon was formed after a mars-size mass smashed the young earth. but new evidence has cast doubt on that story, leaving researchers to dream up new ways to get a giant rock into orbit.",textbooks say that the moon was formed after a mars size mass smashed the young earth but new evidence has cast doubt on that story leaving researchers to dream up new ways to get a giant rock into orbit,"['textbooks', 'say', 'that', 'the', 'moon', 'was', 'formed', 'after', 'a', 'mars', 'size', 'mass', 'smashed', 'the', 'young', 'earth', 'but', 'new', 'evidence', 'has', 'cast', 'doubt', 'on', 'that', 'story', 'leaving', 'researchers', 'to', 'dream', 'up', 'new', 'ways', 'to', 'get', 'a', 'giant', 'rock', 'into', 'orbit']","['textbooks', 'say', 'moon', 'formed', 'mars', 'size', 'mass', 'smashed', 'young', 'earth', 'new', 'evidence', 'cast', 'doubt', 'story', 'leaving', 'researchers', 'dream', 'new', 'ways', 'get', 'giant', 'rock', 'orbit']","['textbook', 'say', 'moon', 'formed', 'mar', 'size', 'mass', 'smashed', 'young', 'earth', 'new', 'evidence', 'cast', 'doubt', 'story', 'leaving', 'researcher', 'dream', 'new', 'way', 'get', 'giant', 'rock', 'orbit']"
Cookie-Cutter Supernovas Might Come in Different Flavors,Katia Moskvitch,"July 31, 2017","Astronomers thought that all Type Ia supernovas shine with the same brightness, making them incredibly useful cosmic yardsticks. But uncertainty over what causes these explosions has led researchers to reconsider their assumptions.",astronomer thought type ia supernova shine brightness making incredibly useful cosmic yardstick uncertainty cause explosion led researcher reconsider assumption,"astronomers thought that all type ia supernovas shine with the same brightness, making them incredibly useful cosmic yardsticks. but uncertainty over what causes these explosions has led researchers to reconsider their assumptions.",astronomers thought that all type ia supernovas shine with the same brightness making them incredibly useful cosmic yardsticks but uncertainty over what causes these explosions has led researchers to reconsider their assumptions,"['astronomers', 'thought', 'that', 'all', 'type', 'ia', 'supernovas', 'shine', 'with', 'the', 'same', 'brightness', 'making', 'them', 'incredibly', 'useful', 'cosmic', 'yardsticks', 'but', 'uncertainty', 'over', 'what', 'causes', 'these', 'explosions', 'has', 'led', 'researchers', 'to', 'reconsider', 'their', 'assumptions']","['astronomers', 'thought', 'type', 'ia', 'supernovas', 'shine', 'brightness', 'making', 'incredibly', 'useful', 'cosmic', 'yardsticks', 'uncertainty', 'causes', 'explosions', 'led', 'researchers', 'reconsider', 'assumptions']","['astronomer', 'thought', 'type', 'ia', 'supernova', 'shine', 'brightness', 'making', 'incredibly', 'useful', 'cosmic', 'yardstick', 'uncertainty', 'cause', 'explosion', 'led', 'researcher', 'reconsider', 'assumption']"
Black-Hole Hunter Takes Aim at Einstein,Joshua Sokol,"July 27, 2017",The astrophysicist Andrea Ghez spent two decades proving that a supermassive black hole anchors the center of the Milky Way galaxy. Her new plan? Test what happens when things get too close.,astrophysicist andrea ghez spent two decade proving supermassive black hole anchor center milky way galaxy new plan test happens thing get close,the astrophysicist andrea ghez spent two decades proving that a supermassive black hole anchors the center of the milky way galaxy. her new plan? test what happens when things get too close.,the astrophysicist andrea ghez spent two decades proving that a supermassive black hole anchors the center of the milky way galaxy her new plan test what happens when things get too close,"['the', 'astrophysicist', 'andrea', 'ghez', 'spent', 'two', 'decades', 'proving', 'that', 'a', 'supermassive', 'black', 'hole', 'anchors', 'the', 'center', 'of', 'the', 'milky', 'way', 'galaxy', 'her', 'new', 'plan', 'test', 'what', 'happens', 'when', 'things', 'get', 'too', 'close']","['astrophysicist', 'andrea', 'ghez', 'spent', 'two', 'decades', 'proving', 'supermassive', 'black', 'hole', 'anchors', 'center', 'milky', 'way', 'galaxy', 'new', 'plan', 'test', 'happens', 'things', 'get', 'close']","['astrophysicist', 'andrea', 'ghez', 'spent', 'two', 'decade', 'proving', 'supermassive', 'black', 'hole', 'anchor', 'center', 'milky', 'way', 'galaxy', 'new', 'plan', 'test', 'happens', 'thing', 'get', 'close']"
First Support for a Physics Theory of Life,Natalie Wolchover,"July 26, 2017","Take chemistry, add energy, get life. The first tests of Jeremy England’s provocative origin-of-life hypothesis are in, and they appear to show how order can arise from nothing.",take chemistry add energy get life first test jeremy england provocative origin life hypothesis appear show order arise nothing,"take chemistry, add energy, get life. the first tests of jeremy england’s provocative origin-of-life hypothesis are in, and they appear to show how order can arise from nothing.",take chemistry add energy get life the first tests of jeremy england s provocative origin of life hypothesis are in and they appear to show how order can arise from nothing,"['take', 'chemistry', 'add', 'energy', 'get', 'life', 'the', 'first', 'tests', 'of', 'jeremy', 'england', 's', 'provocative', 'origin', 'of', 'life', 'hypothesis', 'are', 'in', 'and', 'they', 'appear', 'to', 'show', 'how', 'order', 'can', 'arise', 'from', 'nothing']","['take', 'chemistry', 'add', 'energy', 'get', 'life', 'first', 'tests', 'jeremy', 'england', 'provocative', 'origin', 'life', 'hypothesis', 'appear', 'show', 'order', 'arise', 'nothing']","['take', 'chemistry', 'add', 'energy', 'get', 'life', 'first', 'test', 'jeremy', 'england', 'provocative', 'origin', 'life', 'hypothesis', 'appear', 'show', 'order', 'arise', 'nothing']"
Lucky Break Leads to Controversial Supernova Discovery,Katia Moskvitch,"July 5, 2017",Supernova hunters were able to train their telescopes on a recent eruption just hours after it exploded. What they found only adds to the growing list of questions surrounding these cosmic blasts.,supernova hunter able train telescope recent eruption hour exploded found add growing list question surrounding cosmic blast,supernova hunters were able to train their telescopes on a recent eruption just hours after it exploded. what they found only adds to the growing list of questions surrounding these cosmic blasts.,supernova hunters were able to train their telescopes on a recent eruption just hours after it exploded what they found only adds to the growing list of questions surrounding these cosmic blasts,"['supernova', 'hunters', 'were', 'able', 'to', 'train', 'their', 'telescopes', 'on', 'a', 'recent', 'eruption', 'just', 'hours', 'after', 'it', 'exploded', 'what', 'they', 'found', 'only', 'adds', 'to', 'the', 'growing', 'list', 'of', 'questions', 'surrounding', 'these', 'cosmic', 'blasts']","['supernova', 'hunters', 'able', 'train', 'telescopes', 'recent', 'eruption', 'hours', 'exploded', 'found', 'adds', 'growing', 'list', 'questions', 'surrounding', 'cosmic', 'blasts']","['supernova', 'hunter', 'able', 'train', 'telescope', 'recent', 'eruption', 'hour', 'exploded', 'found', 'add', 'growing', 'list', 'question', 'surrounding', 'cosmic', 'blast']"
Strange Noise in Gravitational-Wave Data Sparks Debate,Mark Kim-Mulgrew,"June 30, 2017",The team that discovered gravitational waves put their data online. Now an independent group of researchers claims that they’ve found what might be a serious problem.,team discovered gravitational wave put data online independent group researcher claim found might serious problem,the team that discovered gravitational waves put their data online. now an independent group of researchers claims that they’ve found what might be a serious problem.,the team that discovered gravitational waves put their data online now an independent group of researchers claims that they ve found what might be a serious problem,"['the', 'team', 'that', 'discovered', 'gravitational', 'waves', 'put', 'their', 'data', 'online', 'now', 'an', 'independent', 'group', 'of', 'researchers', 'claims', 'that', 'they', 've', 'found', 'what', 'might', 'be', 'a', 'serious', 'problem']","['team', 'discovered', 'gravitational', 'waves', 'put', 'data', 'online', 'independent', 'group', 'researchers', 'claims', 'found', 'might', 'serious', 'problem']","['team', 'discovered', 'gravitational', 'wave', 'put', 'data', 'online', 'independent', 'group', 'researcher', 'claim', 'found', 'might', 'serious', 'problem']"
Planet Nine Is Put on Trial in Absentia,Natalie Wolchover,"June 27, 2017","Breathless media coverage notwithstanding, the cases for and against a hypothetical Planet Nine in the outskirts of the solar system remain inconclusive.",breathless medium coverage notwithstanding case hypothetical planet nine outskirt solar system remain inconclusive,"breathless media coverage notwithstanding, the cases for and against a hypothetical planet nine in the outskirts of the solar system remain inconclusive.",breathless media coverage notwithstanding the cases for and against a hypothetical planet nine in the outskirts of the solar system remain inconclusive,"['breathless', 'media', 'coverage', 'notwithstanding', 'the', 'cases', 'for', 'and', 'against', 'a', 'hypothetical', 'planet', 'nine', 'in', 'the', 'outskirts', 'of', 'the', 'solar', 'system', 'remain', 'inconclusive']","['breathless', 'media', 'coverage', 'notwithstanding', 'cases', 'hypothetical', 'planet', 'nine', 'outskirts', 'solar', 'system', 'remain', 'inconclusive']","['breathless', 'medium', 'coverage', 'notwithstanding', 'case', 'hypothetical', 'planet', 'nine', 'outskirt', 'solar', 'system', 'remain', 'inconclusive']"
Researchers Check Space-Time to See if It’s Made of Quantum Bits,Ramin Skibba,"June 21, 2017","The newly developed theory of emergent gravity, proposed as an alternative to dark matter, struggles in one of its first trials.",newly developed theory emergent gravity proposed alternative dark matter struggle one first trial,"the newly developed theory of emergent gravity, proposed as an alternative to dark matter, struggles in one of its first trials.",the newly developed theory of emergent gravity proposed as an alternative to dark matter struggles in one of its first trials,"['the', 'newly', 'developed', 'theory', 'of', 'emergent', 'gravity', 'proposed', 'as', 'an', 'alternative', 'to', 'dark', 'matter', 'struggles', 'in', 'one', 'of', 'its', 'first', 'trials']","['newly', 'developed', 'theory', 'emergent', 'gravity', 'proposed', 'alternative', 'dark', 'matter', 'struggles', 'one', 'first', 'trials']","['newly', 'developed', 'theory', 'emergent', 'gravity', 'proposed', 'alternative', 'dark', 'matter', 'struggle', 'one', 'first', 'trial']"
Where Gravity Is Weak and Naked Singularities Are Verboten,Natalie Wolchover,"June 20, 2017","Recent calculations tie together two conjectures about gravity, potentially revealing new truths about its elusive quantum nature.",recent calculation tie together two conjecture gravity potentially revealing new truth elusive quantum nature,"recent calculations tie together two conjectures about gravity, potentially revealing new truths about its elusive quantum nature.",recent calculations tie together two conjectures about gravity potentially revealing new truths about its elusive quantum nature,"['recent', 'calculations', 'tie', 'together', 'two', 'conjectures', 'about', 'gravity', 'potentially', 'revealing', 'new', 'truths', 'about', 'its', 'elusive', 'quantum', 'nature']","['recent', 'calculations', 'tie', 'together', 'two', 'conjectures', 'gravity', 'potentially', 'revealing', 'new', 'truths', 'elusive', 'quantum', 'nature']","['recent', 'calculation', 'tie', 'together', 'two', 'conjecture', 'gravity', 'potentially', 'revealing', 'new', 'truth', 'elusive', 'quantum', 'nature']"
How Superfluid Dark Matter Mimics an Old Idea About Gravity,Jennifer Ouellette,"June 13, 2017","Does the force of gravity change at large scales? Perhaps not, but a new theory of dark matter shows why that could appear to be the case.",force gravity change large scale perhaps not new theory dark matter show could appear case,"does the force of gravity change at large scales? perhaps not, but a new theory of dark matter shows why that could appear to be the case.",does the force of gravity change at large scales perhaps not but a new theory of dark matter shows why that could appear to be the case,"['does', 'the', 'force', 'of', 'gravity', 'change', 'at', 'large', 'scales', 'perhaps', 'not', 'but', 'a', 'new', 'theory', 'of', 'dark', 'matter', 'shows', 'why', 'that', 'could', 'appear', 'to', 'be', 'the', 'case']","['force', 'gravity', 'change', 'large', 'scales', 'perhaps', 'not', 'new', 'theory', 'dark', 'matter', 'shows', 'could', 'appear', 'case']","['force', 'gravity', 'change', 'large', 'scale', 'perhaps', 'not', 'new', 'theory', 'dark', 'matter', 'show', 'could', 'appear', 'case']"
Dark Matter Recipe Calls for One Part Superfluid,Jennifer Ouellette,"June 13, 2017",A different kind of dark matter could help to resolve an old celestial conundrum.,different kind dark matter could help resolve old celestial conundrum,a different kind of dark matter could help to resolve an old celestial conundrum.,a different kind of dark matter could help to resolve an old celestial conundrum,"['a', 'different', 'kind', 'of', 'dark', 'matter', 'could', 'help', 'to', 'resolve', 'an', 'old', 'celestial', 'conundrum']","['different', 'kind', 'dark', 'matter', 'could', 'help', 'resolve', 'old', 'celestial', 'conundrum']","['different', 'kind', 'dark', 'matter', 'could', 'help', 'resolve', 'old', 'celestial', 'conundrum']"
A Theory of Reality as More Than the Sum of Its Parts,Natalie Wolchover,"June 1, 2017","New math shows how, contrary to conventional scientific wisdom, conscious beings and other macroscopic entities might have greater influence over the future than do the sum of their microscopic components.",new math show contrary conventional scientific wisdom conscious being macroscopic entity might greater influence future sum microscopic component,"new math shows how, contrary to conventional scientific wisdom, conscious beings and other macroscopic entities might have greater influence over the future than do the sum of their microscopic components.",new math shows how contrary to conventional scientific wisdom conscious beings and other macroscopic entities might have greater influence over the future than do the sum of their microscopic components,"['new', 'math', 'shows', 'how', 'contrary', 'to', 'conventional', 'scientific', 'wisdom', 'conscious', 'beings', 'and', 'other', 'macroscopic', 'entities', 'might', 'have', 'greater', 'influence', 'over', 'the', 'future', 'than', 'do', 'the', 'sum', 'of', 'their', 'microscopic', 'components']","['new', 'math', 'shows', 'contrary', 'conventional', 'scientific', 'wisdom', 'conscious', 'beings', 'macroscopic', 'entities', 'might', 'greater', 'influence', 'future', 'sum', 'microscopic', 'components']","['new', 'math', 'show', 'contrary', 'conventional', 'scientific', 'wisdom', 'conscious', 'being', 'macroscopic', 'entity', 'might', 'greater', 'influence', 'future', 'sum', 'microscopic', 'component']"
Latest Black Hole Collision Comes With a Twist,Natalie Wolchover,"June 1, 2017",The Advanced Laser Interferometer Gravitational-Wave Observatory’s third detection further compounds the mystery of why black holes collide.,advanced laser interferometer gravitational wave observatory third detection compound mystery black hole collide,the advanced laser interferometer gravitational-wave observatory’s third detection further compounds the mystery of why black holes collide.,the advanced laser interferometer gravitational wave observatory s third detection further compounds the mystery of why black holes collide,"['the', 'advanced', 'laser', 'interferometer', 'gravitational', 'wave', 'observatory', 's', 'third', 'detection', 'further', 'compounds', 'the', 'mystery', 'of', 'why', 'black', 'holes', 'collide']","['advanced', 'laser', 'interferometer', 'gravitational', 'wave', 'observatory', 'third', 'detection', 'compounds', 'mystery', 'black', 'holes', 'collide']","['advanced', 'laser', 'interferometer', 'gravitational', 'wave', 'observatory', 'third', 'detection', 'compound', 'mystery', 'black', 'hole', 'collide']"
Journey to the Birth of the Solar System,Natalie Wolchover,"May 25, 2017","Join David Kaplan on a virtual-reality tour showing how the sun, the Earth and the other planets came to be.",join david kaplan virtual reality tour showing sun earth planet came,"join david kaplan on a virtual-reality tour showing how the sun, the earth and the other planets came to be.",join david kaplan on a virtual reality tour showing how the sun the earth and the other planets came to be,"['join', 'david', 'kaplan', 'on', 'a', 'virtual', 'reality', 'tour', 'showing', 'how', 'the', 'sun', 'the', 'earth', 'and', 'the', 'other', 'planets', 'came', 'to', 'be']","['join', 'david', 'kaplan', 'virtual', 'reality', 'tour', 'showing', 'sun', 'earth', 'planets', 'came']","['join', 'david', 'kaplan', 'virtual', 'reality', 'tour', 'showing', 'sun', 'earth', 'planet', 'came']"
Discoveries Fuel Fight Over Universe’s First Light,Ashley Yeager,"May 19, 2017",A series of observations at the very edge of the universe has reignited a debate over what lifted the primordial cosmic fog.,series observation edge universe reignited debate lifted primordial cosmic fog,a series of observations at the very edge of the universe has reignited a debate over what lifted the primordial cosmic fog.,a series of observations at the very edge of the universe has reignited a debate over what lifted the primordial cosmic fog,"['a', 'series', 'of', 'observations', 'at', 'the', 'very', 'edge', 'of', 'the', 'universe', 'has', 'reignited', 'a', 'debate', 'over', 'what', 'lifted', 'the', 'primordial', 'cosmic', 'fog']","['series', 'observations', 'edge', 'universe', 'reignited', 'debate', 'lifted', 'primordial', 'cosmic', 'fog']","['series', 'observation', 'edge', 'universe', 'reignited', 'debate', 'lifted', 'primordial', 'cosmic', 'fog']"
A Defense of the Reality of Time,George Musser,"May 16, 2017","Time isn’t just another dimension, argues Tim Maudlin. To make his case, he’s had to reinvent geometry.",time another dimension argues tim maudlin make case reinvent geometry,"time isn’t just another dimension, argues tim maudlin. to make his case, he’s had to reinvent geometry.",time isn t just another dimension argues tim maudlin to make his case he s had to reinvent geometry,"['time', 'isn', 't', 'just', 'another', 'dimension', 'argues', 'tim', 'maudlin', 'to', 'make', 'his', 'case', 'he', 's', 'had', 'to', 'reinvent', 'geometry']","['time', 'another', 'dimension', 'argues', 'tim', 'maudlin', 'make', 'case', 'reinvent', 'geometry']","['time', 'another', 'dimension', 'argues', 'tim', 'maudlin', 'make', 'case', 'reinvent', 'geometry']"
Exoplanet Puzzle Cracked by Jazz Musicians,Joshua Sokol,"May 10, 2017",A system of seven Earth-like exoplanets appeared to be unstable. Now their orbits have been rewritten in the music of the spheres.,system seven earth like exoplanets appeared unstable orbit rewritten music sphere,a system of seven earth-like exoplanets appeared to be unstable. now their orbits have been rewritten in the music of the spheres.,a system of seven earth like exoplanets appeared to be unstable now their orbits have been rewritten in the music of the spheres,"['a', 'system', 'of', 'seven', 'earth', 'like', 'exoplanets', 'appeared', 'to', 'be', 'unstable', 'now', 'their', 'orbits', 'have', 'been', 'rewritten', 'in', 'the', 'music', 'of', 'the', 'spheres']","['system', 'seven', 'earth', 'like', 'exoplanets', 'appeared', 'unstable', 'orbits', 'rewritten', 'music', 'spheres']","['system', 'seven', 'earth', 'like', 'exoplanets', 'appeared', 'unstable', 'orbit', 'rewritten', 'music', 'sphere']"
The Quantum Thermodynamics Revolution,Natalie Wolchover,"May 2, 2017","As physicists extend the 19th-century laws of thermodynamics to the quantum realm, they’re rewriting the relationships among energy, entropy and information.",physicist extend th century law thermodynamics quantum realm rewriting relationship among energy entropy information,"as physicists extend the 19th-century laws of thermodynamics to the quantum realm, they’re rewriting the relationships among energy, entropy and information.",as physicists extend the th century laws of thermodynamics to the quantum realm they re rewriting the relationships among energy entropy and information,"['as', 'physicists', 'extend', 'the', 'th', 'century', 'laws', 'of', 'thermodynamics', 'to', 'the', 'quantum', 'realm', 'they', 're', 'rewriting', 'the', 'relationships', 'among', 'energy', 'entropy', 'and', 'information']","['physicists', 'extend', 'th', 'century', 'laws', 'thermodynamics', 'quantum', 'realm', 'rewriting', 'relationships', 'among', 'energy', 'entropy', 'information']","['physicist', 'extend', 'th', 'century', 'law', 'thermodynamics', 'quantum', 'realm', 'rewriting', 'relationship', 'among', 'energy', 'entropy', 'information']"
A Cosmic-Ray Hunter Takes to the Sky,Natalie Wolchover,"April 27, 2017",Angela Olinto’s new balloon experiment takes her one step closer to the unknown source of the most energetic particles in the universe.,angela olinto new balloon experiment take one step closer unknown source energetic particle universe,angela olinto’s new balloon experiment takes her one step closer to the unknown source of the most energetic particles in the universe.,angela olinto s new balloon experiment takes her one step closer to the unknown source of the most energetic particles in the universe,"['angela', 'olinto', 's', 'new', 'balloon', 'experiment', 'takes', 'her', 'one', 'step', 'closer', 'to', 'the', 'unknown', 'source', 'of', 'the', 'most', 'energetic', 'particles', 'in', 'the', 'universe']","['angela', 'olinto', 'new', 'balloon', 'experiment', 'takes', 'one', 'step', 'closer', 'unknown', 'source', 'energetic', 'particles', 'universe']","['angela', 'olinto', 'new', 'balloon', 'experiment', 'take', 'one', 'step', 'closer', 'unknown', 'source', 'energetic', 'particle', 'universe']"
"A Cosmic Burst Repeats, Deepen­ing a Mystery",Katia Moskvitch,"April 18, 2017","After a surprise discovery, astrophysicists are racing to understand superenergetic flashes of radio waves that sometimes beep out from distant galaxies.",surprise discovery astrophysicist racing understand superenergetic flash radio wave sometimes beep distant galaxy,"after a surprise discovery, astrophysicists are racing to understand superenergetic flashes of radio waves that sometimes beep out from distant galaxies.",after a surprise discovery astrophysicists are racing to understand superenergetic flashes of radio waves that sometimes beep out from distant galaxies,"['after', 'a', 'surprise', 'discovery', 'astrophysicists', 'are', 'racing', 'to', 'understand', 'superenergetic', 'flashes', 'of', 'radio', 'waves', 'that', 'sometimes', 'beep', 'out', 'from', 'distant', 'galaxies']","['surprise', 'discovery', 'astrophysicists', 'racing', 'understand', 'superenergetic', 'flashes', 'radio', 'waves', 'sometimes', 'beep', 'distant', 'galaxies']","['surprise', 'discovery', 'astrophysicist', 'racing', 'understand', 'superenergetic', 'flash', 'radio', 'wave', 'sometimes', 'beep', 'distant', 'galaxy']"
"Physicists Attack Math’s $1,000,000 Question",Natalie Wolchover,"April 4, 2017",Physicists are attempting to map the distribution of the prime numbers to the energy levels of a particular quantum system.,physicist attempting map distribution prime number energy level particular quantum system,physicists are attempting to map the distribution of the prime numbers to the energy levels of a particular quantum system.,physicists are attempting to map the distribution of the prime numbers to the energy levels of a particular quantum system,"['physicists', 'are', 'attempting', 'to', 'map', 'the', 'distribution', 'of', 'the', 'prime', 'numbers', 'to', 'the', 'energy', 'levels', 'of', 'a', 'particular', 'quantum', 'system']","['physicists', 'attempting', 'map', 'distribution', 'prime', 'numbers', 'energy', 'levels', 'particular', 'quantum', 'system']","['physicist', 'attempting', 'map', 'distribution', 'prime', 'number', 'energy', 'level', 'particular', 'quantum', 'system']"
Quantum Questions Inspire New Math,Robbert Dijkgraaf,"March 30, 2017","In order to fully understand the quantum world, we may have to develop a new realm of mathematics.",order fully understand quantum world may develop new realm mathematics,"in order to fully understand the quantum world, we may have to develop a new realm of mathematics.",in order to fully understand the quantum world we may have to develop a new realm of mathematics,"['in', 'order', 'to', 'fully', 'understand', 'the', 'quantum', 'world', 'we', 'may', 'have', 'to', 'develop', 'a', 'new', 'realm', 'of', 'mathematics']","['order', 'fully', 'understand', 'quantum', 'world', 'may', 'develop', 'new', 'realm', 'mathematics']","['order', 'fully', 'understand', 'quantum', 'world', 'may', 'develop', 'new', 'realm', 'mathematics']"
A New Blast May Have Forged Cosmic Gold,Joshua Sokol,"March 23, 2017","For decades, researchers believed that violent supernovas forged gold and other heavy elements. But many now argue for a different cosmic quarry.",decade researcher believed violent supernova forged gold heavy element many argue different cosmic quarry,"for decades, researchers believed that violent supernovas forged gold and other heavy elements. but many now argue for a different cosmic quarry.",for decades researchers believed that violent supernovas forged gold and other heavy elements but many now argue for a different cosmic quarry,"['for', 'decades', 'researchers', 'believed', 'that', 'violent', 'supernovas', 'forged', 'gold', 'and', 'other', 'heavy', 'elements', 'but', 'many', 'now', 'argue', 'for', 'a', 'different', 'cosmic', 'quarry']","['decades', 'researchers', 'believed', 'violent', 'supernovas', 'forged', 'gold', 'heavy', 'elements', 'many', 'argue', 'different', 'cosmic', 'quarry']","['decade', 'researcher', 'believed', 'violent', 'supernova', 'forged', 'gold', 'heavy', 'element', 'many', 'argue', 'different', 'cosmic', 'quarry']"
19 Women Leading Math and Physics,Natalie Wolchover,"March 8, 2017",Top women in mathematics and physics discuss how they got to where they are — and why there aren’t more of them.,top woman mathematics physic discus got,top women in mathematics and physics discuss how they got to where they are — and why there aren’t more of them.,top women in mathematics and physics discuss how they got to where they are and why there aren t more of them,"['top', 'women', 'in', 'mathematics', 'and', 'physics', 'discuss', 'how', 'they', 'got', 'to', 'where', 'they', 'are', 'and', 'why', 'there', 'aren', 't', 'more', 'of', 'them']","['top', 'women', 'mathematics', 'physics', 'discuss', 'got']","['top', 'woman', 'mathematics', 'physic', 'discus', 'got']"
‘Digital Alchemist’ Seeks Rules of Emergence,Natalie Wolchover,"March 8, 2017",Computational physicist Sharon Glotzer is uncovering the rules by which complex collective phenomena emerge from simple building blocks.,computational physicist sharon glotzer uncovering rule complex collective phenomenon emerge simple building block,computational physicist sharon glotzer is uncovering the rules by which complex collective phenomena emerge from simple building blocks.,computational physicist sharon glotzer is uncovering the rules by which complex collective phenomena emerge from simple building blocks,"['computational', 'physicist', 'sharon', 'glotzer', 'is', 'uncovering', 'the', 'rules', 'by', 'which', 'complex', 'collective', 'phenomena', 'emerge', 'from', 'simple', 'building', 'blocks']","['computational', 'physicist', 'sharon', 'glotzer', 'uncovering', 'rules', 'complex', 'collective', 'phenomena', 'emerge', 'simple', 'building', 'blocks']","['computational', 'physicist', 'sharon', 'glotzer', 'uncovering', 'rule', 'complex', 'collective', 'phenomenon', 'emerge', 'simple', 'building', 'block']"
Inside the Knotty World of ‘Anyon’ Particles,Frank Wilczek,"February 28, 2017",A new class of quantum particle is about to emerge from the tangled considerations of quantum statistics.,new class quantum particle emerge tangled consideration quantum statistic,a new class of quantum particle is about to emerge from the tangled considerations of quantum statistics.,a new class of quantum particle is about to emerge from the tangled considerations of quantum statistics,"['a', 'new', 'class', 'of', 'quantum', 'particle', 'is', 'about', 'to', 'emerge', 'from', 'the', 'tangled', 'considerations', 'of', 'quantum', 'statistics']","['new', 'class', 'quantum', 'particle', 'emerge', 'tangled', 'considerations', 'quantum', 'statistics']","['new', 'class', 'quantum', 'particle', 'emerge', 'tangled', 'consideration', 'quantum', 'statistic']"
Physicists Uncover Geometric ‘Theory Space’,Natalie Wolchover,"February 23, 2017",A decades-old method called the “bootstrap” is enabling new discoveries about the geometry underlying all quantum theories.,decade old method called bootstrap enabling new discovery geometry underlying quantum theory,a decades-old method called the “bootstrap” is enabling new discoveries about the geometry underlying all quantum theories.,a decades old method called the bootstrap is enabling new discoveries about the geometry underlying all quantum theories,"['a', 'decades', 'old', 'method', 'called', 'the', 'bootstrap', 'is', 'enabling', 'new', 'discoveries', 'about', 'the', 'geometry', 'underlying', 'all', 'quantum', 'theories']","['decades', 'old', 'method', 'called', 'bootstrap', 'enabling', 'new', 'discoveries', 'geometry', 'underlying', 'quantum', 'theories']","['decade', 'old', 'method', 'called', 'bootstrap', 'enabling', 'new', 'discovery', 'geometry', 'underlying', 'quantum', 'theory']"
Experiment Reaffirms Quantum Weirdness,Natalie Wolchover,"February 7, 2017",Physicists are closing the door on an intriguing loophole around the quantum phenomenon Einstein called “spooky action at a distance.”,physicist closing door intriguing loophole around quantum phenomenon einstein called spooky action distance,physicists are closing the door on an intriguing loophole around the quantum phenomenon einstein called “spooky action at a distance.”,physicists are closing the door on an intriguing loophole around the quantum phenomenon einstein called spooky action at a distance,"['physicists', 'are', 'closing', 'the', 'door', 'on', 'an', 'intriguing', 'loophole', 'around', 'the', 'quantum', 'phenomenon', 'einstein', 'called', 'spooky', 'action', 'at', 'a', 'distance']","['physicists', 'closing', 'door', 'intriguing', 'loophole', 'around', 'quantum', 'phenomenon', 'einstein', 'called', 'spooky', 'action', 'distance']","['physicist', 'closing', 'door', 'intriguing', 'loophole', 'around', 'quantum', 'phenomenon', 'einstein', 'called', 'spooky', 'action', 'distance']"
How Life (and Death) Spring From Disorder,Philip Ball,"January 26, 2017","Life was long thought to obey its own set of rules. But as simple systems show signs of lifelike behavior, scientists are arguing about whether this apparent complexity is all a consequence of thermodynamics.",life long thought obey set rule simple system show sign lifelike behavior scientist arguing whether apparent complexity consequence thermodynamics,"life was long thought to obey its own set of rules. but as simple systems show signs of lifelike behavior, scientists are arguing about whether this apparent complexity is all a consequence of thermodynamics.",life was long thought to obey its own set of rules but as simple systems show signs of lifelike behavior scientists are arguing about whether this apparent complexity is all a consequence of thermodynamics,"['life', 'was', 'long', 'thought', 'to', 'obey', 'its', 'own', 'set', 'of', 'rules', 'but', 'as', 'simple', 'systems', 'show', 'signs', 'of', 'lifelike', 'behavior', 'scientists', 'are', 'arguing', 'about', 'whether', 'this', 'apparent', 'complexity', 'is', 'all', 'a', 'consequence', 'of', 'thermodynamics']","['life', 'long', 'thought', 'obey', 'set', 'rules', 'simple', 'systems', 'show', 'signs', 'lifelike', 'behavior', 'scientists', 'arguing', 'whether', 'apparent', 'complexity', 'consequence', 'thermodynamics']","['life', 'long', 'thought', 'obey', 'set', 'rule', 'simple', 'system', 'show', 'sign', 'lifelike', 'behavior', 'scientist', 'arguing', 'whether', 'apparent', 'complexity', 'consequence', 'thermodynamics']"
Droplets That ‘Come to Life’,Natalie Wolchover,"January 20, 2017",Life might have originated in droplets that behave surprisingly like living cells.,life might originated droplet behave surprisingly like living cell,life might have originated in droplets that behave surprisingly like living cells.,life might have originated in droplets that behave surprisingly like living cells,"['life', 'might', 'have', 'originated', 'in', 'droplets', 'that', 'behave', 'surprisingly', 'like', 'living', 'cells']","['life', 'might', 'originated', 'droplets', 'behave', 'surprisingly', 'like', 'living', 'cells']","['life', 'might', 'originated', 'droplet', 'behave', 'surprisingly', 'like', 'living', 'cell']"
Dividing Droplets Could Explain Life’s Origin,Natalie Wolchover,"January 19, 2017","Researchers have discovered that simple “chemically active” droplets grow to the size of cells and spontaneously divide, suggesting they might have evolved into the first living cells.",researcher discovered simple chemically active droplet grow size cell spontaneously divide suggesting might evolved first living cell,"researchers have discovered that simple “chemically active” droplets grow to the size of cells and spontaneously divide, suggesting they might have evolved into the first living cells.",researchers have discovered that simple chemically active droplets grow to the size of cells and spontaneously divide suggesting they might have evolved into the first living cells,"['researchers', 'have', 'discovered', 'that', 'simple', 'chemically', 'active', 'droplets', 'grow', 'to', 'the', 'size', 'of', 'cells', 'and', 'spontaneously', 'divide', 'suggesting', 'they', 'might', 'have', 'evolved', 'into', 'the', 'first', 'living', 'cells']","['researchers', 'discovered', 'simple', 'chemically', 'active', 'droplets', 'grow', 'size', 'cells', 'spontaneously', 'divide', 'suggesting', 'might', 'evolved', 'first', 'living', 'cells']","['researcher', 'discovered', 'simple', 'chemically', 'active', 'droplet', 'grow', 'size', 'cell', 'spontaneously', 'divide', 'suggesting', 'might', 'evolved', 'first', 'living', 'cell']"
"On the Moon’s Far Side, Clues to a Cataclysm?",Jeanette Kazmierczak,"December 22, 2016",A mission to collect samples from the far side of the moon could answer questions about a barrage of asteroids nearly 4 billion years ago.,mission collect sample far side moon could answer question barrage asteroid nearly billion year ago,a mission to collect samples from the far side of the moon could answer questions about a barrage of asteroids nearly 4 billion years ago.,a mission to collect samples from the far side of the moon could answer questions about a barrage of asteroids nearly billion years ago,"['a', 'mission', 'to', 'collect', 'samples', 'from', 'the', 'far', 'side', 'of', 'the', 'moon', 'could', 'answer', 'questions', 'about', 'a', 'barrage', 'of', 'asteroids', 'nearly', 'billion', 'years', 'ago']","['mission', 'collect', 'samples', 'far', 'side', 'moon', 'could', 'answer', 'questions', 'barrage', 'asteroids', 'nearly', 'billion', 'years', 'ago']","['mission', 'collect', 'sample', 'far', 'side', 'moon', 'could', 'answer', 'question', 'barrage', 'asteroid', 'nearly', 'billion', 'year', 'ago']"
Explorers Find Passage to Earth’s Dark Age,Natalie Wolchover,"December 22, 2016","Geochemical signals from deep inside Earth are beginning to shed light on the planet’s first 50 million years, a formative period long viewed as inaccessible to science.",geochemical signal deep inside earth beginning shed light planet first million year formative period long viewed inaccessible science,"geochemical signals from deep inside earth are beginning to shed light on the planet’s first 50 million years, a formative period long viewed as inaccessible to science.",geochemical signals from deep inside earth are beginning to shed light on the planet s first million years a formative period long viewed as inaccessible to science,"['geochemical', 'signals', 'from', 'deep', 'inside', 'earth', 'are', 'beginning', 'to', 'shed', 'light', 'on', 'the', 'planet', 's', 'first', 'million', 'years', 'a', 'formative', 'period', 'long', 'viewed', 'as', 'inaccessible', 'to', 'science']","['geochemical', 'signals', 'deep', 'inside', 'earth', 'beginning', 'shed', 'light', 'planet', 'first', 'million', 'years', 'formative', 'period', 'long', 'viewed', 'inaccessible', 'science']","['geochemical', 'signal', 'deep', 'inside', 'earth', 'beginning', 'shed', 'light', 'planet', 'first', 'million', 'year', 'formative', 'period', 'long', 'viewed', 'inaccessible', 'science']"
"In the Deep, a Drive to Find Dark Matter",Joshua Sokol,"December 20, 2016","Elena Aprile now leads the world’s most sensitive dark-matter search. But before she could build her first detector, she had to make herself out of titanium.",elena aprile lead world sensitive dark matter search could build first detector make titanium,"elena aprile now leads the world’s most sensitive dark-matter search. but before she could build her first detector, she had to make herself out of titanium.",elena aprile now leads the world s most sensitive dark matter search but before she could build her first detector she had to make herself out of titanium,"['elena', 'aprile', 'now', 'leads', 'the', 'world', 's', 'most', 'sensitive', 'dark', 'matter', 'search', 'but', 'before', 'she', 'could', 'build', 'her', 'first', 'detector', 'she', 'had', 'to', 'make', 'herself', 'out', 'of', 'titanium']","['elena', 'aprile', 'leads', 'world', 'sensitive', 'dark', 'matter', 'search', 'could', 'build', 'first', 'detector', 'make', 'titanium']","['elena', 'aprile', 'lead', 'world', 'sensitive', 'dark', 'matter', 'search', 'could', 'build', 'first', 'detector', 'make', 'titanium']"
Grand Unification Dream Kept at Bay,Natalie Wolchover,"December 15, 2016","Physicists have failed to find disintegrating protons, throwing into limbo the beloved theory that the forces of nature were unified at the beginning of time.",physicist failed find disintegrating proton throwing limbo beloved theory force nature unified beginning time,"physicists have failed to find disintegrating protons, throwing into limbo the beloved theory that the forces of nature were unified at the beginning of time.",physicists have failed to find disintegrating protons throwing into limbo the beloved theory that the forces of nature were unified at the beginning of time,"['physicists', 'have', 'failed', 'to', 'find', 'disintegrating', 'protons', 'throwing', 'into', 'limbo', 'the', 'beloved', 'theory', 'that', 'the', 'forces', 'of', 'nature', 'were', 'unified', 'at', 'the', 'beginning', 'of', 'time']","['physicists', 'failed', 'find', 'disintegrating', 'protons', 'throwing', 'limbo', 'beloved', 'theory', 'forces', 'nature', 'unified', 'beginning', 'time']","['physicist', 'failed', 'find', 'disintegrating', 'proton', 'throwing', 'limbo', 'beloved', 'theory', 'force', 'nature', 'unified', 'beginning', 'time']"
On a Hunt for a Ghost of a Particle,Maggie McKee,"December 8, 2016","Janet Conrad has a plan to catch the sterile neutrino — an elusive particle, possibly glimpsed by a number of experiments, that would upend what we know about the subatomic world.",janet conrad plan catch sterile neutrino elusive particle possibly glimpsed number experiment would upend know subatomic world,"janet conrad has a plan to catch the sterile neutrino — an elusive particle, possibly glimpsed by a number of experiments, that would upend what we know about the subatomic world.",janet conrad has a plan to catch the sterile neutrino an elusive particle possibly glimpsed by a number of experiments that would upend what we know about the subatomic world,"['janet', 'conrad', 'has', 'a', 'plan', 'to', 'catch', 'the', 'sterile', 'neutrino', 'an', 'elusive', 'particle', 'possibly', 'glimpsed', 'by', 'a', 'number', 'of', 'experiments', 'that', 'would', 'upend', 'what', 'we', 'know', 'about', 'the', 'subatomic', 'world']","['janet', 'conrad', 'plan', 'catch', 'sterile', 'neutrino', 'elusive', 'particle', 'possibly', 'glimpsed', 'number', 'experiments', 'would', 'upend', 'know', 'subatomic', 'world']","['janet', 'conrad', 'plan', 'catch', 'sterile', 'neutrino', 'elusive', 'particle', 'possibly', 'glimpsed', 'number', 'experiment', 'would', 'upend', 'know', 'subatomic', 'world']"
Quantum Gravity’s Time Problem,Natalie Wolchover,"December 1, 2016",The effort to unify quantum mechanics and general relativity means reconciling totally different notions of time.,effort unify quantum mechanic general relativity mean reconciling totally different notion time,the effort to unify quantum mechanics and general relativity means reconciling totally different notions of time.,the effort to unify quantum mechanics and general relativity means reconciling totally different notions of time,"['the', 'effort', 'to', 'unify', 'quantum', 'mechanics', 'and', 'general', 'relativity', 'means', 'reconciling', 'totally', 'different', 'notions', 'of', 'time']","['effort', 'unify', 'quantum', 'mechanics', 'general', 'relativity', 'means', 'reconciling', 'totally', 'different', 'notions', 'time']","['effort', 'unify', 'quantum', 'mechanic', 'general', 'relativity', 'mean', 'reconciling', 'totally', 'different', 'notion', 'time']"
The Case Against Dark Matter,Natalie Wolchover,"November 29, 2016","A proposed theory of gravity does away with dark matter, even as new astrophysical findings challenge the need for galaxies full of the invisible mystery particles.",proposed theory gravity away dark matter even new astrophysical finding challenge need galaxy full invisible mystery particle,"a proposed theory of gravity does away with dark matter, even as new astrophysical findings challenge the need for galaxies full of the invisible mystery particles.",a proposed theory of gravity does away with dark matter even as new astrophysical findings challenge the need for galaxies full of the invisible mystery particles,"['a', 'proposed', 'theory', 'of', 'gravity', 'does', 'away', 'with', 'dark', 'matter', 'even', 'as', 'new', 'astrophysical', 'findings', 'challenge', 'the', 'need', 'for', 'galaxies', 'full', 'of', 'the', 'invisible', 'mystery', 'particles']","['proposed', 'theory', 'gravity', 'away', 'dark', 'matter', 'even', 'new', 'astrophysical', 'findings', 'challenge', 'need', 'galaxies', 'full', 'invisible', 'mystery', 'particles']","['proposed', 'theory', 'gravity', 'away', 'dark', 'matter', 'even', 'new', 'astrophysical', 'finding', 'challenge', 'need', 'galaxy', 'full', 'invisible', 'mystery', 'particle']"
The Math That’s Too Difficult for Physics,Kevin Hartnett,"November 18, 2016","How do physicists reconstruct what really happened in a particle collision? Through calculations that are so challenging that, in some cases, they simply can’t be done. Yet.",physicist reconstruct really happened particle collision calculation challenging case simply done yet,"how do physicists reconstruct what really happened in a particle collision? through calculations that are so challenging that, in some cases, they simply can’t be done. yet.",how do physicists reconstruct what really happened in a particle collision through calculations that are so challenging that in some cases they simply can t be done yet,"['how', 'do', 'physicists', 'reconstruct', 'what', 'really', 'happened', 'in', 'a', 'particle', 'collision', 'through', 'calculations', 'that', 'are', 'so', 'challenging', 'that', 'in', 'some', 'cases', 'they', 'simply', 'can', 't', 'be', 'done', 'yet']","['physicists', 'reconstruct', 'really', 'happened', 'particle', 'collision', 'calculations', 'challenging', 'cases', 'simply', 'done', 'yet']","['physicist', 'reconstruct', 'really', 'happened', 'particle', 'collision', 'calculation', 'challenging', 'case', 'simply', 'done', 'yet']"
Strange Numbers Found in Particle Collisions,Kevin Hartnett,"November 15, 2016","An unexpected connection has emerged between the results of physics experiments and an important, seemingly unrelated set of numbers in pure mathematics.",unexpected connection emerged result physic experiment important seemingly unrelated set number pure mathematics,"an unexpected connection has emerged between the results of physics experiments and an important, seemingly unrelated set of numbers in pure mathematics.",an unexpected connection has emerged between the results of physics experiments and an important seemingly unrelated set of numbers in pure mathematics,"['an', 'unexpected', 'connection', 'has', 'emerged', 'between', 'the', 'results', 'of', 'physics', 'experiments', 'and', 'an', 'important', 'seemingly', 'unrelated', 'set', 'of', 'numbers', 'in', 'pure', 'mathematics']","['unexpected', 'connection', 'emerged', 'results', 'physics', 'experiments', 'important', 'seemingly', 'unrelated', 'set', 'numbers', 'pure', 'mathematics']","['unexpected', 'connection', 'emerged', 'result', 'physic', 'experiment', 'important', 'seemingly', 'unrelated', 'set', 'number', 'pure', 'mathematics']"
Can Analogies Reveal the Laws of Physics?,Natalie Wolchover,"November 10, 2016","So-called “analogue experiments” are becoming increasingly common in physics, but do they teach or mislead?",called analogue experiment becoming increasingly common physic teach mislead,"so-called “analogue experiments” are becoming increasingly common in physics, but do they teach or mislead?",so called analogue experiments are becoming increasingly common in physics but do they teach or mislead,"['so', 'called', 'analogue', 'experiments', 'are', 'becoming', 'increasingly', 'common', 'in', 'physics', 'but', 'do', 'they', 'teach', 'or', 'mislead']","['called', 'analogue', 'experiments', 'becoming', 'increasingly', 'common', 'physics', 'teach', 'mislead']","['called', 'analogue', 'experiment', 'becoming', 'increasingly', 'common', 'physic', 'teach', 'mislead']"
What Sonic Black Holes Say About Real Ones,Natalie Wolchover,"November 8, 2016","Can a fluid analogue of a black hole point physicists toward the theory of quantum gravity, or is it a red herring?",fluid analogue black hole point physicist toward theory quantum gravity red herring,"can a fluid analogue of a black hole point physicists toward the theory of quantum gravity, or is it a red herring?",can a fluid analogue of a black hole point physicists toward the theory of quantum gravity or is it a red herring,"['can', 'a', 'fluid', 'analogue', 'of', 'a', 'black', 'hole', 'point', 'physicists', 'toward', 'the', 'theory', 'of', 'quantum', 'gravity', 'or', 'is', 'it', 'a', 'red', 'herring']","['fluid', 'analogue', 'black', 'hole', 'point', 'physicists', 'toward', 'theory', 'quantum', 'gravity', 'red', 'herring']","['fluid', 'analogue', 'black', 'hole', 'point', 'physicist', 'toward', 'theory', 'quantum', 'gravity', 'red', 'herring']"
A New Spin on the Quantum Brain,Jennifer Ouellette,"November 2, 2016","A new theory explains how fragile quantum states may be able to exist for hours or even days in our warm, wet brain. Experiments should soon test the idea.",new theory explains fragile quantum state may able exist hour even day warm wet brain experiment soon test idea,"a new theory explains how fragile quantum states may be able to exist for hours or even days in our warm, wet brain. experiments should soon test the idea.",a new theory explains how fragile quantum states may be able to exist for hours or even days in our warm wet brain experiments should soon test the idea,"['a', 'new', 'theory', 'explains', 'how', 'fragile', 'quantum', 'states', 'may', 'be', 'able', 'to', 'exist', 'for', 'hours', 'or', 'even', 'days', 'in', 'our', 'warm', 'wet', 'brain', 'experiments', 'should', 'soon', 'test', 'the', 'idea']","['new', 'theory', 'explains', 'fragile', 'quantum', 'states', 'may', 'able', 'exist', 'hours', 'even', 'days', 'warm', 'wet', 'brain', 'experiments', 'soon', 'test', 'idea']","['new', 'theory', 'explains', 'fragile', 'quantum', 'state', 'may', 'able', 'exist', 'hour', 'even', 'day', 'warm', 'wet', 'brain', 'experiment', 'soon', 'test', 'idea']"
Do You Love or Hate Math and Science?,Thomas Lin,"October 20, 2016",Quanta Magazine invites readers to share about their early math and science learning experiences and to explore the interactive survey results.,quantum magazine invite reader share early math science learning experience explore interactive survey result,quanta magazine invites readers to share about their early math and science learning experiences and to explore the interactive survey results.,quanta magazine invites readers to share about their early math and science learning experiences and to explore the interactive survey results,"['quanta', 'magazine', 'invites', 'readers', 'to', 'share', 'about', 'their', 'early', 'math', 'and', 'science', 'learning', 'experiences', 'and', 'to', 'explore', 'the', 'interactive', 'survey', 'results']","['quanta', 'magazine', 'invites', 'readers', 'share', 'early', 'math', 'science', 'learning', 'experiences', 'explore', 'interactive', 'survey', 'results']","['quantum', 'magazine', 'invite', 'reader', 'share', 'early', 'math', 'science', 'learning', 'experience', 'explore', 'interactive', 'survey', 'result']"
A Wormhole Between Physics and Education,Thomas Lin,"October 18, 2016",The theoretical particle physicist Helen Quinn has blazed a singular path from the early days of the Standard Model to the latest overhaul of science education in the United States.,theoretical particle physicist helen quinn blazed singular path early day standard model latest overhaul science education united state,the theoretical particle physicist helen quinn has blazed a singular path from the early days of the standard model to the latest overhaul of science education in the united states.,the theoretical particle physicist helen quinn has blazed a singular path from the early days of the standard model to the latest overhaul of science education in the united states,"['the', 'theoretical', 'particle', 'physicist', 'helen', 'quinn', 'has', 'blazed', 'a', 'singular', 'path', 'from', 'the', 'early', 'days', 'of', 'the', 'standard', 'model', 'to', 'the', 'latest', 'overhaul', 'of', 'science', 'education', 'in', 'the', 'united', 'states']","['theoretical', 'particle', 'physicist', 'helen', 'quinn', 'blazed', 'singular', 'path', 'early', 'days', 'standard', 'model', 'latest', 'overhaul', 'science', 'education', 'united', 'states']","['theoretical', 'particle', 'physicist', 'helen', 'quinn', 'blazed', 'singular', 'path', 'early', 'day', 'standard', 'model', 'latest', 'overhaul', 'science', 'education', 'united', 'state']"
The Art of Teaching Math and Science,Thomas Lin,"October 11, 2016",The impasse in math and science instruction runs deeper than test scores or the latest educational theory. What can we learn from the best teachers on the front lines?,impasse math science instruction run deeper test score latest educational theory learn best teacher front line,the impasse in math and science instruction runs deeper than test scores or the latest educational theory. what can we learn from the best teachers on the front lines?,the impasse in math and science instruction runs deeper than test scores or the latest educational theory what can we learn from the best teachers on the front lines,"['the', 'impasse', 'in', 'math', 'and', 'science', 'instruction', 'runs', 'deeper', 'than', 'test', 'scores', 'or', 'the', 'latest', 'educational', 'theory', 'what', 'can', 'we', 'learn', 'from', 'the', 'best', 'teachers', 'on', 'the', 'front', 'lines']","['impasse', 'math', 'science', 'instruction', 'runs', 'deeper', 'test', 'scores', 'latest', 'educational', 'theory', 'learn', 'best', 'teachers', 'front', 'lines']","['impasse', 'math', 'science', 'instruction', 'run', 'deeper', 'test', 'score', 'latest', 'educational', 'theory', 'learn', 'best', 'teacher', 'front', 'line']"
"Meet the New Math, Unlike the Old Math",Kevin Hartnett,"October 5, 2016",The latest effort to overhaul math and science education offers a fundamental rethinking of the basic structure of knowledge. But will it be given time to work?,latest effort overhaul math science education offer fundamental rethinking basic structure knowledge given time work,the latest effort to overhaul math and science education offers a fundamental rethinking of the basic structure of knowledge. but will it be given time to work?,the latest effort to overhaul math and science education offers a fundamental rethinking of the basic structure of knowledge but will it be given time to work,"['the', 'latest', 'effort', 'to', 'overhaul', 'math', 'and', 'science', 'education', 'offers', 'a', 'fundamental', 'rethinking', 'of', 'the', 'basic', 'structure', 'of', 'knowledge', 'but', 'will', 'it', 'be', 'given', 'time', 'to', 'work']","['latest', 'effort', 'overhaul', 'math', 'science', 'education', 'offers', 'fundamental', 'rethinking', 'basic', 'structure', 'knowledge', 'given', 'time', 'work']","['latest', 'effort', 'overhaul', 'math', 'science', 'education', 'offer', 'fundamental', 'rethinking', 'basic', 'structure', 'knowledge', 'given', 'time', 'work']"
Nobel Prize Awarded for Quantum Topology,Michael Moyer,"October 4, 2016",Three physicists have been awarded the Nobel Prize in Physics for rewriting our understanding of exotic quantum states on the surfaces of materials.,three physicist awarded nobel prize physic rewriting understanding exotic quantum state surface material,three physicists have been awarded the nobel prize in physics for rewriting our understanding of exotic quantum states on the surfaces of materials.,three physicists have been awarded the nobel prize in physics for rewriting our understanding of exotic quantum states on the surfaces of materials,"['three', 'physicists', 'have', 'been', 'awarded', 'the', 'nobel', 'prize', 'in', 'physics', 'for', 'rewriting', 'our', 'understanding', 'of', 'exotic', 'quantum', 'states', 'on', 'the', 'surfaces', 'of', 'materials']","['three', 'physicists', 'awarded', 'nobel', 'prize', 'physics', 'rewriting', 'understanding', 'exotic', 'quantum', 'states', 'surfaces', 'materials']","['three', 'physicist', 'awarded', 'nobel', 'prize', 'physic', 'rewriting', 'understanding', 'exotic', 'quantum', 'state', 'surface', 'material']"
Off-the-Shelf Lens Assists Dark Matter Find,Jeanette Kazmierczak,"September 28, 2016",A camera lens often used by wildlife and sports photographers has helped astronomers learn about dark matter and galaxy formation.,camera lens often used wildlife sport photographer helped astronomer learn dark matter galaxy formation,a camera lens often used by wildlife and sports photographers has helped astronomers learn about dark matter and galaxy formation.,a camera lens often used by wildlife and sports photographers has helped astronomers learn about dark matter and galaxy formation,"['a', 'camera', 'lens', 'often', 'used', 'by', 'wildlife', 'and', 'sports', 'photographers', 'has', 'helped', 'astronomers', 'learn', 'about', 'dark', 'matter', 'and', 'galaxy', 'formation']","['camera', 'lens', 'often', 'used', 'wildlife', 'sports', 'photographers', 'helped', 'astronomers', 'learn', 'dark', 'matter', 'galaxy', 'formation']","['camera', 'lens', 'often', 'used', 'wildlife', 'sport', 'photographer', 'helped', 'astronomer', 'learn', 'dark', 'matter', 'galaxy', 'formation']"
Strange Dark Galaxy Puzzles Astrophysicists,Joshua Sokol,"September 27, 2016","The surprising discovery of a massive, Milky Way–size galaxy that is made of 99.99 percent dark matter has astronomers dreaming up new ideas about how galaxies form.",surprising discovery massive milky way size galaxy made percent dark matter astronomer dreaming new idea galaxy form,"the surprising discovery of a massive, milky way–size galaxy that is made of 99.99 percent dark matter has astronomers dreaming up new ideas about how galaxies form.",the surprising discovery of a massive milky way size galaxy that is made of percent dark matter has astronomers dreaming up new ideas about how galaxies form,"['the', 'surprising', 'discovery', 'of', 'a', 'massive', 'milky', 'way', 'size', 'galaxy', 'that', 'is', 'made', 'of', 'percent', 'dark', 'matter', 'has', 'astronomers', 'dreaming', 'up', 'new', 'ideas', 'about', 'how', 'galaxies', 'form']","['surprising', 'discovery', 'massive', 'milky', 'way', 'size', 'galaxy', 'made', 'percent', 'dark', 'matter', 'astronomers', 'dreaming', 'new', 'ideas', 'galaxies', 'form']","['surprising', 'discovery', 'massive', 'milky', 'way', 'size', 'galaxy', 'made', 'percent', 'dark', 'matter', 'astronomer', 'dreaming', 'new', 'idea', 'galaxy', 'form']"
The Strange Second Life of String Theory,K.C. Cole,"September 15, 2016","String theory has so far failed to live up to its promise as a way to unite gravity and quantum mechanics. At the same time, it has blossomed into one of the most useful sets of tools in science.",string theory far failed live promise way unite gravity quantum mechanic time blossomed one useful set tool science,"string theory has so far failed to live up to its promise as a way to unite gravity and quantum mechanics. at the same time, it has blossomed into one of the most useful sets of tools in science.",string theory has so far failed to live up to its promise as a way to unite gravity and quantum mechanics at the same time it has blossomed into one of the most useful sets of tools in science,"['string', 'theory', 'has', 'so', 'far', 'failed', 'to', 'live', 'up', 'to', 'its', 'promise', 'as', 'a', 'way', 'to', 'unite', 'gravity', 'and', 'quantum', 'mechanics', 'at', 'the', 'same', 'time', 'it', 'has', 'blossomed', 'into', 'one', 'of', 'the', 'most', 'useful', 'sets', 'of', 'tools', 'in', 'science']","['string', 'theory', 'far', 'failed', 'live', 'promise', 'way', 'unite', 'gravity', 'quantum', 'mechanics', 'time', 'blossomed', 'one', 'useful', 'sets', 'tools', 'science']","['string', 'theory', 'far', 'failed', 'live', 'promise', 'way', 'unite', 'gravity', 'quantum', 'mechanic', 'time', 'blossomed', 'one', 'useful', 'set', 'tool', 'science']"
"From Gaia, a Twinkling Treasure Trove",Natalie Wolchover,"September 14, 2016",The first star map from the ESA’s Gaia space telescope is poised to revolutionize our understanding of the Milky Way galaxy.,first star map esa gaia space telescope poised revolutionize understanding milky way galaxy,the first star map from the esa’s gaia space telescope is poised to revolutionize our understanding of the milky way galaxy.,the first star map from the esa s gaia space telescope is poised to revolutionize our understanding of the milky way galaxy,"['the', 'first', 'star', 'map', 'from', 'the', 'esa', 's', 'gaia', 'space', 'telescope', 'is', 'poised', 'to', 'revolutionize', 'our', 'understanding', 'of', 'the', 'milky', 'way', 'galaxy']","['first', 'star', 'map', 'esa', 'gaia', 'space', 'telescope', 'poised', 'revolutionize', 'understanding', 'milky', 'way', 'galaxy']","['first', 'star', 'map', 'esa', 'gaia', 'space', 'telescope', 'poised', 'revolutionize', 'understanding', 'milky', 'way', 'galaxy']"
Responding Rapidly to Big Discoveries,Jeanette Kazmierczak,"September 9, 2016","How do scientists react to major breaking science news? For astrophysicists after the big gravitational waves announcement, it was meeting for two weeks in Santa Barbara, California.",scientist react major breaking science news astrophysicist big gravitational wave announcement meeting two week santa barbara california,"how do scientists react to major breaking science news? for astrophysicists after the big gravitational waves announcement, it was meeting for two weeks in santa barbara, california.",how do scientists react to major breaking science news for astrophysicists after the big gravitational waves announcement it was meeting for two weeks in santa barbara california,"['how', 'do', 'scientists', 'react', 'to', 'major', 'breaking', 'science', 'news', 'for', 'astrophysicists', 'after', 'the', 'big', 'gravitational', 'waves', 'announcement', 'it', 'was', 'meeting', 'for', 'two', 'weeks', 'in', 'santa', 'barbara', 'california']","['scientists', 'react', 'major', 'breaking', 'science', 'news', 'astrophysicists', 'big', 'gravitational', 'waves', 'announcement', 'meeting', 'two', 'weeks', 'santa', 'barbara', 'california']","['scientist', 'react', 'major', 'breaking', 'science', 'news', 'astrophysicist', 'big', 'gravitational', 'wave', 'announcement', 'meeting', 'two', 'week', 'santa', 'barbara', 'california']"
Colliding Black Holes Tell New Story of Stars,Natalie Wolchover,"September 6, 2016","Just months after their discovery, gravitational waves coming from the mergers of black holes are shaking up astrophysics.",month discovery gravitational wave coming merger black hole shaking astrophysics,"just months after their discovery, gravitational waves coming from the mergers of black holes are shaking up astrophysics.",just months after their discovery gravitational waves coming from the mergers of black holes are shaking up astrophysics,"['just', 'months', 'after', 'their', 'discovery', 'gravitational', 'waves', 'coming', 'from', 'the', 'mergers', 'of', 'black', 'holes', 'are', 'shaking', 'up', 'astrophysics']","['months', 'discovery', 'gravitational', 'waves', 'coming', 'mergers', 'black', 'holes', 'shaking', 'astrophysics']","['month', 'discovery', 'gravitational', 'wave', 'coming', 'merger', 'black', 'hole', 'shaking', 'astrophysics']"
A Seeker of Dark Matter’s Hidden Light,Joshua Sokol,"September 1, 2016",The astrophysicist Tracy Slatyer is searching for faint wisps of dark matter annihilating in the early universe — and perhaps in hiding places closer to home.,astrophysicist tracy slatyer searching faint wisp dark matter annihilating early universe perhaps hiding place closer home,the astrophysicist tracy slatyer is searching for faint wisps of dark matter annihilating in the early universe — and perhaps in hiding places closer to home.,the astrophysicist tracy slatyer is searching for faint wisps of dark matter annihilating in the early universe and perhaps in hiding places closer to home,"['the', 'astrophysicist', 'tracy', 'slatyer', 'is', 'searching', 'for', 'faint', 'wisps', 'of', 'dark', 'matter', 'annihilating', 'in', 'the', 'early', 'universe', 'and', 'perhaps', 'in', 'hiding', 'places', 'closer', 'to', 'home']","['astrophysicist', 'tracy', 'slatyer', 'searching', 'faint', 'wisps', 'dark', 'matter', 'annihilating', 'early', 'universe', 'perhaps', 'hiding', 'places', 'closer', 'home']","['astrophysicist', 'tracy', 'slatyer', 'searching', 'faint', 'wisp', 'dark', 'matter', 'annihilating', 'early', 'universe', 'perhaps', 'hiding', 'place', 'closer', 'home']"
Supersymmetry Bet Settled With Cognac,Natalie Wolchover,"August 22, 2016",The absence of supersymmetry particles at the Large Hadron Collider has settled a 16-year-old bet among physicists.,absence supersymmetry particle large hadron collider settled year old bet among physicist,the absence of supersymmetry particles at the large hadron collider has settled a 16-year-old bet among physicists.,the absence of supersymmetry particles at the large hadron collider has settled a year old bet among physicists,"['the', 'absence', 'of', 'supersymmetry', 'particles', 'at', 'the', 'large', 'hadron', 'collider', 'has', 'settled', 'a', 'year', 'old', 'bet', 'among', 'physicists']","['absence', 'supersymmetry', 'particles', 'large', 'hadron', 'collider', 'settled', 'year', 'old', 'bet', 'among', 'physicists']","['absence', 'supersymmetry', 'particle', 'large', 'hadron', 'collider', 'settled', 'year', 'old', 'bet', 'among', 'physicist']"
New Measurement Deepens Proton Puzzle,Natalie Wolchover,"August 11, 2016",A discrepancy in the measured size of the “deuteron” increases the chance that something is amiss in our understanding of atoms.,discrepancy measured size deuteron increase chance something amiss understanding atom,a discrepancy in the measured size of the “deuteron” increases the chance that something is amiss in our understanding of atoms.,a discrepancy in the measured size of the deuteron increases the chance that something is amiss in our understanding of atoms,"['a', 'discrepancy', 'in', 'the', 'measured', 'size', 'of', 'the', 'deuteron', 'increases', 'the', 'chance', 'that', 'something', 'is', 'amiss', 'in', 'our', 'understanding', 'of', 'atoms']","['discrepancy', 'measured', 'size', 'deuteron', 'increases', 'chance', 'something', 'amiss', 'understanding', 'atoms']","['discrepancy', 'measured', 'size', 'deuteron', 'increase', 'chance', 'something', 'amiss', 'understanding', 'atom']"
What No New Particles Means for Physics,Natalie Wolchover,"August 9, 2016",Physicists are confronting their “nightmare scenario.” What does the absence of new particles suggest about how nature works?,physicist confronting nightmare scenario absence new particle suggest nature work,physicists are confronting their “nightmare scenario.” what does the absence of new particles suggest about how nature works?,physicists are confronting their nightmare scenario what does the absence of new particles suggest about how nature works,"['physicists', 'are', 'confronting', 'their', 'nightmare', 'scenario', 'what', 'does', 'the', 'absence', 'of', 'new', 'particles', 'suggest', 'about', 'how', 'nature', 'works']","['physicists', 'confronting', 'nightmare', 'scenario', 'absence', 'new', 'particles', 'suggest', 'nature', 'works']","['physicist', 'confronting', 'nightmare', 'scenario', 'absence', 'new', 'particle', 'suggest', 'nature', 'work']"
Moonshine Master Toys With String Theory,Natalie Wolchover,"August 4, 2016","The physicist-mathematician Miranda Cheng is working to harness a mysterious connection between string theory, algebra and number theory.",physicist mathematician miranda cheng working harness mysterious connection string theory algebra number theory,"the physicist-mathematician miranda cheng is working to harness a mysterious connection between string theory, algebra and number theory.",the physicist mathematician miranda cheng is working to harness a mysterious connection between string theory algebra and number theory,"['the', 'physicist', 'mathematician', 'miranda', 'cheng', 'is', 'working', 'to', 'harness', 'a', 'mysterious', 'connection', 'between', 'string', 'theory', 'algebra', 'and', 'number', 'theory']","['physicist', 'mathematician', 'miranda', 'cheng', 'working', 'harness', 'mysterious', 'connection', 'string', 'theory', 'algebra', 'number', 'theory']","['physicist', 'mathematician', 'miranda', 'cheng', 'working', 'harness', 'mysterious', 'connection', 'string', 'theory', 'algebra', 'number', 'theory']"
Neutrinos Hint of Matter-Antimatter Rift,Natalie Wolchover,"July 28, 2016",A hint that neutrinos behave differently than antineutrinos suggests an answer to one the biggest questions in physics.,hint neutrino behave differently antineutrino suggests answer one biggest question physic,a hint that neutrinos behave differently than antineutrinos suggests an answer to one the biggest questions in physics.,a hint that neutrinos behave differently than antineutrinos suggests an answer to one the biggest questions in physics,"['a', 'hint', 'that', 'neutrinos', 'behave', 'differently', 'than', 'antineutrinos', 'suggests', 'an', 'answer', 'to', 'one', 'the', 'biggest', 'questions', 'in', 'physics']","['hint', 'neutrinos', 'behave', 'differently', 'antineutrinos', 'suggests', 'answer', 'one', 'biggest', 'questions', 'physics']","['hint', 'neutrino', 'behave', 'differently', 'antineutrino', 'suggests', 'answer', 'one', 'biggest', 'question', 'physic']"
Mining Black Hole Collisions for New Physics,Joshua Sokol,"July 21, 2016",The physicist Asimina Arvanitaki is thinking up ways to search gravitational wave data for evidence of dark matter particles orbiting black holes.,physicist asimina arvanitaki thinking way search gravitational wave data evidence dark matter particle orbiting black hole,the physicist asimina arvanitaki is thinking up ways to search gravitational wave data for evidence of dark matter particles orbiting black holes.,the physicist asimina arvanitaki is thinking up ways to search gravitational wave data for evidence of dark matter particles orbiting black holes,"['the', 'physicist', 'asimina', 'arvanitaki', 'is', 'thinking', 'up', 'ways', 'to', 'search', 'gravitational', 'wave', 'data', 'for', 'evidence', 'of', 'dark', 'matter', 'particles', 'orbiting', 'black', 'holes']","['physicist', 'asimina', 'arvanitaki', 'thinking', 'ways', 'search', 'gravitational', 'wave', 'data', 'evidence', 'dark', 'matter', 'particles', 'orbiting', 'black', 'holes']","['physicist', 'asimina', 'arvanitaki', 'thinking', 'way', 'search', 'gravitational', 'wave', 'data', 'evidence', 'dark', 'matter', 'particle', 'orbiting', 'black', 'hole']"
A Debate Over the Physics of Time,Dan Falk,"July 19, 2016","According to our best theories of physics, the universe is a fixed block where time only appears to pass.",according best theory physic universe fixed block time appears pas,"according to our best theories of physics, the universe is a fixed block where time only appears to pass.",according to our best theories of physics the universe is a fixed block where time only appears to pass,"['according', 'to', 'our', 'best', 'theories', 'of', 'physics', 'the', 'universe', 'is', 'a', 'fixed', 'block', 'where', 'time', 'only', 'appears', 'to', 'pass']","['according', 'best', 'theories', 'physics', 'universe', 'fixed', 'block', 'time', 'appears', 'pass']","['according', 'best', 'theory', 'physic', 'universe', 'fixed', 'block', 'time', 'appears', 'pas']"
A Bird’s-Eye View of Nature’s Hidden Order,Natalie Wolchover,"July 12, 2016","Scientists are exploring a mysterious pattern, found in birds’ eyes, boxes of marbles and other surprising places, that is neither regular nor random.",scientist exploring mysterious pattern found bird eye box marble surprising place neither regular nor random,"scientists are exploring a mysterious pattern, found in birds’ eyes, boxes of marbles and other surprising places, that is neither regular nor random.",scientists are exploring a mysterious pattern found in birds eyes boxes of marbles and other surprising places that is neither regular nor random,"['scientists', 'are', 'exploring', 'a', 'mysterious', 'pattern', 'found', 'in', 'birds', 'eyes', 'boxes', 'of', 'marbles', 'and', 'other', 'surprising', 'places', 'that', 'is', 'neither', 'regular', 'nor', 'random']","['scientists', 'exploring', 'mysterious', 'pattern', 'found', 'birds', 'eyes', 'boxes', 'marbles', 'surprising', 'places', 'neither', 'regular', 'nor', 'random']","['scientist', 'exploring', 'mysterious', 'pattern', 'found', 'bird', 'eye', 'box', 'marble', 'surprising', 'place', 'neither', 'regular', 'nor', 'random']"
A Quasicrystal’s Shocking Origin,Natalie Wolchover,"July 8, 2016","By blasting a stack of minerals with a four-meter-long gun, scientists have found a new clue about the backstory of a very strange rock.",blasting stack mineral four meter long gun scientist found new clue backstory strange rock,"by blasting a stack of minerals with a four-meter-long gun, scientists have found a new clue about the backstory of a very strange rock.",by blasting a stack of minerals with a four meter long gun scientists have found a new clue about the backstory of a very strange rock,"['by', 'blasting', 'a', 'stack', 'of', 'minerals', 'with', 'a', 'four', 'meter', 'long', 'gun', 'scientists', 'have', 'found', 'a', 'new', 'clue', 'about', 'the', 'backstory', 'of', 'a', 'very', 'strange', 'rock']","['blasting', 'stack', 'minerals', 'four', 'meter', 'long', 'gun', 'scientists', 'found', 'new', 'clue', 'backstory', 'strange', 'rock']","['blasting', 'stack', 'mineral', 'four', 'meter', 'long', 'gun', 'scientist', 'found', 'new', 'clue', 'backstory', 'strange', 'rock']"
How Feynman Diagrams Almost Saved Space,Frank Wilczek,"July 5, 2016",Richard Feynman's famous diagrams weren’t just a way to do calculations. They represented a deep shift in thinking about how the universe is put together.,richard feynman famous diagram way calculation represented deep shift thinking universe put together,richard feynman's famous diagrams weren’t just a way to do calculations. they represented a deep shift in thinking about how the universe is put together.,richard feynman s famous diagrams weren t just a way to do calculations they represented a deep shift in thinking about how the universe is put together,"['richard', 'feynman', 's', 'famous', 'diagrams', 'weren', 't', 'just', 'a', 'way', 'to', 'do', 'calculations', 'they', 'represented', 'a', 'deep', 'shift', 'in', 'thinking', 'about', 'how', 'the', 'universe', 'is', 'put', 'together']","['richard', 'feynman', 'famous', 'diagrams', 'way', 'calculations', 'represented', 'deep', 'shift', 'thinking', 'universe', 'put', 'together']","['richard', 'feynman', 'famous', 'diagram', 'way', 'calculation', 'represented', 'deep', 'shift', 'thinking', 'universe', 'put', 'together']"
Rumors Cast Doubt on Diphoton Bump,Natalie Wolchover,"June 24, 2016",Rampant rumors and a new analysis undercut hopes of a major discovery at the Large Hadron Collider.,rampant rumor new analysis undercut hope major discovery large hadron collider,rampant rumors and a new analysis undercut hopes of a major discovery at the large hadron collider.,rampant rumors and a new analysis undercut hopes of a major discovery at the large hadron collider,"['rampant', 'rumors', 'and', 'a', 'new', 'analysis', 'undercut', 'hopes', 'of', 'a', 'major', 'discovery', 'at', 'the', 'large', 'hadron', 'collider']","['rampant', 'rumors', 'new', 'analysis', 'undercut', 'hopes', 'major', 'discovery', 'large', 'hadron', 'collider']","['rampant', 'rumor', 'new', 'analysis', 'undercut', 'hope', 'major', 'discovery', 'large', 'hadron', 'collider']"
The Universe Is Not a Snowflake,Natalie Wolchover,"June 22, 2016","Nature’s laws are beautiful because they strike a compromise between boring symmetry and confusing asymmetry, physicists say.",nature law beautiful strike compromise boring symmetry confusing asymmetry physicist say,"nature’s laws are beautiful because they strike a compromise between boring symmetry and confusing asymmetry, physicists say.",nature s laws are beautiful because they strike a compromise between boring symmetry and confusing asymmetry physicists say,"['nature', 's', 'laws', 'are', 'beautiful', 'because', 'they', 'strike', 'a', 'compromise', 'between', 'boring', 'symmetry', 'and', 'confusing', 'asymmetry', 'physicists', 'say']","['nature', 'laws', 'beautiful', 'strike', 'compromise', 'boring', 'symmetry', 'confusing', 'asymmetry', 'physicists', 'say']","['nature', 'law', 'beautiful', 'strike', 'compromise', 'boring', 'symmetry', 'confusing', 'asymmetry', 'physicist', 'say']"
LIGO Reports Second Black-Hole Merger,Natalie Wolchover,"June 15, 2016",The spokesperson for the Laser Interferometer Gravitational-Wave Observatory called it “a promising start to mapping the populations of black holes in our universe.”,spokesperson laser interferometer gravitational wave observatory called promising start mapping population black hole universe,the spokesperson for the laser interferometer gravitational-wave observatory called it “a promising start to mapping the populations of black holes in our universe.”,the spokesperson for the laser interferometer gravitational wave observatory called it a promising start to mapping the populations of black holes in our universe,"['the', 'spokesperson', 'for', 'the', 'laser', 'interferometer', 'gravitational', 'wave', 'observatory', 'called', 'it', 'a', 'promising', 'start', 'to', 'mapping', 'the', 'populations', 'of', 'black', 'holes', 'in', 'our', 'universe']","['spokesperson', 'laser', 'interferometer', 'gravitational', 'wave', 'observatory', 'called', 'promising', 'start', 'mapping', 'populations', 'black', 'holes', 'universe']","['spokesperson', 'laser', 'interferometer', 'gravitational', 'wave', 'observatory', 'called', 'promising', 'start', 'mapping', 'population', 'black', 'hole', 'universe']"
A Glimpse Through a Cosmic Keyhole,Natalie Wolchover,"June 14, 2016",What could cause galaxies millions of light years apart to all spew material in the same direction?,could cause galaxy million light year apart spew material direction,what could cause galaxies millions of light years apart to all spew material in the same direction?,what could cause galaxies millions of light years apart to all spew material in the same direction,"['what', 'could', 'cause', 'galaxies', 'millions', 'of', 'light', 'years', 'apart', 'to', 'all', 'spew', 'material', 'in', 'the', 'same', 'direction']","['could', 'cause', 'galaxies', 'millions', 'light', 'years', 'apart', 'spew', 'material', 'direction']","['could', 'cause', 'galaxy', 'million', 'light', 'year', 'apart', 'spew', 'material', 'direction']"
Have Physicists Discovered a New Boson?,Jeanette Kazmierczak,"June 14, 2016",A group of little-known Hungarian physicists claim to have found a new fundamental particle. Now other researchers are raising questions about the team’s past work.,group little known hungarian physicist claim found new fundamental particle researcher raising question team past work,a group of little-known hungarian physicists claim to have found a new fundamental particle. now other researchers are raising questions about the team’s past work.,a group of little known hungarian physicists claim to have found a new fundamental particle now other researchers are raising questions about the team s past work,"['a', 'group', 'of', 'little', 'known', 'hungarian', 'physicists', 'claim', 'to', 'have', 'found', 'a', 'new', 'fundamental', 'particle', 'now', 'other', 'researchers', 'are', 'raising', 'questions', 'about', 'the', 'team', 's', 'past', 'work']","['group', 'little', 'known', 'hungarian', 'physicists', 'claim', 'found', 'new', 'fundamental', 'particle', 'researchers', 'raising', 'questions', 'team', 'past', 'work']","['group', 'little', 'known', 'hungarian', 'physicist', 'claim', 'found', 'new', 'fundamental', 'particle', 'researcher', 'raising', 'question', 'team', 'past', 'work']"
An Explorer of Quantum Borderlands,Maggie McKee,"June 9, 2016",Suchitra Sebastian’s searches for quantum anomalies have led to the potential discovery of a new building block of matter.,suchitra sebastian search quantum anomaly led potential discovery new building block matter,suchitra sebastian’s searches for quantum anomalies have led to the potential discovery of a new building block of matter.,suchitra sebastian s searches for quantum anomalies have led to the potential discovery of a new building block of matter,"['suchitra', 'sebastian', 's', 'searches', 'for', 'quantum', 'anomalies', 'have', 'led', 'to', 'the', 'potential', 'discovery', 'of', 'a', 'new', 'building', 'block', 'of', 'matter']","['suchitra', 'sebastian', 'searches', 'quantum', 'anomalies', 'led', 'potential', 'discovery', 'new', 'building', 'block', 'matter']","['suchitra', 'sebastian', 'search', 'quantum', 'anomaly', 'led', 'potential', 'discovery', 'new', 'building', 'block', 'matter']"
Evidence of a ‘Fifth Force’ Faces Scrutiny,Natalie Wolchover,"June 7, 2016","A lab in Hungary has reported an anomaly that could lead to a physics revolution. But even as excitement builds, closer scrutiny has unearthed a troubling backstory.",lab hungary reported anomaly could lead physic revolution even excitement build closer scrutiny unearthed troubling backstory,"a lab in hungary has reported an anomaly that could lead to a physics revolution. but even as excitement builds, closer scrutiny has unearthed a troubling backstory.",a lab in hungary has reported an anomaly that could lead to a physics revolution but even as excitement builds closer scrutiny has unearthed a troubling backstory,"['a', 'lab', 'in', 'hungary', 'has', 'reported', 'an', 'anomaly', 'that', 'could', 'lead', 'to', 'a', 'physics', 'revolution', 'but', 'even', 'as', 'excitement', 'builds', 'closer', 'scrutiny', 'has', 'unearthed', 'a', 'troubling', 'backstory']","['lab', 'hungary', 'reported', 'anomaly', 'could', 'lead', 'physics', 'revolution', 'even', 'excitement', 'builds', 'closer', 'scrutiny', 'unearthed', 'troubling', 'backstory']","['lab', 'hungary', 'reported', 'anomaly', 'could', 'lead', 'physic', 'revolution', 'even', 'excitement', 'build', 'closer', 'scrutiny', 'unearthed', 'troubling', 'backstory']"
New Support for Alternative Quantum View,Dan Falk,"May 16, 2016","An experiment claims to have invalidated a decades-old criticism against pilot-wave theory, an alternative formulation of quantum mechanics that eliminates the most baffling features of the subatomic universe.",experiment claim invalidated decade old criticism pilot wave theory alternative formulation quantum mechanic eliminates baffling feature subatomic universe,"an experiment claims to have invalidated a decades-old criticism against pilot-wave theory, an alternative formulation of quantum mechanics that eliminates the most baffling features of the subatomic universe.",an experiment claims to have invalidated a decades old criticism against pilot wave theory an alternative formulation of quantum mechanics that eliminates the most baffling features of the subatomic universe,"['an', 'experiment', 'claims', 'to', 'have', 'invalidated', 'a', 'decades', 'old', 'criticism', 'against', 'pilot', 'wave', 'theory', 'an', 'alternative', 'formulation', 'of', 'quantum', 'mechanics', 'that', 'eliminates', 'the', 'most', 'baffling', 'features', 'of', 'the', 'subatomic', 'universe']","['experiment', 'claims', 'invalidated', 'decades', 'old', 'criticism', 'pilot', 'wave', 'theory', 'alternative', 'formulation', 'quantum', 'mechanics', 'eliminates', 'baffling', 'features', 'subatomic', 'universe']","['experiment', 'claim', 'invalidated', 'decade', 'old', 'criticism', 'pilot', 'wave', 'theory', 'alternative', 'formulation', 'quantum', 'mechanic', 'eliminates', 'baffling', 'feature', 'subatomic', 'universe']"
Janna Levin’s Theory of Doing Everything,Natalie Wolchover,"May 5, 2016","The astrophysicist, conceptual writer and host of standing-room-only scientific soirees at a repurposed factory in Brooklyn sees science as a powerful force in culture.",astrophysicist conceptual writer host standing room scientific soiree repurposed factory brooklyn see science powerful force culture,"the astrophysicist, conceptual writer and host of standing-room-only scientific soirees at a repurposed factory in brooklyn sees science as a powerful force in culture.",the astrophysicist conceptual writer and host of standing room only scientific soirees at a repurposed factory in brooklyn sees science as a powerful force in culture,"['the', 'astrophysicist', 'conceptual', 'writer', 'and', 'host', 'of', 'standing', 'room', 'only', 'scientific', 'soirees', 'at', 'a', 'repurposed', 'factory', 'in', 'brooklyn', 'sees', 'science', 'as', 'a', 'powerful', 'force', 'in', 'culture']","['astrophysicist', 'conceptual', 'writer', 'host', 'standing', 'room', 'scientific', 'soirees', 'repurposed', 'factory', 'brooklyn', 'sees', 'science', 'powerful', 'force', 'culture']","['astrophysicist', 'conceptual', 'writer', 'host', 'standing', 'room', 'scientific', 'soiree', 'repurposed', 'factory', 'brooklyn', 'see', 'science', 'powerful', 'force', 'culture']"
Tiny Tests Seek the Universe’s Big Mysteries,Joshua Sokol,"May 3, 2016","The search for exotic new physical phenomena is being led by huge experiments like the Large Hadron Collider. But at the other end of the spectrum lie tabletop experiments — small-scale probes of hidden dimensions, dark matter and dark energy.",search exotic new physical phenomenon led huge experiment like large hadron collider end spectrum lie tabletop experiment small scale probe hidden dimension dark matter dark energy,"the search for exotic new physical phenomena is being led by huge experiments like the large hadron collider. but at the other end of the spectrum lie tabletop experiments — small-scale probes of hidden dimensions, dark matter and dark energy.",the search for exotic new physical phenomena is being led by huge experiments like the large hadron collider but at the other end of the spectrum lie tabletop experiments small scale probes of hidden dimensions dark matter and dark energy,"['the', 'search', 'for', 'exotic', 'new', 'physical', 'phenomena', 'is', 'being', 'led', 'by', 'huge', 'experiments', 'like', 'the', 'large', 'hadron', 'collider', 'but', 'at', 'the', 'other', 'end', 'of', 'the', 'spectrum', 'lie', 'tabletop', 'experiments', 'small', 'scale', 'probes', 'of', 'hidden', 'dimensions', 'dark', 'matter', 'and', 'dark', 'energy']","['search', 'exotic', 'new', 'physical', 'phenomena', 'led', 'huge', 'experiments', 'like', 'large', 'hadron', 'collider', 'end', 'spectrum', 'lie', 'tabletop', 'experiments', 'small', 'scale', 'probes', 'hidden', 'dimensions', 'dark', 'matter', 'dark', 'energy']","['search', 'exotic', 'new', 'physical', 'phenomenon', 'led', 'huge', 'experiment', 'like', 'large', 'hadron', 'collider', 'end', 'spectrum', 'lie', 'tabletop', 'experiment', 'small', 'scale', 'probe', 'hidden', 'dimension', 'dark', 'matter', 'dark', 'energy']"
Entanglement Made Simple,Frank Wilczek,"April 28, 2016",How quantum entanglement connects with the “many worlds” of quantum theory.,quantum entanglement connects many world quantum theory,how quantum entanglement connects with the “many worlds” of quantum theory.,how quantum entanglement connects with the many worlds of quantum theory,"['how', 'quantum', 'entanglement', 'connects', 'with', 'the', 'many', 'worlds', 'of', 'quantum', 'theory']","['quantum', 'entanglement', 'connects', 'many', 'worlds', 'quantum', 'theory']","['quantum', 'entanglement', 'connects', 'many', 'world', 'quantum', 'theory']"
Physicists Hunt for the Big Bang’s Triangles,Natalie Wolchover,"April 19, 2016",The story of the universe’s birth — and evidence for string theory — could be found in triangles and myriad other shapes in the sky.,story universe birth evidence string theory could found triangle myriad shape sky,the story of the universe’s birth — and evidence for string theory — could be found in triangles and myriad other shapes in the sky.,the story of the universe s birth and evidence for string theory could be found in triangles and myriad other shapes in the sky,"['the', 'story', 'of', 'the', 'universe', 's', 'birth', 'and', 'evidence', 'for', 'string', 'theory', 'could', 'be', 'found', 'in', 'triangles', 'and', 'myriad', 'other', 'shapes', 'in', 'the', 'sky']","['story', 'universe', 'birth', 'evidence', 'string', 'theory', 'could', 'found', 'triangles', 'myriad', 'shapes', 'sky']","['story', 'universe', 'birth', 'evidence', 'string', 'theory', 'could', 'found', 'triangle', 'myriad', 'shape', 'sky']"
Debate Intensifies Over Dark Disk Theory,Natalie Wolchover,"April 12, 2016","In the new, free-for-all era of dark matter research, the controversial idea that dark matter is concentrated in thin disks is being rescued from scientific oblivion.",new free era dark matter research controversial idea dark matter concentrated thin disk rescued scientific oblivion,"in the new, free-for-all era of dark matter research, the controversial idea that dark matter is concentrated in thin disks is being rescued from scientific oblivion.",in the new free for all era of dark matter research the controversial idea that dark matter is concentrated in thin disks is being rescued from scientific oblivion,"['in', 'the', 'new', 'free', 'for', 'all', 'era', 'of', 'dark', 'matter', 'research', 'the', 'controversial', 'idea', 'that', 'dark', 'matter', 'is', 'concentrated', 'in', 'thin', 'disks', 'is', 'being', 'rescued', 'from', 'scientific', 'oblivion']","['new', 'free', 'era', 'dark', 'matter', 'research', 'controversial', 'idea', 'dark', 'matter', 'concentrated', 'thin', 'disks', 'rescued', 'scientific', 'oblivion']","['new', 'free', 'era', 'dark', 'matter', 'research', 'controversial', 'idea', 'dark', 'matter', 'concentrated', 'thin', 'disk', 'rescued', 'scientific', 'oblivion']"
"After Black Holes Collide, a Puzzling Flash",Kevin Hartnett,"March 2, 2016","A satellite spotted a burst of light just as gravitational waves rolled in from the collision of two black holes. Was the flash a cosmic coincidence, or do astrophysicists need to rethink what black holes can do?",satellite spotted burst light gravitational wave rolled collision two black hole flash cosmic coincidence astrophysicist need rethink black hole,"a satellite spotted a burst of light just as gravitational waves rolled in from the collision of two black holes. was the flash a cosmic coincidence, or do astrophysicists need to rethink what black holes can do?",a satellite spotted a burst of light just as gravitational waves rolled in from the collision of two black holes was the flash a cosmic coincidence or do astrophysicists need to rethink what black holes can do,"['a', 'satellite', 'spotted', 'a', 'burst', 'of', 'light', 'just', 'as', 'gravitational', 'waves', 'rolled', 'in', 'from', 'the', 'collision', 'of', 'two', 'black', 'holes', 'was', 'the', 'flash', 'a', 'cosmic', 'coincidence', 'or', 'do', 'astrophysicists', 'need', 'to', 'rethink', 'what', 'black', 'holes', 'can', 'do']","['satellite', 'spotted', 'burst', 'light', 'gravitational', 'waves', 'rolled', 'collision', 'two', 'black', 'holes', 'flash', 'cosmic', 'coincidence', 'astrophysicists', 'need', 'rethink', 'black', 'holes']","['satellite', 'spotted', 'burst', 'light', 'gravitational', 'wave', 'rolled', 'collision', 'two', 'black', 'hole', 'flash', 'cosmic', 'coincidence', 'astrophysicist', 'need', 'rethink', 'black', 'hole']"
The Quantum Secret to Superconductivity,Natalie Wolchover,"February 22, 2016","In a virtuoso experiment, physicists have revealed details of a “quantum critical point” that underlies high-temperature superconductivity.",virtuoso experiment physicist revealed detail quantum critical point underlies high temperature superconductivity,"in a virtuoso experiment, physicists have revealed details of a “quantum critical point” that underlies high-temperature superconductivity.",in a virtuoso experiment physicists have revealed details of a quantum critical point that underlies high temperature superconductivity,"['in', 'a', 'virtuoso', 'experiment', 'physicists', 'have', 'revealed', 'details', 'of', 'a', 'quantum', 'critical', 'point', 'that', 'underlies', 'high', 'temperature', 'superconductivity']","['virtuoso', 'experiment', 'physicists', 'revealed', 'details', 'quantum', 'critical', 'point', 'underlies', 'high', 'temperature', 'superconductivity']","['virtuoso', 'experiment', 'physicist', 'revealed', 'detail', 'quantum', 'critical', 'point', 'underlies', 'high', 'temperature', 'superconductivity']"
From Einstein’s Theory to Gravity’s Chirp,Natalie Wolchover,"February 18, 2016","The path from a revolutionary set of equations to the detection of gravitational waves was strewn with obstacles and controversy, explains the physicist Daniel Kennefick — and the struggle continues.",path revolutionary set equation detection gravitational wave strewn obstacle controversy explains physicist daniel kennefick struggle continues,"the path from a revolutionary set of equations to the detection of gravitational waves was strewn with obstacles and controversy, explains the physicist daniel kennefick — and the struggle continues.",the path from a revolutionary set of equations to the detection of gravitational waves was strewn with obstacles and controversy explains the physicist daniel kennefick and the struggle continues,"['the', 'path', 'from', 'a', 'revolutionary', 'set', 'of', 'equations', 'to', 'the', 'detection', 'of', 'gravitational', 'waves', 'was', 'strewn', 'with', 'obstacles', 'and', 'controversy', 'explains', 'the', 'physicist', 'daniel', 'kennefick', 'and', 'the', 'struggle', 'continues']","['path', 'revolutionary', 'set', 'equations', 'detection', 'gravitational', 'waves', 'strewn', 'obstacles', 'controversy', 'explains', 'physicist', 'daniel', 'kennefick', 'struggle', 'continues']","['path', 'revolutionary', 'set', 'equation', 'detection', 'gravitational', 'wave', 'strewn', 'obstacle', 'controversy', 'explains', 'physicist', 'daniel', 'kennefick', 'struggle', 'continues']"
Gravitational Waves Discovered at Long Last,Natalie Wolchover,"February 11, 2016","Ripples in space-time have been detected a century after Einstein predicted them, launching a new era in astronomy.",ripple space time detected century einstein predicted launching new era astronomy,"ripples in space-time have been detected a century after einstein predicted them, launching a new era in astronomy.",ripples in space time have been detected a century after einstein predicted them launching a new era in astronomy,"['ripples', 'in', 'space', 'time', 'have', 'been', 'detected', 'a', 'century', 'after', 'einstein', 'predicted', 'them', 'launching', 'a', 'new', 'era', 'in', 'astronomy']","['ripples', 'space', 'time', 'detected', 'century', 'einstein', 'predicted', 'launching', 'new', 'era', 'astronomy']","['ripple', 'space', 'time', 'detected', 'century', 'einstein', 'predicted', 'launching', 'new', 'era', 'astronomy']"
Scientists Debate Signatures of Alien Life,Natalie Wolchover,"February 2, 2016","Searching for signs of life on faraway planets, astrobiologists must decide which telltale biosignature gases to target.",searching sign life faraway planet astrobiologists must decide telltale biosignature gas target,"searching for signs of life on faraway planets, astrobiologists must decide which telltale biosignature gases to target.",searching for signs of life on faraway planets astrobiologists must decide which telltale biosignature gases to target,"['searching', 'for', 'signs', 'of', 'life', 'on', 'faraway', 'planets', 'astrobiologists', 'must', 'decide', 'which', 'telltale', 'biosignature', 'gases', 'to', 'target']","['searching', 'signs', 'life', 'faraway', 'planets', 'astrobiologists', 'must', 'decide', 'telltale', 'biosignature', 'gases', 'target']","['searching', 'sign', 'life', 'faraway', 'planet', 'astrobiologists', 'must', 'decide', 'telltale', 'biosignature', 'gas', 'target']"
Taming Superconductors With String Theory,Kevin Hartnett,"January 21, 2016",The physicist Subir Sachdev borrows tools from string theory to understand the puzzling behavior of high-temperature superconductors.,physicist subir sachdev borrows tool string theory understand puzzling behavior high temperature superconductors,the physicist subir sachdev borrows tools from string theory to understand the puzzling behavior of high-temperature superconductors.,the physicist subir sachdev borrows tools from string theory to understand the puzzling behavior of high temperature superconductors,"['the', 'physicist', 'subir', 'sachdev', 'borrows', 'tools', 'from', 'string', 'theory', 'to', 'understand', 'the', 'puzzling', 'behavior', 'of', 'high', 'temperature', 'superconductors']","['physicist', 'subir', 'sachdev', 'borrows', 'tools', 'string', 'theory', 'understand', 'puzzling', 'behavior', 'high', 'temperature', 'superconductors']","['physicist', 'subir', 'sachdev', 'borrows', 'tool', 'string', 'theory', 'understand', 'puzzling', 'behavior', 'high', 'temperature', 'superconductors']"
Quantum Weirdness Now a Matter of Time,George Musser,"January 19, 2016","Bizarre quantum bonds connect distinct moments in time, suggesting that quantum links — not space-time — constitute the fundamental structure of the universe.",bizarre quantum bond connect distinct moment time suggesting quantum link not space time constitute fundamental structure universe,"bizarre quantum bonds connect distinct moments in time, suggesting that quantum links — not space-time — constitute the fundamental structure of the universe.",bizarre quantum bonds connect distinct moments in time suggesting that quantum links not space time constitute the fundamental structure of the universe,"['bizarre', 'quantum', 'bonds', 'connect', 'distinct', 'moments', 'in', 'time', 'suggesting', 'that', 'quantum', 'links', 'not', 'space', 'time', 'constitute', 'the', 'fundamental', 'structure', 'of', 'the', 'universe']","['bizarre', 'quantum', 'bonds', 'connect', 'distinct', 'moments', 'time', 'suggesting', 'quantum', 'links', 'not', 'space', 'time', 'constitute', 'fundamental', 'structure', 'universe']","['bizarre', 'quantum', 'bond', 'connect', 'distinct', 'moment', 'time', 'suggesting', 'quantum', 'link', 'not', 'space', 'time', 'constitute', 'fundamental', 'structure', 'universe']"
String Theory Meets Loop Quantum Gravity,Sabine Hossenfelder,"January 12, 2016","Two leading candidates for a “theory of everything,” long thought to be incompatible, may be two sides of the same coin.",two leading candidate theory everything long thought incompatible may two side coin,"two leading candidates for a “theory of everything,” long thought to be incompatible, may be two sides of the same coin.",two leading candidates for a theory of everything long thought to be incompatible may be two sides of the same coin,"['two', 'leading', 'candidates', 'for', 'a', 'theory', 'of', 'everything', 'long', 'thought', 'to', 'be', 'incompatible', 'may', 'be', 'two', 'sides', 'of', 'the', 'same', 'coin']","['two', 'leading', 'candidates', 'theory', 'everything', 'long', 'thought', 'incompatible', 'may', 'two', 'sides', 'coin']","['two', 'leading', 'candidate', 'theory', 'everything', 'long', 'thought', 'incompatible', 'may', 'two', 'side', 'coin']"
Time’s (Almost) Reversible Arrow,Frank Wilczek,"January 7, 2016",The irreversibility of time may be a clue as to what makes up the universe’s dark matter.,irreversibility time may clue make universe dark matter,the irreversibility of time may be a clue as to what makes up the universe’s dark matter.,the irreversibility of time may be a clue as to what makes up the universe s dark matter,"['the', 'irreversibility', 'of', 'time', 'may', 'be', 'a', 'clue', 'as', 'to', 'what', 'makes', 'up', 'the', 'universe', 's', 'dark', 'matter']","['irreversibility', 'time', 'may', 'clue', 'makes', 'universe', 'dark', 'matter']","['irreversibility', 'time', 'may', 'clue', 'make', 'universe', 'dark', 'matter']"
A Fight for the Soul of Science,Natalie Wolchover,"December 16, 2015","If a theory can’t be tested, is it still science?",theory tested still science,"if a theory can’t be tested, is it still science?",if a theory can t be tested is it still science,"['if', 'a', 'theory', 'can', 't', 'be', 'tested', 'is', 'it', 'still', 'science']","['theory', 'tested', 'still', 'science']","['theory', 'tested', 'still', 'science']"
Nature’s Critical Warning System,Natalie Wolchover,"November 18, 2015","Scientists are homing in on a warning signal that arises in complex systems like ecological food webs, the brain and the Earth’s climate. Could it help prevent future catastrophes?",scientist homing warning signal arises complex system like ecological food web brain earth climate could help prevent future catastrophe,"scientists are homing in on a warning signal that arises in complex systems like ecological food webs, the brain and the earth’s climate. could it help prevent future catastrophes?",scientists are homing in on a warning signal that arises in complex systems like ecological food webs the brain and the earth s climate could it help prevent future catastrophes,"['scientists', 'are', 'homing', 'in', 'on', 'a', 'warning', 'signal', 'that', 'arises', 'in', 'complex', 'systems', 'like', 'ecological', 'food', 'webs', 'the', 'brain', 'and', 'the', 'earth', 's', 'climate', 'could', 'it', 'help', 'prevent', 'future', 'catastrophes']","['scientists', 'homing', 'warning', 'signal', 'arises', 'complex', 'systems', 'like', 'ecological', 'food', 'webs', 'brain', 'earth', 'climate', 'could', 'help', 'prevent', 'future', 'catastrophes']","['scientist', 'homing', 'warning', 'signal', 'arises', 'complex', 'system', 'like', 'ecological', 'food', 'web', 'brain', 'earth', 'climate', 'could', 'help', 'prevent', 'future', 'catastrophe']"
Searching the Sky for the Wobbles of Gravity,Liz Kruesi,"October 22, 2015",The physicist Gabriela González is on the cusp of finding the first direct evidence of gravitational waves — soundlike wobbles in space-time produced by black holes and their kin.,physicist gabriela gonz lez cusp finding first direct evidence gravitational wave soundlike wobble space time produced black hole kin,the physicist gabriela gonzález is on the cusp of finding the first direct evidence of gravitational waves — soundlike wobbles in space-time produced by black holes and their kin.,the physicist gabriela gonz lez is on the cusp of finding the first direct evidence of gravitational waves soundlike wobbles in space time produced by black holes and their kin,"['the', 'physicist', 'gabriela', 'gonz', 'lez', 'is', 'on', 'the', 'cusp', 'of', 'finding', 'the', 'first', 'direct', 'evidence', 'of', 'gravitational', 'waves', 'soundlike', 'wobbles', 'in', 'space', 'time', 'produced', 'by', 'black', 'holes', 'and', 'their', 'kin']","['physicist', 'gabriela', 'gonz', 'lez', 'cusp', 'finding', 'first', 'direct', 'evidence', 'gravitational', 'waves', 'soundlike', 'wobbles', 'space', 'time', 'produced', 'black', 'holes', 'kin']","['physicist', 'gabriela', 'gonz', 'lez', 'cusp', 'finding', 'first', 'direct', 'evidence', 'gravitational', 'wave', 'soundlike', 'wobble', 'space', 'time', 'produced', 'black', 'hole', 'kin']"
Visions of Future Physics,Natalie Wolchover,"September 22, 2015","Nima Arkani-Hamed is championing a campaign to build the world’s largest particle collider, even as he pursues a new vision of the laws of nature.",nima arkani hamed championing campaign build world largest particle collider even pursues new vision law nature,"nima arkani-hamed is championing a campaign to build the world’s largest particle collider, even as he pursues a new vision of the laws of nature.",nima arkani hamed is championing a campaign to build the world s largest particle collider even as he pursues a new vision of the laws of nature,"['nima', 'arkani', 'hamed', 'is', 'championing', 'a', 'campaign', 'to', 'build', 'the', 'world', 's', 'largest', 'particle', 'collider', 'even', 'as', 'he', 'pursues', 'a', 'new', 'vision', 'of', 'the', 'laws', 'of', 'nature']","['nima', 'arkani', 'hamed', 'championing', 'campaign', 'build', 'world', 'largest', 'particle', 'collider', 'even', 'pursues', 'new', 'vision', 'laws', 'nature']","['nima', 'arkani', 'hamed', 'championing', 'campaign', 'build', 'world', 'largest', 'particle', 'collider', 'even', 'pursues', 'new', 'vision', 'law', 'nature']"
Einstein’s Parable of Quantum Insanity,Frank Wilczek,"September 10, 2015","Einstein refused to believe in the inherent unpredictability of the world. Is the subatomic world insane, or just subtle?",einstein refused believe inherent unpredictability world subatomic world insane subtle,"einstein refused to believe in the inherent unpredictability of the world. is the subatomic world insane, or just subtle?",einstein refused to believe in the inherent unpredictability of the world is the subatomic world insane or just subtle,"['einstein', 'refused', 'to', 'believe', 'in', 'the', 'inherent', 'unpredictability', 'of', 'the', 'world', 'is', 'the', 'subatomic', 'world', 'insane', 'or', 'just', 'subtle']","['einstein', 'refused', 'believe', 'inherent', 'unpredictability', 'world', 'subatomic', 'world', 'insane', 'subtle']","['einstein', 'refused', 'believe', 'inherent', 'unpredictability', 'world', 'subatomic', 'world', 'insane', 'subtle']"
A Tricky Path to Quantum-Safe Encryption,Natalie Wolchover,"September 8, 2015","In the drive to safeguard data from future quantum computers, cryptographers have stumbled upon a thin red line between security and efficiency.",drive safeguard data future quantum computer cryptographer stumbled upon thin red line security efficiency,"in the drive to safeguard data from future quantum computers, cryptographers have stumbled upon a thin red line between security and efficiency.",in the drive to safeguard data from future quantum computers cryptographers have stumbled upon a thin red line between security and efficiency,"['in', 'the', 'drive', 'to', 'safeguard', 'data', 'from', 'future', 'quantum', 'computers', 'cryptographers', 'have', 'stumbled', 'upon', 'a', 'thin', 'red', 'line', 'between', 'security', 'and', 'efficiency']","['drive', 'safeguard', 'data', 'future', 'quantum', 'computers', 'cryptographers', 'stumbled', 'upon', 'thin', 'red', 'line', 'security', 'efficiency']","['drive', 'safeguard', 'data', 'future', 'quantum', 'computer', 'cryptographer', 'stumbled', 'upon', 'thin', 'red', 'line', 'security', 'efficiency']"
The Case for Complex Dark Matter,Liz Kruesi,"August 20, 2015",The physicist James Bullock explains how a complicated “dark sector” of interacting particles may illuminate some puzzling observations of the centers of galaxies.,physicist james bullock explains complicated dark sector interacting particle may illuminate puzzling observation center galaxy,the physicist james bullock explains how a complicated “dark sector” of interacting particles may illuminate some puzzling observations of the centers of galaxies.,the physicist james bullock explains how a complicated dark sector of interacting particles may illuminate some puzzling observations of the centers of galaxies,"['the', 'physicist', 'james', 'bullock', 'explains', 'how', 'a', 'complicated', 'dark', 'sector', 'of', 'interacting', 'particles', 'may', 'illuminate', 'some', 'puzzling', 'observations', 'of', 'the', 'centers', 'of', 'galaxies']","['physicist', 'james', 'bullock', 'explains', 'complicated', 'dark', 'sector', 'interacting', 'particles', 'may', 'illuminate', 'puzzling', 'observations', 'centers', 'galaxies']","['physicist', 'james', 'bullock', 'explains', 'complicated', 'dark', 'sector', 'interacting', 'particle', 'may', 'illuminate', 'puzzling', 'observation', 'center', 'galaxy']"
How Life and Luck Changed Earth’s Minerals,Roberta Kwok,"August 11, 2015","Did the minerals on our planet arise in a predictable fashion, or did they result from chance events? The answers could eventually help scientists identify planets likely to harbor life.",mineral planet arise predictable fashion result chance event answer could eventually help scientist identify planet likely harbor life,"did the minerals on our planet arise in a predictable fashion, or did they result from chance events? the answers could eventually help scientists identify planets likely to harbor life.",did the minerals on our planet arise in a predictable fashion or did they result from chance events the answers could eventually help scientists identify planets likely to harbor life,"['did', 'the', 'minerals', 'on', 'our', 'planet', 'arise', 'in', 'a', 'predictable', 'fashion', 'or', 'did', 'they', 'result', 'from', 'chance', 'events', 'the', 'answers', 'could', 'eventually', 'help', 'scientists', 'identify', 'planets', 'likely', 'to', 'harbor', 'life']","['minerals', 'planet', 'arise', 'predictable', 'fashion', 'result', 'chance', 'events', 'answers', 'could', 'eventually', 'help', 'scientists', 'identify', 'planets', 'likely', 'harbor', 'life']","['mineral', 'planet', 'arise', 'predictable', 'fashion', 'result', 'chance', 'event', 'answer', 'could', 'eventually', 'help', 'scientist', 'identify', 'planet', 'likely', 'harbor', 'life']"
"Theories of Everything, Mapped",Natalie Wolchover,"August 3, 2015","Explore the deepest mysteries at the frontier of fundamental physics, and the most promising ideas put forth to solve them.",explore deepest mystery frontier fundamental physic promising idea put forth solve,"explore the deepest mysteries at the frontier of fundamental physics, and the most promising ideas put forth to solve them.",explore the deepest mysteries at the frontier of fundamental physics and the most promising ideas put forth to solve them,"['explore', 'the', 'deepest', 'mysteries', 'at', 'the', 'frontier', 'of', 'fundamental', 'physics', 'and', 'the', 'most', 'promising', 'ideas', 'put', 'forth', 'to', 'solve', 'them']","['explore', 'deepest', 'mysteries', 'frontier', 'fundamental', 'physics', 'promising', 'ideas', 'put', 'forth', 'solve']","['explore', 'deepest', 'mystery', 'frontier', 'fundamental', 'physic', 'promising', 'idea', 'put', 'forth', 'solve']"
Famous Fluid Equations Are Incomplete,Natalie Wolchover,"July 21, 2015",A 115-year effort to bridge the particle and fluid descriptions of nature has led mathematicians to an unexpected answer.,year effort bridge particle fluid description nature led mathematician unexpected answer,a 115-year effort to bridge the particle and fluid descriptions of nature has led mathematicians to an unexpected answer.,a year effort to bridge the particle and fluid descriptions of nature has led mathematicians to an unexpected answer,"['a', 'year', 'effort', 'to', 'bridge', 'the', 'particle', 'and', 'fluid', 'descriptions', 'of', 'nature', 'has', 'led', 'mathematicians', 'to', 'an', 'unexpected', 'answer']","['year', 'effort', 'bridge', 'particle', 'fluid', 'descriptions', 'nature', 'led', 'mathematicians', 'unexpected', 'answer']","['year', 'effort', 'bridge', 'particle', 'fluid', 'description', 'nature', 'led', 'mathematician', 'unexpected', 'answer']"
The New Laws of Explosive Networks,Jennifer Ouellette,"July 14, 2015","Researchers are uncovering the hidden laws that reveal how the Internet grows, how viruses spread, and how financial bubbles burst.",researcher uncovering hidden law reveal internet grows virus spread financial bubble burst,"researchers are uncovering the hidden laws that reveal how the internet grows, how viruses spread, and how financial bubbles burst.",researchers are uncovering the hidden laws that reveal how the internet grows how viruses spread and how financial bubbles burst,"['researchers', 'are', 'uncovering', 'the', 'hidden', 'laws', 'that', 'reveal', 'how', 'the', 'internet', 'grows', 'how', 'viruses', 'spread', 'and', 'how', 'financial', 'bubbles', 'burst']","['researchers', 'uncovering', 'hidden', 'laws', 'reveal', 'internet', 'grows', 'viruses', 'spread', 'financial', 'bubbles', 'burst']","['researcher', 'uncovering', 'hidden', 'law', 'reveal', 'internet', 'grows', 'virus', 'spread', 'financial', 'bubble', 'burst']"
Paradoxical Crystal Baffles Physicists,Natalie Wolchover,"July 2, 2015","At super-low temperatures, a crystal called samarium hexaboride behaves in an unexplained, imagination-stretching way.",super low temperature crystal called samarium hexaboride behaves unexplained imagination stretching way,"at super-low temperatures, a crystal called samarium hexaboride behaves in an unexplained, imagination-stretching way.",at super low temperatures a crystal called samarium hexaboride behaves in an unexplained imagination stretching way,"['at', 'super', 'low', 'temperatures', 'a', 'crystal', 'called', 'samarium', 'hexaboride', 'behaves', 'in', 'an', 'unexplained', 'imagination', 'stretching', 'way']","['super', 'low', 'temperatures', 'crystal', 'called', 'samarium', 'hexaboride', 'behaves', 'unexplained', 'imagination', 'stretching', 'way']","['super', 'low', 'temperature', 'crystal', 'called', 'samarium', 'hexaboride', 'behaves', 'unexplained', 'imagination', 'stretching', 'way']"
Why the Big Bang’s Light May Have a Tilt,Maggie McKee,"June 30, 2015",Scientists haven’t tested the Big Bang’s light for a revealing shift in 25 years. A new experiment aims to change that.,scientist tested big bang light revealing shift year new experiment aim change,scientists haven’t tested the big bang’s light for a revealing shift in 25 years. a new experiment aims to change that.,scientists haven t tested the big bang s light for a revealing shift in years a new experiment aims to change that,"['scientists', 'haven', 't', 'tested', 'the', 'big', 'bang', 's', 'light', 'for', 'a', 'revealing', 'shift', 'in', 'years', 'a', 'new', 'experiment', 'aims', 'to', 'change', 'that']","['scientists', 'tested', 'big', 'bang', 'light', 'revealing', 'shift', 'years', 'new', 'experiment', 'aims', 'change']","['scientist', 'tested', 'big', 'bang', 'light', 'revealing', 'shift', 'year', 'new', 'experiment', 'aim', 'change']"
The Fuzzball Fix for a Black Hole Paradox,Jennifer Ouellette,"June 23, 2015","By replacing black holes with fuzzballs — dense, star-like objects from string theory — researchers think they can avoid some knotty paradoxes at the edge of physics.",replacing black hole fuzzballs dense star like object string theory researcher think avoid knotty paradox edge physic,"by replacing black holes with fuzzballs — dense, star-like objects from string theory — researchers think they can avoid some knotty paradoxes at the edge of physics.",by replacing black holes with fuzzballs dense star like objects from string theory researchers think they can avoid some knotty paradoxes at the edge of physics,"['by', 'replacing', 'black', 'holes', 'with', 'fuzzballs', 'dense', 'star', 'like', 'objects', 'from', 'string', 'theory', 'researchers', 'think', 'they', 'can', 'avoid', 'some', 'knotty', 'paradoxes', 'at', 'the', 'edge', 'of', 'physics']","['replacing', 'black', 'holes', 'fuzzballs', 'dense', 'star', 'like', 'objects', 'string', 'theory', 'researchers', 'think', 'avoid', 'knotty', 'paradoxes', 'edge', 'physics']","['replacing', 'black', 'hole', 'fuzzballs', 'dense', 'star', 'like', 'object', 'string', 'theory', 'researcher', 'think', 'avoid', 'knotty', 'paradox', 'edge', 'physic']"
A Private View of Quantum Reality,Amanda Gefter,"June 4, 2015",Quantum theorist Christopher Fuchs explains how to solve the paradoxes of quantum mechanics. His price: physics gets personal.,quantum theorist christopher fuchs explains solve paradox quantum mechanic price physic get personal,quantum theorist christopher fuchs explains how to solve the paradoxes of quantum mechanics. his price: physics gets personal.,quantum theorist christopher fuchs explains how to solve the paradoxes of quantum mechanics his price physics gets personal,"['quantum', 'theorist', 'christopher', 'fuchs', 'explains', 'how', 'to', 'solve', 'the', 'paradoxes', 'of', 'quantum', 'mechanics', 'his', 'price', 'physics', 'gets', 'personal']","['quantum', 'theorist', 'christopher', 'fuchs', 'explains', 'solve', 'paradoxes', 'quantum', 'mechanics', 'price', 'physics', 'gets', 'personal']","['quantum', 'theorist', 'christopher', 'fuchs', 'explains', 'solve', 'paradox', 'quantum', 'mechanic', 'price', 'physic', 'get', 'personal']"
A New Theory to Explain the Higgs Mass,Natalie Wolchover,"May 27, 2015",Three physicists have proposed a new solution to one of the deepest mysteries in particle physics: why the Higgs boson has such a tiny mass.,three physicist proposed new solution one deepest mystery particle physic higgs boson tiny mass,three physicists have proposed a new solution to one of the deepest mysteries in particle physics: why the higgs boson has such a tiny mass.,three physicists have proposed a new solution to one of the deepest mysteries in particle physics why the higgs boson has such a tiny mass,"['three', 'physicists', 'have', 'proposed', 'a', 'new', 'solution', 'to', 'one', 'of', 'the', 'deepest', 'mysteries', 'in', 'particle', 'physics', 'why', 'the', 'higgs', 'boson', 'has', 'such', 'a', 'tiny', 'mass']","['three', 'physicists', 'proposed', 'new', 'solution', 'one', 'deepest', 'mysteries', 'particle', 'physics', 'higgs', 'boson', 'tiny', 'mass']","['three', 'physicist', 'proposed', 'new', 'solution', 'one', 'deepest', 'mystery', 'particle', 'physic', 'higgs', 'boson', 'tiny', 'mass']"
The Particle That Broke a Cosmic Speed Limit,Natalie Wolchover,"May 14, 2015","Physicists are beginning to unravel the mysteries of ultrahigh-energy cosmic rays, particles accelerated by the most powerful forces in the universe.",physicist beginning unravel mystery ultrahigh energy cosmic ray particle accelerated powerful force universe,"physicists are beginning to unravel the mysteries of ultrahigh-energy cosmic rays, particles accelerated by the most powerful forces in the universe.",physicists are beginning to unravel the mysteries of ultrahigh energy cosmic rays particles accelerated by the most powerful forces in the universe,"['physicists', 'are', 'beginning', 'to', 'unravel', 'the', 'mysteries', 'of', 'ultrahigh', 'energy', 'cosmic', 'rays', 'particles', 'accelerated', 'by', 'the', 'most', 'powerful', 'forces', 'in', 'the', 'universe']","['physicists', 'beginning', 'unravel', 'mysteries', 'ultrahigh', 'energy', 'cosmic', 'rays', 'particles', 'accelerated', 'powerful', 'forces', 'universe']","['physicist', 'beginning', 'unravel', 'mystery', 'ultrahigh', 'energy', 'cosmic', 'ray', 'particle', 'accelerated', 'powerful', 'force', 'universe']"
Interactive: What Is Space?,Thomas Lin,"April 30, 2015",Imagine the fabric of space-time peeled back layer by layer.,imagine fabric space time peeled back layer layer,imagine the fabric of space-time peeled back layer by layer.,imagine the fabric of space time peeled back layer by layer,"['imagine', 'the', 'fabric', 'of', 'space', 'time', 'peeled', 'back', 'layer', 'by', 'layer']","['imagine', 'fabric', 'space', 'time', 'peeled', 'back', 'layer', 'layer']","['imagine', 'fabric', 'space', 'time', 'peeled', 'back', 'layer', 'layer']"
How Quantum Pairs Stitch Space-Time,Jennifer Ouellette,"April 28, 2015",New tools may reveal how quantum information builds the structure of space.,new tool may reveal quantum information build structure space,new tools may reveal how quantum information builds the structure of space.,new tools may reveal how quantum information builds the structure of space,"['new', 'tools', 'may', 'reveal', 'how', 'quantum', 'information', 'builds', 'the', 'structure', 'of', 'space']","['new', 'tools', 'may', 'reveal', 'quantum', 'information', 'builds', 'structure', 'space']","['new', 'tool', 'may', 'reveal', 'quantum', 'information', 'build', 'structure', 'space']"
Wormholes Untangle a Black Hole Paradox,K.C. Cole,"April 24, 2015","A bold new idea aims to link two famously discordant descriptions of nature. In doing so, it may also reveal how space-time owes its existence to the spooky connections of quantum information.",bold new idea aim link two famously discordant description nature may also reveal space time owes existence spooky connection quantum information,"a bold new idea aims to link two famously discordant descriptions of nature. in doing so, it may also reveal how space-time owes its existence to the spooky connections of quantum information.",a bold new idea aims to link two famously discordant descriptions of nature in doing so it may also reveal how space time owes its existence to the spooky connections of quantum information,"['a', 'bold', 'new', 'idea', 'aims', 'to', 'link', 'two', 'famously', 'discordant', 'descriptions', 'of', 'nature', 'in', 'doing', 'so', 'it', 'may', 'also', 'reveal', 'how', 'space', 'time', 'owes', 'its', 'existence', 'to', 'the', 'spooky', 'connections', 'of', 'quantum', 'information']","['bold', 'new', 'idea', 'aims', 'link', 'two', 'famously', 'discordant', 'descriptions', 'nature', 'may', 'also', 'reveal', 'space', 'time', 'owes', 'existence', 'spooky', 'connections', 'quantum', 'information']","['bold', 'new', 'idea', 'aim', 'link', 'two', 'famously', 'discordant', 'description', 'nature', 'may', 'also', 'reveal', 'space', 'time', 'owes', 'existence', 'spooky', 'connection', 'quantum', 'information']"
A Grand Theory of Wrinkles,Sarah Lewin,"April 8, 2015",A collaboration between mechanical engineers and mathematicians has revealed universal rules for how wrinkles form.,collaboration mechanical engineer mathematician revealed universal rule wrinkle form,a collaboration between mechanical engineers and mathematicians has revealed universal rules for how wrinkles form.,a collaboration between mechanical engineers and mathematicians has revealed universal rules for how wrinkles form,"['a', 'collaboration', 'between', 'mechanical', 'engineers', 'and', 'mathematicians', 'has', 'revealed', 'universal', 'rules', 'for', 'how', 'wrinkles', 'form']","['collaboration', 'mechanical', 'engineers', 'mathematicians', 'revealed', 'universal', 'rules', 'wrinkles', 'form']","['collaboration', 'mechanical', 'engineer', 'mathematician', 'revealed', 'universal', 'rule', 'wrinkle', 'form']"
Dark Energy Tested on a Tabletop,Maggie McKee,"March 31, 2015",Is dark energy a cosmic chameleon that can fade into its surroundings? A recent test brings the mysterious anti-gravitational force down to earth.,dark energy cosmic chameleon fade surroundings recent test brings mysterious anti gravitational force earth,is dark energy a cosmic chameleon that can fade into its surroundings? a recent test brings the mysterious anti-gravitational force down to earth.,is dark energy a cosmic chameleon that can fade into its surroundings a recent test brings the mysterious anti gravitational force down to earth,"['is', 'dark', 'energy', 'a', 'cosmic', 'chameleon', 'that', 'can', 'fade', 'into', 'its', 'surroundings', 'a', 'recent', 'test', 'brings', 'the', 'mysterious', 'anti', 'gravitational', 'force', 'down', 'to', 'earth']","['dark', 'energy', 'cosmic', 'chameleon', 'fade', 'surroundings', 'recent', 'test', 'brings', 'mysterious', 'anti', 'gravitational', 'force', 'earth']","['dark', 'energy', 'cosmic', 'chameleon', 'fade', 'surroundings', 'recent', 'test', 'brings', 'mysterious', 'anti', 'gravitational', 'force', 'earth']"
‘Penguin’ Anomaly Hints at Missing Particles,Natalie Wolchover,"March 20, 2015",A statistical anomaly in the signal from rare particle decays at the Large Hadron Collider offers hope that new discoveries might be around the corner.,statistical anomaly signal rare particle decay large hadron collider offer hope new discovery might around corner,a statistical anomaly in the signal from rare particle decays at the large hadron collider offers hope that new discoveries might be around the corner.,a statistical anomaly in the signal from rare particle decays at the large hadron collider offers hope that new discoveries might be around the corner,"['a', 'statistical', 'anomaly', 'in', 'the', 'signal', 'from', 'rare', 'particle', 'decays', 'at', 'the', 'large', 'hadron', 'collider', 'offers', 'hope', 'that', 'new', 'discoveries', 'might', 'be', 'around', 'the', 'corner']","['statistical', 'anomaly', 'signal', 'rare', 'particle', 'decays', 'large', 'hadron', 'collider', 'offers', 'hope', 'new', 'discoveries', 'might', 'around', 'corner']","['statistical', 'anomaly', 'signal', 'rare', 'particle', 'decay', 'large', 'hadron', 'collider', 'offer', 'hope', 'new', 'discovery', 'might', 'around', 'corner']"
Science’s Path From Myth to Multiverse,Dan Falk,"March 17, 2015","In his latest book, the Nobel Prize winner Steven Weinberg explores how science made the modern world, and where it might take us from here.",latest book nobel prize winner steven weinberg explores science made modern world might take u,"in his latest book, the nobel prize winner steven weinberg explores how science made the modern world, and where it might take us from here.",in his latest book the nobel prize winner steven weinberg explores how science made the modern world and where it might take us from here,"['in', 'his', 'latest', 'book', 'the', 'nobel', 'prize', 'winner', 'steven', 'weinberg', 'explores', 'how', 'science', 'made', 'the', 'modern', 'world', 'and', 'where', 'it', 'might', 'take', 'us', 'from', 'here']","['latest', 'book', 'nobel', 'prize', 'winner', 'steven', 'weinberg', 'explores', 'science', 'made', 'modern', 'world', 'might', 'take', 'us']","['latest', 'book', 'nobel', 'prize', 'winner', 'steven', 'weinberg', 'explores', 'science', 'made', 'modern', 'world', 'might', 'take', 'u']"
Mathematicians Chase Moonshine’s Shadow,Erica Klarreich,"March 12, 2015","Researchers are on the trail of a mysterious connection between number theory, algebra and string theory.",researcher trail mysterious connection number theory algebra string theory,"researchers are on the trail of a mysterious connection between number theory, algebra and string theory.",researchers are on the trail of a mysterious connection between number theory algebra and string theory,"['researchers', 'are', 'on', 'the', 'trail', 'of', 'a', 'mysterious', 'connection', 'between', 'number', 'theory', 'algebra', 'and', 'string', 'theory']","['researchers', 'trail', 'mysterious', 'connection', 'number', 'theory', 'algebra', 'string', 'theory']","['researcher', 'trail', 'mysterious', 'connection', 'number', 'theory', 'algebra', 'string', 'theory']"
Strange Stars Pulse to the Golden Mean,Natalie Wolchover,"March 10, 2015",Nature has revealed peculiar mathematical objects that connect order and chaos.,nature revealed peculiar mathematical object connect order chaos,nature has revealed peculiar mathematical objects that connect order and chaos.,nature has revealed peculiar mathematical objects that connect order and chaos,"['nature', 'has', 'revealed', 'peculiar', 'mathematical', 'objects', 'that', 'connect', 'order', 'and', 'chaos']","['nature', 'revealed', 'peculiar', 'mathematical', 'objects', 'connect', 'order', 'chaos']","['nature', 'revealed', 'peculiar', 'mathematical', 'object', 'connect', 'order', 'chaos']"
"In LHC’s Shadow, America’s Collider Awakens",Natalie Wolchover,"March 6, 2015",The Relativistic Heavy Ion Collider fired up for its 15th run to take a deeper look at the building blocks of atoms.,relativistic heavy ion collider fired th run take deeper look building block atom,the relativistic heavy ion collider fired up for its 15th run to take a deeper look at the building blocks of atoms.,the relativistic heavy ion collider fired up for its th run to take a deeper look at the building blocks of atoms,"['the', 'relativistic', 'heavy', 'ion', 'collider', 'fired', 'up', 'for', 'its', 'th', 'run', 'to', 'take', 'a', 'deeper', 'look', 'at', 'the', 'building', 'blocks', 'of', 'atoms']","['relativistic', 'heavy', 'ion', 'collider', 'fired', 'th', 'run', 'take', 'deeper', 'look', 'building', 'blocks', 'atoms']","['relativistic', 'heavy', 'ion', 'collider', 'fired', 'th', 'run', 'take', 'deeper', 'look', 'building', 'block', 'atom']"
"In Fake Universes, Evidence for String Theory",Natalie Wolchover,"February 18, 2015","If string theorists can show that their framework is the only consistent theory of quantum gravity, does that make it true even without tangible evidence?",string theorist show framework consistent theory quantum gravity make true even without tangible evidence,"if string theorists can show that their framework is the only consistent theory of quantum gravity, does that make it true even without tangible evidence?",if string theorists can show that their framework is the only consistent theory of quantum gravity does that make it true even without tangible evidence,"['if', 'string', 'theorists', 'can', 'show', 'that', 'their', 'framework', 'is', 'the', 'only', 'consistent', 'theory', 'of', 'quantum', 'gravity', 'does', 'that', 'make', 'it', 'true', 'even', 'without', 'tangible', 'evidence']","['string', 'theorists', 'show', 'framework', 'consistent', 'theory', 'quantum', 'gravity', 'make', 'true', 'even', 'without', 'tangible', 'evidence']","['string', 'theorist', 'show', 'framework', 'consistent', 'theory', 'quantum', 'gravity', 'make', 'true', 'even', 'without', 'tangible', 'evidence']"
Joint Dust Analysis Deflates Big Bang Signal,Natalie Wolchover,"January 30, 2015","No definitive evidence for cosmic inflation is found, but support remains strong for the theory even as critics highlight its shortcomings as an explanation for how and why the universe began.",no definitive evidence cosmic inflation found support remains strong theory even critic highlight shortcoming explanation universe began,"no definitive evidence for cosmic inflation is found, but support remains strong for the theory even as critics highlight its shortcomings as an explanation for how and why the universe began.",no definitive evidence for cosmic inflation is found but support remains strong for the theory even as critics highlight its shortcomings as an explanation for how and why the universe began,"['no', 'definitive', 'evidence', 'for', 'cosmic', 'inflation', 'is', 'found', 'but', 'support', 'remains', 'strong', 'for', 'the', 'theory', 'even', 'as', 'critics', 'highlight', 'its', 'shortcomings', 'as', 'an', 'explanation', 'for', 'how', 'and', 'why', 'the', 'universe', 'began']","['no', 'definitive', 'evidence', 'cosmic', 'inflation', 'found', 'support', 'remains', 'strong', 'theory', 'even', 'critics', 'highlight', 'shortcomings', 'explanation', 'universe', 'began']","['no', 'definitive', 'evidence', 'cosmic', 'inflation', 'found', 'support', 'remains', 'strong', 'theory', 'even', 'critic', 'highlight', 'shortcoming', 'explanation', 'universe', 'began']"
Quantum Computing Without Qubits,Peter Byrne,"January 22, 2015","A quantum computing pioneer explains why the near future of quantum computation may lie in simulators, not general-purpose quantum machines.",quantum computing pioneer explains near future quantum computation may lie simulator not general purpose quantum machine,"a quantum computing pioneer explains why the near future of quantum computation may lie in simulators, not general-purpose quantum machines.",a quantum computing pioneer explains why the near future of quantum computation may lie in simulators not general purpose quantum machines,"['a', 'quantum', 'computing', 'pioneer', 'explains', 'why', 'the', 'near', 'future', 'of', 'quantum', 'computation', 'may', 'lie', 'in', 'simulators', 'not', 'general', 'purpose', 'quantum', 'machines']","['quantum', 'computing', 'pioneer', 'explains', 'near', 'future', 'quantum', 'computation', 'may', 'lie', 'simulators', 'not', 'general', 'purpose', 'quantum', 'machines']","['quantum', 'computing', 'pioneer', 'explains', 'near', 'future', 'quantum', 'computation', 'may', 'lie', 'simulator', 'not', 'general', 'purpose', 'quantum', 'machine']"
Scientists Conjure Curves From Flatness,Natalie Wolchover,"January 6, 2015","Researchers have found a set of rules for imbuing flat surfaces with curvature, enabling them to form a virtually unlimited range of three-dimensional structures.",researcher found set rule imbuing flat surface curvature enabling form virtually unlimited range three dimensional structure,"researchers have found a set of rules for imbuing flat surfaces with curvature, enabling them to form a virtually unlimited range of three-dimensional structures.",researchers have found a set of rules for imbuing flat surfaces with curvature enabling them to form a virtually unlimited range of three dimensional structures,"['researchers', 'have', 'found', 'a', 'set', 'of', 'rules', 'for', 'imbuing', 'flat', 'surfaces', 'with', 'curvature', 'enabling', 'them', 'to', 'form', 'a', 'virtually', 'unlimited', 'range', 'of', 'three', 'dimensional', 'structures']","['researchers', 'found', 'set', 'rules', 'imbuing', 'flat', 'surfaces', 'curvature', 'enabling', 'form', 'virtually', 'unlimited', 'range', 'three', 'dimensional', 'structures']","['researcher', 'found', 'set', 'rule', 'imbuing', 'flat', 'surface', 'curvature', 'enabling', 'form', 'virtually', 'unlimited', 'range', 'three', 'dimensional', 'structure']"
A Common Logic to Seeing Cats and Cosmos,Natalie Wolchover,"December 4, 2014","New research suggests physicists, computers and brains employ the same procedure to tease out important features from among other irrelevant bits of data.",new research suggests physicist computer brain employ procedure tease important feature among irrelevant bit data,"new research suggests physicists, computers and brains employ the same procedure to tease out important features from among other irrelevant bits of data.",new research suggests physicists computers and brains employ the same procedure to tease out important features from among other irrelevant bits of data,"['new', 'research', 'suggests', 'physicists', 'computers', 'and', 'brains', 'employ', 'the', 'same', 'procedure', 'to', 'tease', 'out', 'important', 'features', 'from', 'among', 'other', 'irrelevant', 'bits', 'of', 'data']","['new', 'research', 'suggests', 'physicists', 'computers', 'brains', 'employ', 'procedure', 'tease', 'important', 'features', 'among', 'irrelevant', 'bits', 'data']","['new', 'research', 'suggests', 'physicist', 'computer', 'brain', 'employ', 'procedure', 'tease', 'important', 'feature', 'among', 'irrelevant', 'bit', 'data']"
Multiverse Collisions May Dot the Sky,Jennifer Ouellette,"November 10, 2014","Early in cosmic history, our universe may have bumped into another — a primordial clash that could have left traces in the Big Bang’s afterglow.",early cosmic history universe may bumped another primordial clash could left trace big bang afterglow,"early in cosmic history, our universe may have bumped into another — a primordial clash that could have left traces in the big bang’s afterglow.",early in cosmic history our universe may have bumped into another a primordial clash that could have left traces in the big bang s afterglow,"['early', 'in', 'cosmic', 'history', 'our', 'universe', 'may', 'have', 'bumped', 'into', 'another', 'a', 'primordial', 'clash', 'that', 'could', 'have', 'left', 'traces', 'in', 'the', 'big', 'bang', 's', 'afterglow']","['early', 'cosmic', 'history', 'universe', 'may', 'bumped', 'another', 'primordial', 'clash', 'could', 'left', 'traces', 'big', 'bang', 'afterglow']","['early', 'cosmic', 'history', 'universe', 'may', 'bumped', 'another', 'primordial', 'clash', 'could', 'left', 'trace', 'big', 'bang', 'afterglow']"
"In a Multiverse, What Are the Odds?",Natalie Wolchover,"November 3, 2014",Testing the multiverse hypothesis requires measuring whether our universe is statistically typical among the infinite variety of universes. But infinity does a number on statistics.,testing multiverse hypothesis requires measuring whether universe statistically typical among infinite variety universe infinity number statistic,testing the multiverse hypothesis requires measuring whether our universe is statistically typical among the infinite variety of universes. but infinity does a number on statistics.,testing the multiverse hypothesis requires measuring whether our universe is statistically typical among the infinite variety of universes but infinity does a number on statistics,"['testing', 'the', 'multiverse', 'hypothesis', 'requires', 'measuring', 'whether', 'our', 'universe', 'is', 'statistically', 'typical', 'among', 'the', 'infinite', 'variety', 'of', 'universes', 'but', 'infinity', 'does', 'a', 'number', 'on', 'statistics']","['testing', 'multiverse', 'hypothesis', 'requires', 'measuring', 'whether', 'universe', 'statistically', 'typical', 'among', 'infinite', 'variety', 'universes', 'infinity', 'number', 'statistics']","['testing', 'multiverse', 'hypothesis', 'requires', 'measuring', 'whether', 'universe', 'statistically', 'typical', 'among', 'infinite', 'variety', 'universe', 'infinity', 'number', 'statistic']"
Dwarf Galaxies Dim Hopes of Dark Matter,Natalie Wolchover,"October 25, 2014",For five years physicists have been tantalized by possible evidence of dark matter in the Milky Way’s center. But new results from small satellite galaxies have complicated the story.,five year physicist tantalized possible evidence dark matter milky way center new result small satellite galaxy complicated story,for five years physicists have been tantalized by possible evidence of dark matter in the milky way’s center. but new results from small satellite galaxies have complicated the story.,for five years physicists have been tantalized by possible evidence of dark matter in the milky way s center but new results from small satellite galaxies have complicated the story,"['for', 'five', 'years', 'physicists', 'have', 'been', 'tantalized', 'by', 'possible', 'evidence', 'of', 'dark', 'matter', 'in', 'the', 'milky', 'way', 's', 'center', 'but', 'new', 'results', 'from', 'small', 'satellite', 'galaxies', 'have', 'complicated', 'the', 'story']","['five', 'years', 'physicists', 'tantalized', 'possible', 'evidence', 'dark', 'matter', 'milky', 'way', 'center', 'new', 'results', 'small', 'satellite', 'galaxies', 'complicated', 'story']","['five', 'year', 'physicist', 'tantalized', 'possible', 'evidence', 'dark', 'matter', 'milky', 'way', 'center', 'new', 'result', 'small', 'satellite', 'galaxy', 'complicated', 'story']"
At the Far Ends of a New Universal Law,Natalie Wolchover,"October 15, 2014",A potent theory has emerged explaining a mysterious statistical law that arises throughout physics and mathematics.,potent theory emerged explaining mysterious statistical law arises throughout physic mathematics,a potent theory has emerged explaining a mysterious statistical law that arises throughout physics and mathematics.,a potent theory has emerged explaining a mysterious statistical law that arises throughout physics and mathematics,"['a', 'potent', 'theory', 'has', 'emerged', 'explaining', 'a', 'mysterious', 'statistical', 'law', 'that', 'arises', 'throughout', 'physics', 'and', 'mathematics']","['potent', 'theory', 'emerged', 'explaining', 'mysterious', 'statistical', 'law', 'arises', 'throughout', 'physics', 'mathematics']","['potent', 'theory', 'emerged', 'explaining', 'mysterious', 'statistical', 'law', 'arises', 'throughout', 'physic', 'mathematics']"
‘Big Bang Signal’ Could All Be Dust,Natalie Wolchover,"September 21, 2014","Cosmic dust in the high latitudes of the Milky Way could account for the entire swirl pattern that had been presented as proof of a leading Big Bang theory, according to a new data analysis from the Planck satellite.",cosmic dust high latitude milky way could account entire swirl pattern presented proof leading big bang theory according new data analysis planck satellite,"cosmic dust in the high latitudes of the milky way could account for the entire swirl pattern that had been presented as proof of a leading big bang theory, according to a new data analysis from the planck satellite.",cosmic dust in the high latitudes of the milky way could account for the entire swirl pattern that had been presented as proof of a leading big bang theory according to a new data analysis from the planck satellite,"['cosmic', 'dust', 'in', 'the', 'high', 'latitudes', 'of', 'the', 'milky', 'way', 'could', 'account', 'for', 'the', 'entire', 'swirl', 'pattern', 'that', 'had', 'been', 'presented', 'as', 'proof', 'of', 'a', 'leading', 'big', 'bang', 'theory', 'according', 'to', 'a', 'new', 'data', 'analysis', 'from', 'the', 'planck', 'satellite']","['cosmic', 'dust', 'high', 'latitudes', 'milky', 'way', 'could', 'account', 'entire', 'swirl', 'pattern', 'presented', 'proof', 'leading', 'big', 'bang', 'theory', 'according', 'new', 'data', 'analysis', 'planck', 'satellite']","['cosmic', 'dust', 'high', 'latitude', 'milky', 'way', 'could', 'account', 'entire', 'swirl', 'pattern', 'presented', 'proof', 'leading', 'big', 'bang', 'theory', 'according', 'new', 'data', 'analysis', 'planck', 'satellite']"
Finding Dark Energy in the Details,Natalie Wolchover,"September 18, 2014",The astrophysicist Joshua Frieman seeks to pinpoint the mysterious substance driving the accelerating expansion of the universe.,astrophysicist joshua frieman seek pinpoint mysterious substance driving accelerating expansion universe,the astrophysicist joshua frieman seeks to pinpoint the mysterious substance driving the accelerating expansion of the universe.,the astrophysicist joshua frieman seeks to pinpoint the mysterious substance driving the accelerating expansion of the universe,"['the', 'astrophysicist', 'joshua', 'frieman', 'seeks', 'to', 'pinpoint', 'the', 'mysterious', 'substance', 'driving', 'the', 'accelerating', 'expansion', 'of', 'the', 'universe']","['astrophysicist', 'joshua', 'frieman', 'seeks', 'pinpoint', 'mysterious', 'substance', 'driving', 'accelerating', 'expansion', 'universe']","['astrophysicist', 'joshua', 'frieman', 'seek', 'pinpoint', 'mysterious', 'substance', 'driving', 'accelerating', 'expansion', 'universe']"
Quark Quartet Fuels Quantum Feud,Natalie Wolchover,"August 27, 2014",Newly discovered particles are forcing physicists to extend their simple picture of subatomic interactions or replace it with a more nuanced understanding.,newly discovered particle forcing physicist extend simple picture subatomic interaction replace nuanced understanding,newly discovered particles are forcing physicists to extend their simple picture of subatomic interactions or replace it with a more nuanced understanding.,newly discovered particles are forcing physicists to extend their simple picture of subatomic interactions or replace it with a more nuanced understanding,"['newly', 'discovered', 'particles', 'are', 'forcing', 'physicists', 'to', 'extend', 'their', 'simple', 'picture', 'of', 'subatomic', 'interactions', 'or', 'replace', 'it', 'with', 'a', 'more', 'nuanced', 'understanding']","['newly', 'discovered', 'particles', 'forcing', 'physicists', 'extend', 'simple', 'picture', 'subatomic', 'interactions', 'replace', 'nuanced', 'understanding']","['newly', 'discovered', 'particle', 'forcing', 'physicist', 'extend', 'simple', 'picture', 'subatomic', 'interaction', 'replace', 'nuanced', 'understanding']"
"At Multiverse Impasse, a New Theory of Scale",Natalie Wolchover,"August 18, 2014",Physicists have begun to explore the idea that mass and length may not be fundamental properties of nature. The hypothesis could help to avoid the conclusion that our world is just a weird bubble in an endlessly foaming multiverse.,physicist begun explore idea mass length may not fundamental property nature hypothesis could help avoid conclusion world weird bubble endlessly foaming multiverse,physicists have begun to explore the idea that mass and length may not be fundamental properties of nature. the hypothesis could help to avoid the conclusion that our world is just a weird bubble in an endlessly foaming multiverse.,physicists have begun to explore the idea that mass and length may not be fundamental properties of nature the hypothesis could help to avoid the conclusion that our world is just a weird bubble in an endlessly foaming multiverse,"['physicists', 'have', 'begun', 'to', 'explore', 'the', 'idea', 'that', 'mass', 'and', 'length', 'may', 'not', 'be', 'fundamental', 'properties', 'of', 'nature', 'the', 'hypothesis', 'could', 'help', 'to', 'avoid', 'the', 'conclusion', 'that', 'our', 'world', 'is', 'just', 'a', 'weird', 'bubble', 'in', 'an', 'endlessly', 'foaming', 'multiverse']","['physicists', 'begun', 'explore', 'idea', 'mass', 'length', 'may', 'not', 'fundamental', 'properties', 'nature', 'hypothesis', 'could', 'help', 'avoid', 'conclusion', 'world', 'weird', 'bubble', 'endlessly', 'foaming', 'multiverse']","['physicist', 'begun', 'explore', 'idea', 'mass', 'length', 'may', 'not', 'fundamental', 'property', 'nature', 'hypothesis', 'could', 'help', 'avoid', 'conclusion', 'world', 'weird', 'bubble', 'endlessly', 'foaming', 'multiverse']"
In Search of Dark Stars,Tom Siegfried,"July 22, 2014","Katherine Freese, a physicist who will soon lead the Nordic Institute for Theoretical Physics, reflects on the hunt for dark matter and how dark matter heating may have produced the first stars.",katherine freese physicist soon lead nordic institute theoretical physic reflects hunt dark matter dark matter heating may produced first star,"katherine freese, a physicist who will soon lead the nordic institute for theoretical physics, reflects on the hunt for dark matter and how dark matter heating may have produced the first stars.",katherine freese a physicist who will soon lead the nordic institute for theoretical physics reflects on the hunt for dark matter and how dark matter heating may have produced the first stars,"['katherine', 'freese', 'a', 'physicist', 'who', 'will', 'soon', 'lead', 'the', 'nordic', 'institute', 'for', 'theoretical', 'physics', 'reflects', 'on', 'the', 'hunt', 'for', 'dark', 'matter', 'and', 'how', 'dark', 'matter', 'heating', 'may', 'have', 'produced', 'the', 'first', 'stars']","['katherine', 'freese', 'physicist', 'soon', 'lead', 'nordic', 'institute', 'theoretical', 'physics', 'reflects', 'hunt', 'dark', 'matter', 'dark', 'matter', 'heating', 'may', 'produced', 'first', 'stars']","['katherine', 'freese', 'physicist', 'soon', 'lead', 'nordic', 'institute', 'theoretical', 'physic', 'reflects', 'hunt', 'dark', 'matter', 'dark', 'matter', 'heating', 'may', 'produced', 'first', 'star']"
A Bold Critic of the Big Bang’s ‘Smoking Gun’,Peter Byrne,"July 3, 2014","The cosmologist David Spergel explains why a widely publicized gravitational-wave discovery could be wrong, and how the “overreaching” study could affect the public’s perception of science.",cosmologist david spergel explains widely publicized gravitational wave discovery could wrong overreaching study could affect public perception science,"the cosmologist david spergel explains why a widely publicized gravitational-wave discovery could be wrong, and how the “overreaching” study could affect the public’s perception of science.",the cosmologist david spergel explains why a widely publicized gravitational wave discovery could be wrong and how the overreaching study could affect the public s perception of science,"['the', 'cosmologist', 'david', 'spergel', 'explains', 'why', 'a', 'widely', 'publicized', 'gravitational', 'wave', 'discovery', 'could', 'be', 'wrong', 'and', 'how', 'the', 'overreaching', 'study', 'could', 'affect', 'the', 'public', 's', 'perception', 'of', 'science']","['cosmologist', 'david', 'spergel', 'explains', 'widely', 'publicized', 'gravitational', 'wave', 'discovery', 'could', 'wrong', 'overreaching', 'study', 'could', 'affect', 'public', 'perception', 'science']","['cosmologist', 'david', 'spergel', 'explains', 'widely', 'publicized', 'gravitational', 'wave', 'discovery', 'could', 'wrong', 'overreaching', 'study', 'could', 'affect', 'public', 'perception', 'science']"
Early-Universe Explorer Looks for Answers,Peter Byrne,"July 3, 2014","Chao-Lin Kuo, who helped design the experiment that claimed to have found evidence of gravitational waves from the Big Bang, isn’t bothered by criticism that cosmic dust may account for his results.",chao lin kuo helped design experiment claimed found evidence gravitational wave big bang bothered criticism cosmic dust may account result,"chao-lin kuo, who helped design the experiment that claimed to have found evidence of gravitational waves from the big bang, isn’t bothered by criticism that cosmic dust may account for his results.",chao lin kuo who helped design the experiment that claimed to have found evidence of gravitational waves from the big bang isn t bothered by criticism that cosmic dust may account for his results,"['chao', 'lin', 'kuo', 'who', 'helped', 'design', 'the', 'experiment', 'that', 'claimed', 'to', 'have', 'found', 'evidence', 'of', 'gravitational', 'waves', 'from', 'the', 'big', 'bang', 'isn', 't', 'bothered', 'by', 'criticism', 'that', 'cosmic', 'dust', 'may', 'account', 'for', 'his', 'results']","['chao', 'lin', 'kuo', 'helped', 'design', 'experiment', 'claimed', 'found', 'evidence', 'gravitational', 'waves', 'big', 'bang', 'bothered', 'criticism', 'cosmic', 'dust', 'may', 'account', 'results']","['chao', 'lin', 'kuo', 'helped', 'design', 'experiment', 'claimed', 'found', 'evidence', 'gravitational', 'wave', 'big', 'bang', 'bothered', 'criticism', 'cosmic', 'dust', 'may', 'account', 'result']"
Fluid Tests Hint at Concrete Quantum Reality,Natalie Wolchover,"June 24, 2014",Surprising oil drop experiments suggest that the quantum world may not be as strange as advertised.,surprising oil drop experiment suggest quantum world may not strange advertised,surprising oil drop experiments suggest that the quantum world may not be as strange as advertised.,surprising oil drop experiments suggest that the quantum world may not be as strange as advertised,"['surprising', 'oil', 'drop', 'experiments', 'suggest', 'that', 'the', 'quantum', 'world', 'may', 'not', 'be', 'as', 'strange', 'as', 'advertised']","['surprising', 'oil', 'drop', 'experiments', 'suggest', 'quantum', 'world', 'may', 'not', 'strange', 'advertised']","['surprising', 'oil', 'drop', 'experiment', 'suggest', 'quantum', 'world', 'may', 'not', 'strange', 'advertised']"
"In a Grain, a Glimpse of the Cosmos",Natalie Wolchover,"June 13, 2014","When scientists traced a museum rock back to its origins, they uncovered mysteries about the early solar system.",scientist traced museum rock back origin uncovered mystery early solar system,"when scientists traced a museum rock back to its origins, they uncovered mysteries about the early solar system.",when scientists traced a museum rock back to its origins they uncovered mysteries about the early solar system,"['when', 'scientists', 'traced', 'a', 'museum', 'rock', 'back', 'to', 'its', 'origins', 'they', 'uncovered', 'mysteries', 'about', 'the', 'early', 'solar', 'system']","['scientists', 'traced', 'museum', 'rock', 'back', 'origins', 'uncovered', 'mysteries', 'early', 'solar', 'system']","['scientist', 'traced', 'museum', 'rock', 'back', 'origin', 'uncovered', 'mystery', 'early', 'solar', 'system']"
Physicists Prove Surprising Rule of Threes,Natalie Wolchover,"May 27, 2014","Three groups of experimentalists have independently observed a strange state of matter that forms from three particles of any type and at any scale, from practically infinitesimal to infinite.",three group experimentalists independently observed strange state matter form three particle type scale practically infinitesimal infinite,"three groups of experimentalists have independently observed a strange state of matter that forms from three particles of any type and at any scale, from practically infinitesimal to infinite.",three groups of experimentalists have independently observed a strange state of matter that forms from three particles of any type and at any scale from practically infinitesimal to infinite,"['three', 'groups', 'of', 'experimentalists', 'have', 'independently', 'observed', 'a', 'strange', 'state', 'of', 'matter', 'that', 'forms', 'from', 'three', 'particles', 'of', 'any', 'type', 'and', 'at', 'any', 'scale', 'from', 'practically', 'infinitesimal', 'to', 'infinite']","['three', 'groups', 'experimentalists', 'independently', 'observed', 'strange', 'state', 'matter', 'forms', 'three', 'particles', 'type', 'scale', 'practically', 'infinitesimal', 'infinite']","['three', 'group', 'experimentalists', 'independently', 'observed', 'strange', 'state', 'matter', 'form', 'three', 'particle', 'type', 'scale', 'practically', 'infinitesimal', 'infinite']"
Forging a Qubit to Rule Them All,Natalie Wolchover,"May 15, 2014","A scientist at Bell Labs has started construction of a topological qubit, which could be the building block of a robust, scalable quantum computer.",scientist bell lab started construction topological qubit could building block robust scalable quantum computer,"a scientist at bell labs has started construction of a topological qubit, which could be the building block of a robust, scalable quantum computer.",a scientist at bell labs has started construction of a topological qubit which could be the building block of a robust scalable quantum computer,"['a', 'scientist', 'at', 'bell', 'labs', 'has', 'started', 'construction', 'of', 'a', 'topological', 'qubit', 'which', 'could', 'be', 'the', 'building', 'block', 'of', 'a', 'robust', 'scalable', 'quantum', 'computer']","['scientist', 'bell', 'labs', 'started', 'construction', 'topological', 'qubit', 'could', 'building', 'block', 'robust', 'scalable', 'quantum', 'computer']","['scientist', 'bell', 'lab', 'started', 'construction', 'topological', 'qubit', 'could', 'building', 'block', 'robust', 'scalable', 'quantum', 'computer']"
Decoding the Secrets of Superconductivity,Natalie Wolchover,"April 30, 2014","Experimentalists have pinpointed the microscopic structure of waves inside high-temperature superconductors, which could be the key to understanding the complex materials.",experimentalists pinpointed microscopic structure wave inside high temperature superconductors could key understanding complex material,"experimentalists have pinpointed the microscopic structure of waves inside high-temperature superconductors, which could be the key to understanding the complex materials.",experimentalists have pinpointed the microscopic structure of waves inside high temperature superconductors which could be the key to understanding the complex materials,"['experimentalists', 'have', 'pinpointed', 'the', 'microscopic', 'structure', 'of', 'waves', 'inside', 'high', 'temperature', 'superconductors', 'which', 'could', 'be', 'the', 'key', 'to', 'understanding', 'the', 'complex', 'materials']","['experimentalists', 'pinpointed', 'microscopic', 'structure', 'waves', 'inside', 'high', 'temperature', 'superconductors', 'could', 'key', 'understanding', 'complex', 'materials']","['experimentalists', 'pinpointed', 'microscopic', 'structure', 'wave', 'inside', 'high', 'temperature', 'superconductors', 'could', 'key', 'understanding', 'complex', 'material']"
Time’s Arrow Traced to Quantum Source,Natalie Wolchover,"April 16, 2014","A new theory explains the seemingly irreversible arrow of time while yielding insights into entropy, quantum computers, black holes, and the past-future divide.",new theory explains seemingly irreversible arrow time yielding insight entropy quantum computer black hole past future divide,"a new theory explains the seemingly irreversible arrow of time while yielding insights into entropy, quantum computers, black holes, and the past-future divide.",a new theory explains the seemingly irreversible arrow of time while yielding insights into entropy quantum computers black holes and the past future divide,"['a', 'new', 'theory', 'explains', 'the', 'seemingly', 'irreversible', 'arrow', 'of', 'time', 'while', 'yielding', 'insights', 'into', 'entropy', 'quantum', 'computers', 'black', 'holes', 'and', 'the', 'past', 'future', 'divide']","['new', 'theory', 'explains', 'seemingly', 'irreversible', 'arrow', 'time', 'yielding', 'insights', 'entropy', 'quantum', 'computers', 'black', 'holes', 'past', 'future', 'divide']","['new', 'theory', 'explains', 'seemingly', 'irreversible', 'arrow', 'time', 'yielding', 'insight', 'entropy', 'quantum', 'computer', 'black', 'hole', 'past', 'future', 'divide']"
A Fundamental Theory to Model the Mind,Jennifer Ouellette,"April 3, 2014",Support is growing for a decades-old physics idea suggesting that localized episodes of disordered brain activity help keep the overall system in healthy balance.,support growing decade old physic idea suggesting localized episode disordered brain activity help keep overall system healthy balance,support is growing for a decades-old physics idea suggesting that localized episodes of disordered brain activity help keep the overall system in healthy balance.,support is growing for a decades old physics idea suggesting that localized episodes of disordered brain activity help keep the overall system in healthy balance,"['support', 'is', 'growing', 'for', 'a', 'decades', 'old', 'physics', 'idea', 'suggesting', 'that', 'localized', 'episodes', 'of', 'disordered', 'brain', 'activity', 'help', 'keep', 'the', 'overall', 'system', 'in', 'healthy', 'balance']","['support', 'growing', 'decades', 'old', 'physics', 'idea', 'suggesting', 'localized', 'episodes', 'disordered', 'brain', 'activity', 'help', 'keep', 'overall', 'system', 'healthy', 'balance']","['support', 'growing', 'decade', 'old', 'physic', 'idea', 'suggesting', 'localized', 'episode', 'disordered', 'brain', 'activity', 'help', 'keep', 'overall', 'system', 'healthy', 'balance']"
A ‘Rebel’ Without a Ph.D.,Thomas Lin,"March 26, 2014","A conversation with the mathematical physicist Freeman Dyson on quantum electrodynamics, climate change and his latest pet project.",conversation mathematical physicist freeman dyson quantum electrodynamics climate change latest pet project,"a conversation with the mathematical physicist freeman dyson on quantum electrodynamics, climate change and his latest pet project.",a conversation with the mathematical physicist freeman dyson on quantum electrodynamics climate change and his latest pet project,"['a', 'conversation', 'with', 'the', 'mathematical', 'physicist', 'freeman', 'dyson', 'on', 'quantum', 'electrodynamics', 'climate', 'change', 'and', 'his', 'latest', 'pet', 'project']","['conversation', 'mathematical', 'physicist', 'freeman', 'dyson', 'quantum', 'electrodynamics', 'climate', 'change', 'latest', 'pet', 'project']","['conversation', 'mathematical', 'physicist', 'freeman', 'dyson', 'quantum', 'electrodynamics', 'climate', 'change', 'latest', 'pet', 'project']"
Possible Echo of Big Bang Detected,Natalie Wolchover,"March 17, 2014","Scientists report the possible discovery of primordial gravitational waves, ripples in space-time that carry a record of how the universe began.",scientist report possible discovery primordial gravitational wave ripple space time carry record universe began,"scientists report the possible discovery of primordial gravitational waves, ripples in space-time that carry a record of how the universe began.",scientists report the possible discovery of primordial gravitational waves ripples in space time that carry a record of how the universe began,"['scientists', 'report', 'the', 'possible', 'discovery', 'of', 'primordial', 'gravitational', 'waves', 'ripples', 'in', 'space', 'time', 'that', 'carry', 'a', 'record', 'of', 'how', 'the', 'universe', 'began']","['scientists', 'report', 'possible', 'discovery', 'primordial', 'gravitational', 'waves', 'ripples', 'space', 'time', 'carry', 'record', 'universe', 'began']","['scientist', 'report', 'possible', 'discovery', 'primordial', 'gravitational', 'wave', 'ripple', 'space', 'time', 'carry', 'record', 'universe', 'began']"
Betting on the Future of Quantum Gravity,Natalie Wolchover,"March 14, 2014","New calculations suggest physicists may someday discover a fundamental theory of gravity, but it could require a radical new perspective on the universe.",new calculation suggest physicist may someday discover fundamental theory gravity could require radical new perspective universe,"new calculations suggest physicists may someday discover a fundamental theory of gravity, but it could require a radical new perspective on the universe.",new calculations suggest physicists may someday discover a fundamental theory of gravity but it could require a radical new perspective on the universe,"['new', 'calculations', 'suggest', 'physicists', 'may', 'someday', 'discover', 'a', 'fundamental', 'theory', 'of', 'gravity', 'but', 'it', 'could', 'require', 'a', 'radical', 'new', 'perspective', 'on', 'the', 'universe']","['new', 'calculations', 'suggest', 'physicists', 'may', 'someday', 'discover', 'fundamental', 'theory', 'gravity', 'could', 'require', 'radical', 'new', 'perspective', 'universe']","['new', 'calculation', 'suggest', 'physicist', 'may', 'someday', 'discover', 'fundamental', 'theory', 'gravity', 'could', 'require', 'radical', 'new', 'perspective', 'universe']"
Case for Dark Matter Signal Strengthens,Natalie Wolchover,"March 3, 2014",A new analysis strengthens the case that gamma rays emanating from the center of the Milky Way come from dark matter particles known as WIMPs.,new analysis strengthens case gamma ray emanating center milky way come dark matter particle known wimp,a new analysis strengthens the case that gamma rays emanating from the center of the milky way come from dark matter particles known as wimps.,a new analysis strengthens the case that gamma rays emanating from the center of the milky way come from dark matter particles known as wimps,"['a', 'new', 'analysis', 'strengthens', 'the', 'case', 'that', 'gamma', 'rays', 'emanating', 'from', 'the', 'center', 'of', 'the', 'milky', 'way', 'come', 'from', 'dark', 'matter', 'particles', 'known', 'as', 'wimps']","['new', 'analysis', 'strengthens', 'case', 'gamma', 'rays', 'emanating', 'center', 'milky', 'way', 'come', 'dark', 'matter', 'particles', 'known', 'wimps']","['new', 'analysis', 'strengthens', 'case', 'gamma', 'ray', 'emanating', 'center', 'milky', 'way', 'come', 'dark', 'matter', 'particle', 'known', 'wimp']"
A Fluid New Path in Grand Math Challenge,Erica Klarreich,"February 24, 2014",A daring speculation offers a potential way forward in one of the great unsolved problems of mathematics: the behavior of the Navier-Stokes equations for fluid flow.,daring speculation offer potential way forward one great unsolved problem mathematics behavior navier stokes equation fluid flow,a daring speculation offers a potential way forward in one of the great unsolved problems of mathematics: the behavior of the navier-stokes equations for fluid flow.,a daring speculation offers a potential way forward in one of the great unsolved problems of mathematics the behavior of the navier stokes equations for fluid flow,"['a', 'daring', 'speculation', 'offers', 'a', 'potential', 'way', 'forward', 'in', 'one', 'of', 'the', 'great', 'unsolved', 'problems', 'of', 'mathematics', 'the', 'behavior', 'of', 'the', 'navier', 'stokes', 'equations', 'for', 'fluid', 'flow']","['daring', 'speculation', 'offers', 'potential', 'way', 'forward', 'one', 'great', 'unsolved', 'problems', 'mathematics', 'behavior', 'navier', 'stokes', 'equations', 'fluid', 'flow']","['daring', 'speculation', 'offer', 'potential', 'way', 'forward', 'one', 'great', 'unsolved', 'problem', 'mathematics', 'behavior', 'navier', 'stokes', 'equation', 'fluid', 'flow']"
Big Bang Secrets Swirling in a Fluid Universe,Natalie Wolchover,"February 12, 2014","With a new approach that treats the universe as a fluid, cosmologists plan to tease out the fine details of the Big Bang from its behavior and evolution.",new approach treat universe fluid cosmologist plan tease fine detail big bang behavior evolution,"with a new approach that treats the universe as a fluid, cosmologists plan to tease out the fine details of the big bang from its behavior and evolution.",with a new approach that treats the universe as a fluid cosmologists plan to tease out the fine details of the big bang from its behavior and evolution,"['with', 'a', 'new', 'approach', 'that', 'treats', 'the', 'universe', 'as', 'a', 'fluid', 'cosmologists', 'plan', 'to', 'tease', 'out', 'the', 'fine', 'details', 'of', 'the', 'big', 'bang', 'from', 'its', 'behavior', 'and', 'evolution']","['new', 'approach', 'treats', 'universe', 'fluid', 'cosmologists', 'plan', 'tease', 'fine', 'details', 'big', 'bang', 'behavior', 'evolution']","['new', 'approach', 'treat', 'universe', 'fluid', 'cosmologist', 'plan', 'tease', 'fine', 'detail', 'big', 'bang', 'behavior', 'evolution']"
A New Physics Theory of Life,Natalie Wolchover,"January 22, 2014",An MIT physicist has proposed the provocative idea that life exists because the law of increasing entropy drives matter to acquire lifelike physical properties.,mit physicist proposed provocative idea life exists law increasing entropy drive matter acquire lifelike physical property,an mit physicist has proposed the provocative idea that life exists because the law of increasing entropy drives matter to acquire lifelike physical properties.,an mit physicist has proposed the provocative idea that life exists because the law of increasing entropy drives matter to acquire lifelike physical properties,"['an', 'mit', 'physicist', 'has', 'proposed', 'the', 'provocative', 'idea', 'that', 'life', 'exists', 'because', 'the', 'law', 'of', 'increasing', 'entropy', 'drives', 'matter', 'to', 'acquire', 'lifelike', 'physical', 'properties']","['mit', 'physicist', 'proposed', 'provocative', 'idea', 'life', 'exists', 'law', 'increasing', 'entropy', 'drives', 'matter', 'acquire', 'lifelike', 'physical', 'properties']","['mit', 'physicist', 'proposed', 'provocative', 'idea', 'life', 'exists', 'law', 'increasing', 'entropy', 'drive', 'matter', 'acquire', 'lifelike', 'physical', 'property']"
Could Knots Unravel Mysteries of Fluid Flow?,Natalie Wolchover,"December 9, 2013","By investigating the central role played by knots in fluids and fields, physicists hope to unravel long-standing mysteries of turbulence.",investigating central role played knot fluid field physicist hope unravel long standing mystery turbulence,"by investigating the central role played by knots in fluids and fields, physicists hope to unravel long-standing mysteries of turbulence.",by investigating the central role played by knots in fluids and fields physicists hope to unravel long standing mysteries of turbulence,"['by', 'investigating', 'the', 'central', 'role', 'played', 'by', 'knots', 'in', 'fluids', 'and', 'fields', 'physicists', 'hope', 'to', 'unravel', 'long', 'standing', 'mysteries', 'of', 'turbulence']","['investigating', 'central', 'role', 'played', 'knots', 'fluids', 'fields', 'physicists', 'hope', 'unravel', 'long', 'standing', 'mysteries', 'turbulence']","['investigating', 'central', 'role', 'played', 'knot', 'fluid', 'field', 'physicist', 'hope', 'unravel', 'long', 'standing', 'mystery', 'turbulence']"
Physicists Eye Quantum-Gravity Interface,Natalie Wolchover,"October 31, 2013",Physicists have devised experiments that can probe the interface between quantum mechanics and general relativity.,physicist devised experiment probe interface quantum mechanic general relativity,physicists have devised experiments that can probe the interface between quantum mechanics and general relativity.,physicists have devised experiments that can probe the interface between quantum mechanics and general relativity,"['physicists', 'have', 'devised', 'experiments', 'that', 'can', 'probe', 'the', 'interface', 'between', 'quantum', 'mechanics', 'and', 'general', 'relativity']","['physicists', 'devised', 'experiments', 'probe', 'interface', 'quantum', 'mechanics', 'general', 'relativity']","['physicist', 'devised', 'experiment', 'probe', 'interface', 'quantum', 'mechanic', 'general', 'relativity']"
Search Escalates for Key to Why Matter Exists,Natalie Wolchover,"October 15, 2013",Physicists have completed a new round of searches for the answer to why matter dominates over antimatter. But the radioactive decay that would solve the puzzle is evading them.,physicist completed new round search answer matter dominates antimatter radioactive decay would solve puzzle evading,physicists have completed a new round of searches for the answer to why matter dominates over antimatter. but the radioactive decay that would solve the puzzle is evading them.,physicists have completed a new round of searches for the answer to why matter dominates over antimatter but the radioactive decay that would solve the puzzle is evading them,"['physicists', 'have', 'completed', 'a', 'new', 'round', 'of', 'searches', 'for', 'the', 'answer', 'to', 'why', 'matter', 'dominates', 'over', 'antimatter', 'but', 'the', 'radioactive', 'decay', 'that', 'would', 'solve', 'the', 'puzzle', 'is', 'evading', 'them']","['physicists', 'completed', 'new', 'round', 'searches', 'answer', 'matter', 'dominates', 'antimatter', 'radioactive', 'decay', 'would', 'solve', 'puzzle', 'evading']","['physicist', 'completed', 'new', 'round', 'search', 'answer', 'matter', 'dominates', 'antimatter', 'radioactive', 'decay', 'would', 'solve', 'puzzle', 'evading']"
"A Digital Copy of the Universe, Encrypted",Natalie Wolchover,"October 2, 2013","As physics prepares for ambitious projects like the Large Synoptic Survey Telescope, the field is seeking new methods of data-driven discovery.",physic prepares ambitious project like large synoptic survey telescope field seeking new method data driven discovery,"as physics prepares for ambitious projects like the large synoptic survey telescope, the field is seeking new methods of data-driven discovery.",as physics prepares for ambitious projects like the large synoptic survey telescope the field is seeking new methods of data driven discovery,"['as', 'physics', 'prepares', 'for', 'ambitious', 'projects', 'like', 'the', 'large', 'synoptic', 'survey', 'telescope', 'the', 'field', 'is', 'seeking', 'new', 'methods', 'of', 'data', 'driven', 'discovery']","['physics', 'prepares', 'ambitious', 'projects', 'like', 'large', 'synoptic', 'survey', 'telescope', 'field', 'seeking', 'new', 'methods', 'data', 'driven', 'discovery']","['physic', 'prepares', 'ambitious', 'project', 'like', 'large', 'synoptic', 'survey', 'telescope', 'field', 'seeking', 'new', 'method', 'data', 'driven', 'discovery']"
A Jewel at the Heart of Quantum Physics,Natalie Wolchover,"September 17, 2013",Physicists have discovered a jewel-shaped geometric object that challenges the notion that space and time are fundamental constituents of nature.,physicist discovered jewel shaped geometric object challenge notion space time fundamental constituent nature,physicists have discovered a jewel-shaped geometric object that challenges the notion that space and time are fundamental constituents of nature.,physicists have discovered a jewel shaped geometric object that challenges the notion that space and time are fundamental constituents of nature,"['physicists', 'have', 'discovered', 'a', 'jewel', 'shaped', 'geometric', 'object', 'that', 'challenges', 'the', 'notion', 'that', 'space', 'and', 'time', 'are', 'fundamental', 'constituents', 'of', 'nature']","['physicists', 'discovered', 'jewel', 'shaped', 'geometric', 'object', 'challenges', 'notion', 'space', 'time', 'fundamental', 'constituents', 'nature']","['physicist', 'discovered', 'jewel', 'shaped', 'geometric', 'object', 'challenge', 'notion', 'space', 'time', 'fundamental', 'constituent', 'nature']"
Physicists Close In on ‘Perfect’ Optical Lens,Natalie Wolchover,"August 8, 2013",Researchers are making progress toward a “perfect lens” that will be able to resolve an organelle assembling a protein or a virus attacking a cell.,researcher making progress toward perfect lens able resolve organelle assembling protein virus attacking cell,researchers are making progress toward a “perfect lens” that will be able to resolve an organelle assembling a protein or a virus attacking a cell.,researchers are making progress toward a perfect lens that will be able to resolve an organelle assembling a protein or a virus attacking a cell,"['researchers', 'are', 'making', 'progress', 'toward', 'a', 'perfect', 'lens', 'that', 'will', 'be', 'able', 'to', 'resolve', 'an', 'organelle', 'assembling', 'a', 'protein', 'or', 'a', 'virus', 'attacking', 'a', 'cell']","['researchers', 'making', 'progress', 'toward', 'perfect', 'lens', 'able', 'resolve', 'organelle', 'assembling', 'protein', 'virus', 'attacking', 'cell']","['researcher', 'making', 'progress', 'toward', 'perfect', 'lens', 'able', 'resolve', 'organelle', 'assembling', 'protein', 'virus', 'attacking', 'cell']"
In Pursuit of Quantum Biology With Birgitta Whaley,Peter Byrne,"July 30, 2013",An interview with the Berkeley chemist K. Birgitta Whaley on the promise and challenge of translating quantum biology into practical quantum devices.,interview berkeley chemist k birgitta whaley promise challenge translating quantum biology practical quantum device,an interview with the berkeley chemist k. birgitta whaley on the promise and challenge of translating quantum biology into practical quantum devices.,an interview with the berkeley chemist k birgitta whaley on the promise and challenge of translating quantum biology into practical quantum devices,"['an', 'interview', 'with', 'the', 'berkeley', 'chemist', 'k', 'birgitta', 'whaley', 'on', 'the', 'promise', 'and', 'challenge', 'of', 'translating', 'quantum', 'biology', 'into', 'practical', 'quantum', 'devices']","['interview', 'berkeley', 'chemist', 'k', 'birgitta', 'whaley', 'promise', 'challenge', 'translating', 'quantum', 'biology', 'practical', 'quantum', 'devices']","['interview', 'berkeley', 'chemist', 'k', 'birgitta', 'whaley', 'promise', 'challenge', 'translating', 'quantum', 'biology', 'practical', 'quantum', 'device']"
"In the Hunt for Dark Matter, Promises to Keep?",Jennifer Ouellette,"July 18, 2013",Whispers of the elusive particles are becoming stronger with a series of signals that appear to be zeroing in on a leading contender.,whisper elusive particle becoming stronger series signal appear zeroing leading contender,whispers of the elusive particles are becoming stronger with a series of signals that appear to be zeroing in on a leading contender.,whispers of the elusive particles are becoming stronger with a series of signals that appear to be zeroing in on a leading contender,"['whispers', 'of', 'the', 'elusive', 'particles', 'are', 'becoming', 'stronger', 'with', 'a', 'series', 'of', 'signals', 'that', 'appear', 'to', 'be', 'zeroing', 'in', 'on', 'a', 'leading', 'contender']","['whispers', 'elusive', 'particles', 'becoming', 'stronger', 'series', 'signals', 'appear', 'zeroing', 'leading', 'contender']","['whisper', 'elusive', 'particle', 'becoming', 'stronger', 'series', 'signal', 'appear', 'zeroing', 'leading', 'contender']"
"Signs of a Stranger, Deeper Side to Nature’s Building Blocks",Natalie Wolchover,"July 1, 2013",New findings suggest that beneath the surface of quantum theory lies a vibrant string theory world where some matter corresponds to black holes in higher dimensions.,new finding suggest beneath surface quantum theory lie vibrant string theory world matter corresponds black hole higher dimension,new findings suggest that beneath the surface of quantum theory lies a vibrant string theory world where some matter corresponds to black holes in higher dimensions.,new findings suggest that beneath the surface of quantum theory lies a vibrant string theory world where some matter corresponds to black holes in higher dimensions,"['new', 'findings', 'suggest', 'that', 'beneath', 'the', 'surface', 'of', 'quantum', 'theory', 'lies', 'a', 'vibrant', 'string', 'theory', 'world', 'where', 'some', 'matter', 'corresponds', 'to', 'black', 'holes', 'in', 'higher', 'dimensions']","['new', 'findings', 'suggest', 'beneath', 'surface', 'quantum', 'theory', 'lies', 'vibrant', 'string', 'theory', 'world', 'matter', 'corresponds', 'black', 'holes', 'higher', 'dimensions']","['new', 'finding', 'suggest', 'beneath', 'surface', 'quantum', 'theory', 'lie', 'vibrant', 'string', 'theory', 'world', 'matter', 'corresponds', 'black', 'hole', 'higher', 'dimension']"
"In Lopsided Map of the Cosmos, a Glimmer of Its Origins",Natalie Wolchover,"June 24, 2013",Theoretical cosmologists are piecing together a cosmic origin story from a surprising anomaly in the recently released Planck satellite image.,theoretical cosmologist piecing together cosmic origin story surprising anomaly recently released planck satellite image,theoretical cosmologists are piecing together a cosmic origin story from a surprising anomaly in the recently released planck satellite image.,theoretical cosmologists are piecing together a cosmic origin story from a surprising anomaly in the recently released planck satellite image,"['theoretical', 'cosmologists', 'are', 'piecing', 'together', 'a', 'cosmic', 'origin', 'story', 'from', 'a', 'surprising', 'anomaly', 'in', 'the', 'recently', 'released', 'planck', 'satellite', 'image']","['theoretical', 'cosmologists', 'piecing', 'together', 'cosmic', 'origin', 'story', 'surprising', 'anomaly', 'recently', 'released', 'planck', 'satellite', 'image']","['theoretical', 'cosmologist', 'piecing', 'together', 'cosmic', 'origin', 'story', 'surprising', 'anomaly', 'recently', 'released', 'planck', 'satellite', 'image']"
Is Nature Unnatural?,Natalie Wolchover,"May 24, 2013",Decades of confounding experiments have physicists considering a startling possibility: The universe might not make sense.,decade confounding experiment physicist considering startling possibility universe might not make sense,decades of confounding experiments have physicists considering a startling possibility: the universe might not make sense.,decades of confounding experiments have physicists considering a startling possibility the universe might not make sense,"['decades', 'of', 'confounding', 'experiments', 'have', 'physicists', 'considering', 'a', 'startling', 'possibility', 'the', 'universe', 'might', 'not', 'make', 'sense']","['decades', 'confounding', 'experiments', 'physicists', 'considering', 'startling', 'possibility', 'universe', 'might', 'not', 'make', 'sense']","['decade', 'confounding', 'experiment', 'physicist', 'considering', 'startling', 'possibility', 'universe', 'might', 'not', 'make', 'sense']"
Waiting for the Revolution,Peter Byrne,"May 24, 2013",An interview with the Nobel Prize-winner David J. Gross on the confusing state of theoretical physics.,interview nobel prize winner david j gross confusing state theoretical physic,an interview with the nobel prize-winner david j. gross on the confusing state of theoretical physics.,an interview with the nobel prize winner david j gross on the confusing state of theoretical physics,"['an', 'interview', 'with', 'the', 'nobel', 'prize', 'winner', 'david', 'j', 'gross', 'on', 'the', 'confusing', 'state', 'of', 'theoretical', 'physics']","['interview', 'nobel', 'prize', 'winner', 'david', 'j', 'gross', 'confusing', 'state', 'theoretical', 'physics']","['interview', 'nobel', 'prize', 'winner', 'david', 'j', 'gross', 'confusing', 'state', 'theoretical', 'physic']"
Perpetual Motion Test Could Amend Theory of Time,Natalie Wolchover,"April 25, 2013",A radical theory predicting the existence of “time crystals” — perpetual motion objects that break the symmetry of time — is being put to the test.,radical theory predicting existence time crystal perpetual motion object break symmetry time put test,a radical theory predicting the existence of “time crystals” — perpetual motion objects that break the symmetry of time — is being put to the test.,a radical theory predicting the existence of time crystals perpetual motion objects that break the symmetry of time is being put to the test,"['a', 'radical', 'theory', 'predicting', 'the', 'existence', 'of', 'time', 'crystals', 'perpetual', 'motion', 'objects', 'that', 'break', 'the', 'symmetry', 'of', 'time', 'is', 'being', 'put', 'to', 'the', 'test']","['radical', 'theory', 'predicting', 'existence', 'time', 'crystals', 'perpetual', 'motion', 'objects', 'break', 'symmetry', 'time', 'put', 'test']","['radical', 'theory', 'predicting', 'existence', 'time', 'crystal', 'perpetual', 'motion', 'object', 'break', 'symmetry', 'time', 'put', 'test']"
Solid or Liquid? Physicists Redefine States of Matter,Natalie Wolchover,"April 3, 2013","Glass and other strange materials have long confounded textbook definitions of what it means to be solid. Now, two groups of physicists propose a new solution to the riddle.",glass strange material long confounded textbook definition mean solid two group physicist propose new solution riddle,"glass and other strange materials have long confounded textbook definitions of what it means to be solid. now, two groups of physicists propose a new solution to the riddle.",glass and other strange materials have long confounded textbook definitions of what it means to be solid now two groups of physicists propose a new solution to the riddle,"['glass', 'and', 'other', 'strange', 'materials', 'have', 'long', 'confounded', 'textbook', 'definitions', 'of', 'what', 'it', 'means', 'to', 'be', 'solid', 'now', 'two', 'groups', 'of', 'physicists', 'propose', 'a', 'new', 'solution', 'to', 'the', 'riddle']","['glass', 'strange', 'materials', 'long', 'confounded', 'textbook', 'definitions', 'means', 'solid', 'two', 'groups', 'physicists', 'propose', 'new', 'solution', 'riddle']","['glass', 'strange', 'material', 'long', 'confounded', 'textbook', 'definition', 'mean', 'solid', 'two', 'group', 'physicist', 'propose', 'new', 'solution', 'riddle']"
Peering Into the Early Universe,Natalie Wolchover,"March 7, 2013",Three “extremely large telescopes” poised to begin observations within a decade could help answer some of the universe’s oldest and best-kept secrets.,three extremely large telescope poised begin observation within decade could help answer universe oldest best kept secret,three “extremely large telescopes” poised to begin observations within a decade could help answer some of the universe’s oldest and best-kept secrets.,three extremely large telescopes poised to begin observations within a decade could help answer some of the universe s oldest and best kept secrets,"['three', 'extremely', 'large', 'telescopes', 'poised', 'to', 'begin', 'observations', 'within', 'a', 'decade', 'could', 'help', 'answer', 'some', 'of', 'the', 'universe', 's', 'oldest', 'and', 'best', 'kept', 'secrets']","['three', 'extremely', 'large', 'telescopes', 'poised', 'begin', 'observations', 'within', 'decade', 'could', 'help', 'answer', 'universe', 'oldest', 'best', 'kept', 'secrets']","['three', 'extremely', 'large', 'telescope', 'poised', 'begin', 'observation', 'within', 'decade', 'could', 'help', 'answer', 'universe', 'oldest', 'best', 'kept', 'secret']"
Alice and Bob Meet the Wall of Fire,Jennifer Ouellette,"December 21, 2012","If a new hypothesis about black hole firewalls proves correct, at least one of three cherished notions in theoretical physics must be wrong.",new hypothesis black hole firewall prof correct least one three cherished notion theoretical physic must wrong,"if a new hypothesis about black hole firewalls proves correct, at least one of three cherished notions in theoretical physics must be wrong.",if a new hypothesis about black hole firewalls proves correct at least one of three cherished notions in theoretical physics must be wrong,"['if', 'a', 'new', 'hypothesis', 'about', 'black', 'hole', 'firewalls', 'proves', 'correct', 'at', 'least', 'one', 'of', 'three', 'cherished', 'notions', 'in', 'theoretical', 'physics', 'must', 'be', 'wrong']","['new', 'hypothesis', 'black', 'hole', 'firewalls', 'proves', 'correct', 'least', 'one', 'three', 'cherished', 'notions', 'theoretical', 'physics', 'must', 'wrong']","['new', 'hypothesis', 'black', 'hole', 'firewall', 'prof', 'correct', 'least', 'one', 'three', 'cherished', 'notion', 'theoretical', 'physic', 'must', 'wrong']"
